nohup: ignoring input
INFO:phase1_inference_with_policy_fixed:Device: cuda
/home/dwijenayake/pv_forecast_30d/src/inference/phase1_inference_with_policy_fixed.py:154: FutureWarning: You are using `torch.load` with `weights_only=False` (the current default value), which uses the default pickle module implicitly. It is possible to construct malicious pickle data which will execute arbitrary code during unpickling (See https://github.com/pytorch/pytorch/blob/main/SECURITY.md#untrusted-models for more details). In a future release, the default value for `weights_only` will be flipped to `True`. This limits the functions that could be executed during unpickling. Arbitrary objects will no longer be allowed to be loaded via this mode unless they are explicitly allowlisted by the user via `torch.serialization.add_safe_globals`. We recommend you start setting `weights_only=True` for any use case where you don't have full control of the loaded file. Please open an issue on GitHub for any issues related to this experimental feature.
  ckpt_obj = torch.load(args.policy_ckpt, map_location="cpu")
/home/dwijenayake/.venvs/pvforecast/lib/python3.12/site-packages/lightning/pytorch/utilities/parsing.py:209: Attribute 'loss' is an instance of `nn.Module` and is already saved during checkpointing. It is recommended to ignore them using `self.save_hyperparameters(ignore=['loss'])`.
/home/dwijenayake/.venvs/pvforecast/lib/python3.12/site-packages/lightning/pytorch/utilities/parsing.py:209: Attribute 'logging_metrics' is an instance of `nn.Module` and is already saved during checkpointing. It is recommended to ignore them using `self.save_hyperparameters(ignore=['logging_metrics'])`.
/home/dwijenayake/pv_forecast_30d/src/inference/tft_utils.py:330: FutureWarning: You are using `torch.load` with `weights_only=False` (the current default value), which uses the default pickle module implicitly. It is possible to construct malicious pickle data which will execute arbitrary code during unpickling (See https://github.com/pytorch/pytorch/blob/main/SECURITY.md#untrusted-models for more details). In a future release, the default value for `weights_only` will be flipped to `True`. This limits the functions that could be executed during unpickling. Arbitrary objects will no longer be allowed to be loaded via this mode unless they are explicitly allowlisted by the user via `torch.serialization.add_safe_globals`. We recommend you start setting `weights_only=True` for any use case where you don't have full control of the loaded file. Please open an issue on GitHub for any issues related to this experimental feature.
  obj = torch.load(ckpt_path, map_location="cpu")
/home/dwijenayake/pv_forecast_30d/src/inference/physics_aware_forecaster.py:386: FutureWarning: 'H' is deprecated and will be removed in a future version, please use 'h' instead.
  hourly_hist = historical_df[['timestamp_utc'] + hist_numeric_cols].set_index('timestamp_utc').resample('1H').mean().reset_index()
/home/dwijenayake/pv_forecast_30d/src/inference/physics_aware_forecaster.py:387: FutureWarning: 'H' is deprecated and will be removed in a future version, please use 'h' instead.
  hourly_weather = weather_df[['timestamp_utc'] + weather_numeric_cols].set_index('timestamp_utc').resample('1H').mean().reset_index()
/home/dwijenayake/pv_forecast_30d/src/inference/physics_aware_forecaster.py:386: FutureWarning: 'H' is deprecated and will be removed in a future version, please use 'h' instead.
  hourly_hist = historical_df[['timestamp_utc'] + hist_numeric_cols].set_index('timestamp_utc').resample('1H').mean().reset_index()
/home/dwijenayake/pv_forecast_30d/src/inference/physics_aware_forecaster.py:387: FutureWarning: 'H' is deprecated and will be removed in a future version, please use 'h' instead.
  hourly_weather = weather_df[['timestamp_utc'] + weather_numeric_cols].set_index('timestamp_utc').resample('1H').mean().reset_index()
/home/dwijenayake/pv_forecast_30d/src/inference/physics_aware_forecaster.py:386: FutureWarning: 'H' is deprecated and will be removed in a future version, please use 'h' instead.
  hourly_hist = historical_df[['timestamp_utc'] + hist_numeric_cols].set_index('timestamp_utc').resample('1H').mean().reset_index()
/home/dwijenayake/pv_forecast_30d/src/inference/physics_aware_forecaster.py:387: FutureWarning: 'H' is deprecated and will be removed in a future version, please use 'h' instead.
  hourly_weather = weather_df[['timestamp_utc'] + weather_numeric_cols].set_index('timestamp_utc').resample('1H').mean().reset_index()
/home/dwijenayake/pv_forecast_30d/src/inference/physics_aware_forecaster.py:386: FutureWarning: 'H' is deprecated and will be removed in a future version, please use 'h' instead.
  hourly_hist = historical_df[['timestamp_utc'] + hist_numeric_cols].set_index('timestamp_utc').resample('1H').mean().reset_index()
/home/dwijenayake/pv_forecast_30d/src/inference/physics_aware_forecaster.py:387: FutureWarning: 'H' is deprecated and will be removed in a future version, please use 'h' instead.
  hourly_weather = weather_df[['timestamp_utc'] + weather_numeric_cols].set_index('timestamp_utc').resample('1H').mean().reset_index()
[INFO] Initializing PhysicsAwareForecaster on cuda
[INFO] Loading TFT configurations...
[INFO] Loading training datasets for normalization...
       Short-head dataset: encoder=96, pred=96
       Long-head dataset: encoder=168, pred=720
[INFO] Loading TFT models...
       Short-head model loaded from checkpoints
       Long-head model loaded from checkpoints
[INFO] PVLib predictor ready for plant_03
[INFO] GPU: NVIDIA L4
[INFO] Models confirmed on GPU: cuda:0
[INFO] RL Meta-Controller initialized (mode=heuristic)
[INFO] PhysicsAwareForecaster initialized successfully

[INFO] Hierarchical 30-day forecast starting 2024-01-01 00:00:00+00:00
[INFO] Fetching live weather from OpenMeteo API...
                [Auto-selected ECMWF API for 15-day forecast]
[WeatherClient] Fetching 15-day ECMWF forecast
                Location: (48.6946°N, 12.5976°E)
                Period: 2024-01-01 → 2024-01-16
                Tilt/Azimuth: 25.0° / 180.0°
                API: ECMWF
[ERROR] Live weather fetch failed: OpenMeteo API call failed: {'error': True, 'reason': "Parameter 'start_date' is out of allowed range from 2025-10-06 to 2026-01-22"}
[ERROR] Falling back to test weather data if available
       Architecture: Long-head (strategic) + 30× Short-head (tactical) + Physics

[PREP] Preparing data for multi-resolution inference...
       Input frequency detected: 15min
       Resampling to hourly for long-head...
       Hourly shape: historical=(168, 28), weather=(720, 32)

[STEP 1/4] Computing PVLib physics baseline (2880 steps @ 15-min)...
          Weather window: 2880 steps (2024-01-01 00:00:00+00:00 → 2024-01-30 23:45:00+00:00)
          Using pre-computed PVLib baseline (pvlib_ac_kw column)
          PVLib shape: (2880,), range: [0.000, 0.691]

[STEP 2/4] Running long-head TFT (strategic: 720 hours @ 1-hour)...
          Long-head shape: (720,)
          Upsampling long-head to 15-min resolution...
          Long upsampled shape: (2880,)

[STEP 3/4] Rolling short-head refinement (30 days × 96 steps)...
          Day  5/30: α_short=0.65, α_long=0.35, α_ml=0.69
          Day 10/30: α_short=0.50, α_long=0.50, α_ml=0.66
          Day 15/30: α_short=0.35, α_long=0.65, α_ml=0.64
          Day 20/30: α_short=0.35, α_long=0.65, α_ml=0.61
          Day 25/30: α_short=0.35, α_long=0.65, α_ml=0.59
          Day 30/30: α_short=0.35, α_long=0.65, α_ml=0.56
          Final forecast shape: (2880,)
          Final range: [0.000, 0.414]

[STEP 4/4] Validation...
         ✓ Shape correct (2880 steps)
         ✓ Range valid [0.000, 0.414]
         ✓ All night hours zero
         ✓ Daylight mean: 0.177

[SUCCESS] Hierarchical 30-day forecast complete!
          Total TFT calls: 1 long-head + 30 short-head = 31

[INFO] Hierarchical 30-day forecast starting 2024-01-02 00:00:00+00:00
[INFO] Fetching live weather from OpenMeteo API...
                [Auto-selected ECMWF API for 15-day forecast]
[WeatherClient] Fetching 15-day ECMWF forecast
                Location: (48.6946°N, 12.5976°E)
                Period: 2024-01-02 → 2024-01-17
                Tilt/Azimuth: 25.0° / 180.0°
                API: ECMWF
[ERROR] Live weather fetch failed: OpenMeteo API call failed: {'error': True, 'reason': "Parameter 'start_date' is out of allowed range from 2025-10-06 to 2026-01-22"}
[ERROR] Falling back to test weather data if available
       Architecture: Long-head (strategic) + 30× Short-head (tactical) + Physics

[PREP] Preparing data for multi-resolution inference...
       Input frequency detected: 15min
       Resampling to hourly for long-head...
       Hourly shape: historical=(192, 28), weather=(720, 32)

[STEP 1/4] Computing PVLib physics baseline (2880 steps @ 15-min)...
          Weather window: 2880 steps (2024-01-02 00:00:00+00:00 → 2024-01-31 23:45:00+00:00)
          Using pre-computed PVLib baseline (pvlib_ac_kw column)
          PVLib shape: (2880,), range: [0.000, 0.691]

[STEP 2/4] Running long-head TFT (strategic: 720 hours @ 1-hour)...
          Long-head shape: (720,)
          Upsampling long-head to 15-min resolution...
          Long upsampled shape: (2880,)

[STEP 3/4] Rolling short-head refinement (30 days × 96 steps)...
          Day  5/30: α_short=0.65, α_long=0.35, α_ml=0.69
          Day 10/30: α_short=0.50, α_long=0.50, α_ml=0.66
          Day 15/30: α_short=0.35, α_long=0.65, α_ml=0.64
          Day 20/30: α_short=0.35, α_long=0.65, α_ml=0.61
          Day 25/30: α_short=0.35, α_long=0.65, α_ml=0.59
          Day 30/30: α_short=0.35, α_long=0.65, α_ml=0.56
          Final forecast shape: (2880,)
          Final range: [0.000, 0.412]

[STEP 4/4] Validation...
         ✓ Shape correct (2880 steps)
         ✓ Range valid [0.000, 0.412]
         ✓ All night hours zero
         ✓ Daylight mean: 0.174

[SUCCESS] Hierarchical 30-day forecast complete!
          Total TFT calls: 1 long-head + 30 short-head = 31

[INFO] Hierarchical 30-day forecast starting 2024-01-03 00:00:00+00:00
[INFO] Fetching live weather from OpenMeteo API...
                [Auto-selected ECMWF API for 15-day forecast]
[WeatherClient] Fetching 15-day ECMWF forecast
                Location: (48.6946°N, 12.5976°E)
                Period: 2024-01-03 → 2024-01-18
                Tilt/Azimuth: 25.0° / 180.0°
                API: ECMWF
[ERROR] Live weather fetch failed: OpenMeteo API call failed: {'error': True, 'reason': "Parameter 'start_date' is out of allowed range from 2025-10-06 to 2026-01-22"}
[ERROR] Falling back to test weather data if available
       Architecture: Long-head (strategic) + 30× Short-head (tactical) + Physics

[PREP] Preparing data for multi-resolution inference...
       Input frequency detected: 15min
       Resampling to hourly for long-head...
       Hourly shape: historical=(216, 28), weather=(720, 32)

[STEP 1/4] Computing PVLib physics baseline (2880 steps @ 15-min)...
          Weather window: 2880 steps (2024-01-03 00:00:00+00:00 → 2024-02-01 23:45:00+00:00)
          Using pre-computed PVLib baseline (pvlib_ac_kw column)
          PVLib shape: (2880,), range: [0.000, 0.691]

[STEP 2/4] Running long-head TFT (strategic: 720 hours @ 1-hour)...
          Long-head shape: (720,)
          Upsampling long-head to 15-min resolution...
          Long upsampled shape: (2880,)

[STEP 3/4] Rolling short-head refinement (30 days × 96 steps)...
          Day  5/30: α_short=0.65, α_long=0.35, α_ml=0.69
          Day 10/30: α_short=0.50, α_long=0.50, α_ml=0.66
          Day 15/30: α_short=0.35, α_long=0.65, α_ml=0.64
          Day 20/30: α_short=0.35, α_long=0.65, α_ml=0.61
          Day 25/30: α_short=0.35, α_long=0.65, α_ml=0.59
          Day 30/30: α_short=0.35, α_long=0.65, α_ml=0.56
          Final forecast shape: (2880,)
          Final range: [0.000, 0.410]

[STEP 4/4] Validation...
         ✓ Shape correct (2880 steps)
         ✓ Range valid [0.000, 0.410]
         ✓ All night hours zero
         ✓ Daylight mean: 0.172

[SUCCESS] Hierarchical 30-day forecast complete!
          Total TFT calls: 1 long-head + 30 short-head = 31

[INFO] Hierarchical 30-day forecast starting 2024-01-04 00:00:00+00:00
[INFO] Fetching live weather from OpenMeteo API...
                [Auto-selected ECMWF API for 15-day forecast]
[WeatherClient] Fetching 15-day ECMWF forecast
                Location: (48.6946°N, 12.5976°E)
                Period: 2024-01-04 → 2024-01-19
                Tilt/Azimuth: 25.0° / 180.0°
                API: ECMWF
[ERROR] Live weather fetch failed: OpenMeteo API call failed: {'error': True, 'reason': "Parameter 'start_date' is out of allowed range from 2025-10-06 to 2026-01-22"}
[ERROR] Falling back to test weather data if available
       Architecture: Long-head (strategic) + 30× Short-head (tactical) + Physics

[PREP] Preparing data for multi-resolution inference...
       Input frequency detected: 15min
       Resampling to hourly for long-head...
       Hourly shape: historical=(240, 28), weather=(720, 32)

[STEP 1/4] Computing PVLib physics baseline (2880 steps @ 15-min)...
/home/dwijenayake/pv_forecast_30d/src/inference/physics_aware_forecaster.py:386: FutureWarning: 'H' is deprecated and will be removed in a future version, please use 'h' instead.
  hourly_hist = historical_df[['timestamp_utc'] + hist_numeric_cols].set_index('timestamp_utc').resample('1H').mean().reset_index()
/home/dwijenayake/pv_forecast_30d/src/inference/physics_aware_forecaster.py:387: FutureWarning: 'H' is deprecated and will be removed in a future version, please use 'h' instead.
  hourly_weather = weather_df[['timestamp_utc'] + weather_numeric_cols].set_index('timestamp_utc').resample('1H').mean().reset_index()
/home/dwijenayake/pv_forecast_30d/src/inference/physics_aware_forecaster.py:386: FutureWarning: 'H' is deprecated and will be removed in a future version, please use 'h' instead.
  hourly_hist = historical_df[['timestamp_utc'] + hist_numeric_cols].set_index('timestamp_utc').resample('1H').mean().reset_index()
/home/dwijenayake/pv_forecast_30d/src/inference/physics_aware_forecaster.py:387: FutureWarning: 'H' is deprecated and will be removed in a future version, please use 'h' instead.
  hourly_weather = weather_df[['timestamp_utc'] + weather_numeric_cols].set_index('timestamp_utc').resample('1H').mean().reset_index()
/home/dwijenayake/pv_forecast_30d/src/inference/physics_aware_forecaster.py:386: FutureWarning: 'H' is deprecated and will be removed in a future version, please use 'h' instead.
  hourly_hist = historical_df[['timestamp_utc'] + hist_numeric_cols].set_index('timestamp_utc').resample('1H').mean().reset_index()
/home/dwijenayake/pv_forecast_30d/src/inference/physics_aware_forecaster.py:387: FutureWarning: 'H' is deprecated and will be removed in a future version, please use 'h' instead.
  hourly_weather = weather_df[['timestamp_utc'] + weather_numeric_cols].set_index('timestamp_utc').resample('1H').mean().reset_index()
          Weather window: 2880 steps (2024-01-04 00:00:00+00:00 → 2024-02-02 23:45:00+00:00)
          Using pre-computed PVLib baseline (pvlib_ac_kw column)
          PVLib shape: (2880,), range: [0.000, 0.691]

[STEP 2/4] Running long-head TFT (strategic: 720 hours @ 1-hour)...
          Long-head shape: (720,)
          Upsampling long-head to 15-min resolution...
          Long upsampled shape: (2880,)

[STEP 3/4] Rolling short-head refinement (30 days × 96 steps)...
          Day  5/30: α_short=0.65, α_long=0.35, α_ml=0.69
          Day 10/30: α_short=0.50, α_long=0.50, α_ml=0.66
          Day 15/30: α_short=0.35, α_long=0.65, α_ml=0.64
          Day 20/30: α_short=0.35, α_long=0.65, α_ml=0.61
          Day 25/30: α_short=0.35, α_long=0.65, α_ml=0.59
          Day 30/30: α_short=0.35, α_long=0.65, α_ml=0.56
          Final forecast shape: (2880,)
          Final range: [0.000, 0.405]

[STEP 4/4] Validation...
         ✓ Shape correct (2880 steps)
         ✓ Range valid [0.000, 0.405]
         ✓ All night hours zero
         ✓ Daylight mean: 0.173

[SUCCESS] Hierarchical 30-day forecast complete!
          Total TFT calls: 1 long-head + 30 short-head = 31

[INFO] Hierarchical 30-day forecast starting 2024-01-05 00:00:00+00:00
[INFO] Fetching live weather from OpenMeteo API...
                [Auto-selected ECMWF API for 15-day forecast]
[WeatherClient] Fetching 15-day ECMWF forecast
                Location: (48.6946°N, 12.5976°E)
                Period: 2024-01-05 → 2024-01-20
                Tilt/Azimuth: 25.0° / 180.0°
                API: ECMWF
[ERROR] Live weather fetch failed: OpenMeteo API call failed: {'error': True, 'reason': "Parameter 'start_date' is out of allowed range from 2025-10-06 to 2026-01-22"}
[ERROR] Falling back to test weather data if available
       Architecture: Long-head (strategic) + 30× Short-head (tactical) + Physics

[PREP] Preparing data for multi-resolution inference...
       Input frequency detected: 15min
       Resampling to hourly for long-head...
       Hourly shape: historical=(264, 28), weather=(720, 32)

[STEP 1/4] Computing PVLib physics baseline (2880 steps @ 15-min)...
          Weather window: 2880 steps (2024-01-05 00:00:00+00:00 → 2024-02-03 23:45:00+00:00)
          Using pre-computed PVLib baseline (pvlib_ac_kw column)
          PVLib shape: (2880,), range: [0.000, 0.691]

[STEP 2/4] Running long-head TFT (strategic: 720 hours @ 1-hour)...
          Long-head shape: (720,)
          Upsampling long-head to 15-min resolution...
          Long upsampled shape: (2880,)

[STEP 3/4] Rolling short-head refinement (30 days × 96 steps)...
          Day  5/30: α_short=0.65, α_long=0.35, α_ml=0.69
          Day 10/30: α_short=0.50, α_long=0.50, α_ml=0.66
          Day 15/30: α_short=0.35, α_long=0.65, α_ml=0.64
          Day 20/30: α_short=0.35, α_long=0.65, α_ml=0.61
          Day 25/30: α_short=0.35, α_long=0.65, α_ml=0.59
          Day 30/30: α_short=0.35, α_long=0.65, α_ml=0.56
          Final forecast shape: (2880,)
          Final range: [0.000, 0.398]

[STEP 4/4] Validation...
         ✓ Shape correct (2880 steps)
         ✓ Range valid [0.000, 0.398]
         ✓ All night hours zero
         ✓ Daylight mean: 0.171

[SUCCESS] Hierarchical 30-day forecast complete!
          Total TFT calls: 1 long-head + 30 short-head = 31

[INFO] Hierarchical 30-day forecast starting 2024-01-06 00:00:00+00:00
[INFO] Fetching live weather from OpenMeteo API...
                [Auto-selected ECMWF API for 15-day forecast]
[WeatherClient] Fetching 15-day ECMWF forecast
                Location: (48.6946°N, 12.5976°E)
                Period: 2024-01-06 → 2024-01-21
                Tilt/Azimuth: 25.0° / 180.0°
                API: ECMWF
[ERROR] Live weather fetch failed: OpenMeteo API call failed: {'error': True, 'reason': "Parameter 'start_date' is out of allowed range from 2025-10-06 to 2026-01-22"}
[ERROR] Falling back to test weather data if available
       Architecture: Long-head (strategic) + 30× Short-head (tactical) + Physics

[PREP] Preparing data for multi-resolution inference...
       Input frequency detected: 15min
       Resampling to hourly for long-head...
       Hourly shape: historical=(288, 28), weather=(720, 32)

[STEP 1/4] Computing PVLib physics baseline (2880 steps @ 15-min)...
          Weather window: 2880 steps (2024-01-06 00:00:00+00:00 → 2024-02-04 23:45:00+00:00)
          Using pre-computed PVLib baseline (pvlib_ac_kw column)
          PVLib shape: (2880,), range: [0.000, 0.691]

[STEP 2/4] Running long-head TFT (strategic: 720 hours @ 1-hour)...
          Long-head shape: (720,)
          Upsampling long-head to 15-min resolution...
          Long upsampled shape: (2880,)

[STEP 3/4] Rolling short-head refinement (30 days × 96 steps)...
          Day  5/30: α_short=0.65, α_long=0.35, α_ml=0.69
          Day 10/30: α_short=0.50, α_long=0.50, α_ml=0.66
          Day 15/30: α_short=0.35, α_long=0.65, α_ml=0.64
          Day 20/30: α_short=0.35, α_long=0.65, α_ml=0.61
          Day 25/30: α_short=0.35, α_long=0.65, α_ml=0.59
          Day 30/30: α_short=0.35, α_long=0.65, α_ml=0.56
          Final forecast shape: (2880,)
          Final range: [0.000, 0.396]

[STEP 4/4] Validation...
         ✓ Shape correct (2880 steps)
         ✓ Range valid [0.000, 0.396]
         ✓ All night hours zero
         ✓ Daylight mean: 0.172

[SUCCESS] Hierarchical 30-day forecast complete!
          Total TFT calls: 1 long-head + 30 short-head = 31

[INFO] Hierarchical 30-day forecast starting 2024-01-07 00:00:00+00:00
[INFO] Fetching live weather from OpenMeteo API...
                [Auto-selected ECMWF API for 15-day forecast]
[WeatherClient] Fetching 15-day ECMWF forecast
                Location: (48.6946°N, 12.5976°E)
                Period: 2024-01-07 → 2024-01-22
                Tilt/Azimuth: 25.0° / 180.0°
                API: ECMWF
[ERROR] Live weather fetch failed: OpenMeteo API call failed: {'error': True, 'reason': "Parameter 'start_date' is out of allowed range from 2025-10-06 to 2026-01-22"}
[ERROR] Falling back to test weather data if available
       Architecture: Long-head (strategic) + 30× Short-head (tactical) + Physics

[PREP] Preparing data for multi-resolution inference...
       Input frequency detected: 15min
       Resampling to hourly for long-head...
       Hourly shape: historical=(312, 28), weather=(720, 32)

[STEP 1/4] Computing PVLib physics baseline (2880 steps @ 15-min)...
          Weather window: 2880 steps (2024-01-07 00:00:00+00:00 → 2024-02-05 23:45:00+00:00)
          Using pre-computed PVLib baseline (pvlib_ac_kw column)
          PVLib shape: (2880,), range: [0.000, 0.691]

[STEP 2/4] Running long-head TFT (strategic: 720 hours @ 1-hour)...
          Long-head shape: (720,)
          Upsampling long-head to 15-min resolution...
          Long upsampled shape: (2880,)

[STEP 3/4] Rolling short-head refinement (30 days × 96 steps)...
          Day  5/30: α_short=0.65, α_long=0.35, α_ml=0.69
          Day 10/30: α_short=0.50, α_long=0.50, α_ml=0.66
          Day 15/30: α_short=0.35, α_long=0.65, α_ml=0.64
          Day 20/30: α_short=0.35, α_long=0.65, α_ml=0.61
          Day 25/30: α_short=0.35, α_long=0.65, α_ml=0.59
          Day 30/30: α_short=0.35, α_long=0.65, α_ml=0.56
          Final forecast shape: (2880,)
          Final range: [0.000, 0.392]

[STEP 4/4] Validation...
         ✓ Shape correct (2880 steps)
         ✓ Range valid [0.000, 0.392]
         ✓ All night hours zero
         ✓ Daylight mean: 0.174

[SUCCESS] Hierarchical 30-day forecast complete!
          Total TFT calls: 1 long-head + 30 short-head = 31

[INFO] Hierarchical 30-day forecast starting 2024-01-08 00:00:00+00:00
[INFO] Fetching live weather from OpenMeteo API...
                [Auto-selected ECMWF API for 15-day forecast]
[WeatherClient] Fetching 15-day ECMWF forecast
                Location: (48.6946°N, 12.5976°E)
                Period: 2024-01-08 → 2024-01-23
                Tilt/Azimuth: 25.0° / 180.0°
                API: ECMWF
/home/dwijenayake/pv_forecast_30d/src/inference/physics_aware_forecaster.py:386: FutureWarning: 'H' is deprecated and will be removed in a future version, please use 'h' instead.
  hourly_hist = historical_df[['timestamp_utc'] + hist_numeric_cols].set_index('timestamp_utc').resample('1H').mean().reset_index()
/home/dwijenayake/pv_forecast_30d/src/inference/physics_aware_forecaster.py:387: FutureWarning: 'H' is deprecated and will be removed in a future version, please use 'h' instead.
  hourly_weather = weather_df[['timestamp_utc'] + weather_numeric_cols].set_index('timestamp_utc').resample('1H').mean().reset_index()
/home/dwijenayake/pv_forecast_30d/src/inference/physics_aware_forecaster.py:386: FutureWarning: 'H' is deprecated and will be removed in a future version, please use 'h' instead.
  hourly_hist = historical_df[['timestamp_utc'] + hist_numeric_cols].set_index('timestamp_utc').resample('1H').mean().reset_index()
/home/dwijenayake/pv_forecast_30d/src/inference/physics_aware_forecaster.py:387: FutureWarning: 'H' is deprecated and will be removed in a future version, please use 'h' instead.
  hourly_weather = weather_df[['timestamp_utc'] + weather_numeric_cols].set_index('timestamp_utc').resample('1H').mean().reset_index()
/home/dwijenayake/pv_forecast_30d/src/inference/physics_aware_forecaster.py:386: FutureWarning: 'H' is deprecated and will be removed in a future version, please use 'h' instead.
  hourly_hist = historical_df[['timestamp_utc'] + hist_numeric_cols].set_index('timestamp_utc').resample('1H').mean().reset_index()
/home/dwijenayake/pv_forecast_30d/src/inference/physics_aware_forecaster.py:387: FutureWarning: 'H' is deprecated and will be removed in a future version, please use 'h' instead.
  hourly_weather = weather_df[['timestamp_utc'] + weather_numeric_cols].set_index('timestamp_utc').resample('1H').mean().reset_index()
/home/dwijenayake/pv_forecast_30d/src/inference/physics_aware_forecaster.py:386: FutureWarning: 'H' is deprecated and will be removed in a future version, please use 'h' instead.
  hourly_hist = historical_df[['timestamp_utc'] + hist_numeric_cols].set_index('timestamp_utc').resample('1H').mean().reset_index()
/home/dwijenayake/pv_forecast_30d/src/inference/physics_aware_forecaster.py:387: FutureWarning: 'H' is deprecated and will be removed in a future version, please use 'h' instead.
  hourly_weather = weather_df[['timestamp_utc'] + weather_numeric_cols].set_index('timestamp_utc').resample('1H').mean().reset_index()
[ERROR] Live weather fetch failed: OpenMeteo API call failed: {'error': True, 'reason': "Parameter 'start_date' is out of allowed range from 2025-10-06 to 2026-01-22"}
[ERROR] Falling back to test weather data if available
       Architecture: Long-head (strategic) + 30× Short-head (tactical) + Physics

[PREP] Preparing data for multi-resolution inference...
       Input frequency detected: 15min
       Resampling to hourly for long-head...
       Hourly shape: historical=(336, 28), weather=(720, 32)

[STEP 1/4] Computing PVLib physics baseline (2880 steps @ 15-min)...
          Weather window: 2880 steps (2024-01-08 00:00:00+00:00 → 2024-02-06 23:45:00+00:00)
          Using pre-computed PVLib baseline (pvlib_ac_kw column)
          PVLib shape: (2880,), range: [0.000, 0.691]

[STEP 2/4] Running long-head TFT (strategic: 720 hours @ 1-hour)...
          Long-head shape: (720,)
          Upsampling long-head to 15-min resolution...
          Long upsampled shape: (2880,)

[STEP 3/4] Rolling short-head refinement (30 days × 96 steps)...
          Day  5/30: α_short=0.65, α_long=0.35, α_ml=0.69
          Day 10/30: α_short=0.50, α_long=0.50, α_ml=0.66
          Day 15/30: α_short=0.35, α_long=0.65, α_ml=0.64
          Day 20/30: α_short=0.35, α_long=0.65, α_ml=0.61
          Day 25/30: α_short=0.35, α_long=0.65, α_ml=0.59
          Day 30/30: α_short=0.35, α_long=0.65, α_ml=0.56
          Final forecast shape: (2880,)
          Final range: [0.000, 0.387]

[STEP 4/4] Validation...
         ✓ Shape correct (2880 steps)
         ✓ Range valid [0.000, 0.387]
         ✓ All night hours zero
         ✓ Daylight mean: 0.173

[SUCCESS] Hierarchical 30-day forecast complete!
          Total TFT calls: 1 long-head + 30 short-head = 31

[INFO] Hierarchical 30-day forecast starting 2024-01-09 00:00:00+00:00
[INFO] Fetching live weather from OpenMeteo API...
                [Auto-selected ECMWF API for 15-day forecast]
[WeatherClient] Fetching 15-day ECMWF forecast
                Location: (48.6946°N, 12.5976°E)
                Period: 2024-01-09 → 2024-01-24
                Tilt/Azimuth: 25.0° / 180.0°
                API: ECMWF
[ERROR] Live weather fetch failed: OpenMeteo API call failed: {'reason': "Parameter 'start_date' is out of allowed range from 2025-10-06 to 2026-01-22", 'error': True}
[ERROR] Falling back to test weather data if available
       Architecture: Long-head (strategic) + 30× Short-head (tactical) + Physics

[PREP] Preparing data for multi-resolution inference...
       Input frequency detected: 15min
       Resampling to hourly for long-head...
       Hourly shape: historical=(360, 28), weather=(720, 32)

[STEP 1/4] Computing PVLib physics baseline (2880 steps @ 15-min)...
          Weather window: 2880 steps (2024-01-09 00:00:00+00:00 → 2024-02-07 23:45:00+00:00)
          Using pre-computed PVLib baseline (pvlib_ac_kw column)
          PVLib shape: (2880,), range: [0.000, 0.691]

[STEP 2/4] Running long-head TFT (strategic: 720 hours @ 1-hour)...
          Long-head shape: (720,)
          Upsampling long-head to 15-min resolution...
          Long upsampled shape: (2880,)

[STEP 3/4] Rolling short-head refinement (30 days × 96 steps)...
          Day  5/30: α_short=0.65, α_long=0.35, α_ml=0.69
          Day 10/30: α_short=0.50, α_long=0.50, α_ml=0.66
          Day 15/30: α_short=0.35, α_long=0.65, α_ml=0.64
          Day 20/30: α_short=0.35, α_long=0.65, α_ml=0.61
          Day 25/30: α_short=0.35, α_long=0.65, α_ml=0.59
          Day 30/30: α_short=0.35, α_long=0.65, α_ml=0.56
          Final forecast shape: (2880,)
          Final range: [0.000, 0.386]

[STEP 4/4] Validation...
         ✓ Shape correct (2880 steps)
         ✓ Range valid [0.000, 0.386]
         ✓ All night hours zero
         ✓ Daylight mean: 0.172

[SUCCESS] Hierarchical 30-day forecast complete!
          Total TFT calls: 1 long-head + 30 short-head = 31

[INFO] Hierarchical 30-day forecast starting 2024-01-10 00:00:00+00:00
[INFO] Fetching live weather from OpenMeteo API...
                [Auto-selected ECMWF API for 15-day forecast]
[WeatherClient] Fetching 15-day ECMWF forecast
                Location: (48.6946°N, 12.5976°E)
                Period: 2024-01-10 → 2024-01-25
                Tilt/Azimuth: 25.0° / 180.0°
                API: ECMWF
[ERROR] Live weather fetch failed: OpenMeteo API call failed: {'error': True, 'reason': "Parameter 'start_date' is out of allowed range from 2025-10-06 to 2026-01-22"}
[ERROR] Falling back to test weather data if available
       Architecture: Long-head (strategic) + 30× Short-head (tactical) + Physics

[PREP] Preparing data for multi-resolution inference...
       Input frequency detected: 15min
       Resampling to hourly for long-head...
       Hourly shape: historical=(384, 28), weather=(720, 32)

[STEP 1/4] Computing PVLib physics baseline (2880 steps @ 15-min)...
          Weather window: 2880 steps (2024-01-10 00:00:00+00:00 → 2024-02-08 23:45:00+00:00)
          Using pre-computed PVLib baseline (pvlib_ac_kw column)
          PVLib shape: (2880,), range: [0.000, 0.691]

[STEP 2/4] Running long-head TFT (strategic: 720 hours @ 1-hour)...
          Long-head shape: (720,)
          Upsampling long-head to 15-min resolution...
          Long upsampled shape: (2880,)

[STEP 3/4] Rolling short-head refinement (30 days × 96 steps)...
          Day  5/30: α_short=0.65, α_long=0.35, α_ml=0.69
          Day 10/30: α_short=0.50, α_long=0.50, α_ml=0.66
          Day 15/30: α_short=0.35, α_long=0.65, α_ml=0.64
          Day 20/30: α_short=0.35, α_long=0.65, α_ml=0.61
          Day 25/30: α_short=0.35, α_long=0.65, α_ml=0.59
          Day 30/30: α_short=0.35, α_long=0.65, α_ml=0.56
          Final forecast shape: (2880,)
          Final range: [0.000, 0.383]

[STEP 4/4] Validation...
         ✓ Shape correct (2880 steps)
         ✓ Range valid [0.000, 0.383]
         ✓ All night hours zero
         ✓ Daylight mean: 0.170

[SUCCESS] Hierarchical 30-day forecast complete!
          Total TFT calls: 1 long-head + 30 short-head = 31

[INFO] Hierarchical 30-day forecast starting 2024-01-11 00:00:00+00:00
[INFO] Fetching live weather from OpenMeteo API...
                [Auto-selected ECMWF API for 15-day forecast]
[WeatherClient] Fetching 15-day ECMWF forecast
                Location: (48.6946°N, 12.5976°E)
                Period: 2024-01-11 → 2024-01-26
                Tilt/Azimuth: 25.0° / 180.0°
                API: ECMWF
[ERROR] Live weather fetch failed: OpenMeteo API call failed: {'reason': "Parameter 'start_date' is out of allowed range from 2025-10-06 to 2026-01-22", 'error': True}
[ERROR] Falling back to test weather data if available
       Architecture: Long-head (strategic) + 30× Short-head (tactical) + Physics

[PREP] Preparing data for multi-resolution inference...
       Input frequency detected: 15min
       Resampling to hourly for long-head...
       Hourly shape: historical=(408, 28), weather=(720, 32)

[STEP 1/4] Computing PVLib physics baseline (2880 steps @ 15-min)...
          Weather window: 2880 steps (2024-01-11 00:00:00+00:00 → 2024-02-09 23:45:00+00:00)
          Using pre-computed PVLib baseline (pvlib_ac_kw column)
          PVLib shape: (2880,), range: [0.000, 0.691]

[STEP 2/4] Running long-head TFT (strategic: 720 hours @ 1-hour)...
          Long-head shape: (720,)
          Upsampling long-head to 15-min resolution...
          Long upsampled shape: (2880,)

[STEP 3/4] Rolling short-head refinement (30 days × 96 steps)...
          Day  5/30: α_short=0.65, α_long=0.35, α_ml=0.69
          Day 10/30: α_short=0.50, α_long=0.50, α_ml=0.66
          Day 15/30: α_short=0.35, α_long=0.65, α_ml=0.64
          Day 20/30: α_short=0.35, α_long=0.65, α_ml=0.61
          Day 25/30: α_short=0.35, α_long=0.65, α_ml=0.59
          Day 30/30: α_short=0.35, α_long=0.65, α_ml=0.56
          Final forecast shape: (2880,)
          Final range: [0.000, 0.383]

[STEP 4/4] Validation...
         ✓ Shape correct (2880 steps)
         ✓ Range valid [0.000, 0.383]
/home/dwijenayake/pv_forecast_30d/src/inference/physics_aware_forecaster.py:386: FutureWarning: 'H' is deprecated and will be removed in a future version, please use 'h' instead.
  hourly_hist = historical_df[['timestamp_utc'] + hist_numeric_cols].set_index('timestamp_utc').resample('1H').mean().reset_index()
/home/dwijenayake/pv_forecast_30d/src/inference/physics_aware_forecaster.py:387: FutureWarning: 'H' is deprecated and will be removed in a future version, please use 'h' instead.
  hourly_weather = weather_df[['timestamp_utc'] + weather_numeric_cols].set_index('timestamp_utc').resample('1H').mean().reset_index()
/home/dwijenayake/pv_forecast_30d/src/inference/physics_aware_forecaster.py:386: FutureWarning: 'H' is deprecated and will be removed in a future version, please use 'h' instead.
  hourly_hist = historical_df[['timestamp_utc'] + hist_numeric_cols].set_index('timestamp_utc').resample('1H').mean().reset_index()
/home/dwijenayake/pv_forecast_30d/src/inference/physics_aware_forecaster.py:387: FutureWarning: 'H' is deprecated and will be removed in a future version, please use 'h' instead.
  hourly_weather = weather_df[['timestamp_utc'] + weather_numeric_cols].set_index('timestamp_utc').resample('1H').mean().reset_index()
/home/dwijenayake/pv_forecast_30d/src/inference/physics_aware_forecaster.py:386: FutureWarning: 'H' is deprecated and will be removed in a future version, please use 'h' instead.
  hourly_hist = historical_df[['timestamp_utc'] + hist_numeric_cols].set_index('timestamp_utc').resample('1H').mean().reset_index()
/home/dwijenayake/pv_forecast_30d/src/inference/physics_aware_forecaster.py:387: FutureWarning: 'H' is deprecated and will be removed in a future version, please use 'h' instead.
  hourly_weather = weather_df[['timestamp_utc'] + weather_numeric_cols].set_index('timestamp_utc').resample('1H').mean().reset_index()
/home/dwijenayake/pv_forecast_30d/src/inference/physics_aware_forecaster.py:386: FutureWarning: 'H' is deprecated and will be removed in a future version, please use 'h' instead.
  hourly_hist = historical_df[['timestamp_utc'] + hist_numeric_cols].set_index('timestamp_utc').resample('1H').mean().reset_index()
/home/dwijenayake/pv_forecast_30d/src/inference/physics_aware_forecaster.py:387: FutureWarning: 'H' is deprecated and will be removed in a future version, please use 'h' instead.
  hourly_weather = weather_df[['timestamp_utc'] + weather_numeric_cols].set_index('timestamp_utc').resample('1H').mean().reset_index()
         ✓ All night hours zero
         ✓ Daylight mean: 0.165

[SUCCESS] Hierarchical 30-day forecast complete!
          Total TFT calls: 1 long-head + 30 short-head = 31

[INFO] Hierarchical 30-day forecast starting 2024-01-12 00:00:00+00:00
[INFO] Fetching live weather from OpenMeteo API...
                [Auto-selected ECMWF API for 15-day forecast]
[WeatherClient] Fetching 15-day ECMWF forecast
                Location: (48.6946°N, 12.5976°E)
                Period: 2024-01-12 → 2024-01-27
                Tilt/Azimuth: 25.0° / 180.0°
                API: ECMWF
[ERROR] Live weather fetch failed: OpenMeteo API call failed: {'error': True, 'reason': "Parameter 'start_date' is out of allowed range from 2025-10-06 to 2026-01-22"}
[ERROR] Falling back to test weather data if available
       Architecture: Long-head (strategic) + 30× Short-head (tactical) + Physics

[PREP] Preparing data for multi-resolution inference...
       Input frequency detected: 15min
       Resampling to hourly for long-head...
       Hourly shape: historical=(432, 28), weather=(720, 32)

[STEP 1/4] Computing PVLib physics baseline (2880 steps @ 15-min)...
          Weather window: 2880 steps (2024-01-12 00:00:00+00:00 → 2024-02-10 23:45:00+00:00)
          Using pre-computed PVLib baseline (pvlib_ac_kw column)
          PVLib shape: (2880,), range: [0.000, 0.691]

[STEP 2/4] Running long-head TFT (strategic: 720 hours @ 1-hour)...
          Long-head shape: (720,)
          Upsampling long-head to 15-min resolution...
          Long upsampled shape: (2880,)

[STEP 3/4] Rolling short-head refinement (30 days × 96 steps)...
          Day  5/30: α_short=0.65, α_long=0.35, α_ml=0.69
          Day 10/30: α_short=0.50, α_long=0.50, α_ml=0.66
          Day 15/30: α_short=0.35, α_long=0.65, α_ml=0.64
          Day 20/30: α_short=0.35, α_long=0.65, α_ml=0.61
          Day 25/30: α_short=0.35, α_long=0.65, α_ml=0.59
          Day 30/30: α_short=0.35, α_long=0.65, α_ml=0.56
          Final forecast shape: (2880,)
          Final range: [0.000, 0.381]

[STEP 4/4] Validation...
         ✓ Shape correct (2880 steps)
         ✓ Range valid [0.000, 0.381]
         ✓ All night hours zero
         ✓ Daylight mean: 0.162

[SUCCESS] Hierarchical 30-day forecast complete!
          Total TFT calls: 1 long-head + 30 short-head = 31

[INFO] Hierarchical 30-day forecast starting 2024-01-13 00:00:00+00:00
[INFO] Fetching live weather from OpenMeteo API...
                [Auto-selected ECMWF API for 15-day forecast]
[WeatherClient] Fetching 15-day ECMWF forecast
                Location: (48.6946°N, 12.5976°E)
                Period: 2024-01-13 → 2024-01-28
                Tilt/Azimuth: 25.0° / 180.0°
                API: ECMWF
[ERROR] Live weather fetch failed: OpenMeteo API call failed: {'error': True, 'reason': "Parameter 'start_date' is out of allowed range from 2025-10-06 to 2026-01-22"}
[ERROR] Falling back to test weather data if available
       Architecture: Long-head (strategic) + 30× Short-head (tactical) + Physics

[PREP] Preparing data for multi-resolution inference...
       Input frequency detected: 15min
       Resampling to hourly for long-head...
       Hourly shape: historical=(456, 28), weather=(720, 32)

[STEP 1/4] Computing PVLib physics baseline (2880 steps @ 15-min)...
          Weather window: 2880 steps (2024-01-13 00:00:00+00:00 → 2024-02-11 23:45:00+00:00)
          Using pre-computed PVLib baseline (pvlib_ac_kw column)
          PVLib shape: (2880,), range: [0.000, 0.691]

[STEP 2/4] Running long-head TFT (strategic: 720 hours @ 1-hour)...
          Long-head shape: (720,)
          Upsampling long-head to 15-min resolution...
          Long upsampled shape: (2880,)

[STEP 3/4] Rolling short-head refinement (30 days × 96 steps)...
          Day  5/30: α_short=0.65, α_long=0.35, α_ml=0.69
          Day 10/30: α_short=0.50, α_long=0.50, α_ml=0.66
          Day 15/30: α_short=0.35, α_long=0.65, α_ml=0.64
          Day 20/30: α_short=0.35, α_long=0.65, α_ml=0.61
          Day 25/30: α_short=0.35, α_long=0.65, α_ml=0.59
          Day 30/30: α_short=0.35, α_long=0.65, α_ml=0.56
          Final forecast shape: (2880,)
          Final range: [0.000, 0.376]

[STEP 4/4] Validation...
         ✓ Shape correct (2880 steps)
         ✓ Range valid [0.000, 0.376]
         ✓ All night hours zero
         ✓ Daylight mean: 0.160

[SUCCESS] Hierarchical 30-day forecast complete!
          Total TFT calls: 1 long-head + 30 short-head = 31

[INFO] Hierarchical 30-day forecast starting 2024-01-14 00:00:00+00:00
[INFO] Fetching live weather from OpenMeteo API...
                [Auto-selected ECMWF API for 15-day forecast]
[WeatherClient] Fetching 15-day ECMWF forecast
                Location: (48.6946°N, 12.5976°E)
                Period: 2024-01-14 → 2024-01-29
                Tilt/Azimuth: 25.0° / 180.0°
                API: ECMWF
[ERROR] Live weather fetch failed: OpenMeteo API call failed: {'reason': "Parameter 'start_date' is out of allowed range from 2025-10-06 to 2026-01-22", 'error': True}
[ERROR] Falling back to test weather data if available
       Architecture: Long-head (strategic) + 30× Short-head (tactical) + Physics

[PREP] Preparing data for multi-resolution inference...
       Input frequency detected: 15min
       Resampling to hourly for long-head...
       Hourly shape: historical=(480, 28), weather=(720, 32)

[STEP 1/4] Computing PVLib physics baseline (2880 steps @ 15-min)...
          Weather window: 2880 steps (2024-01-14 00:00:00+00:00 → 2024-02-12 23:45:00+00:00)
          Using pre-computed PVLib baseline (pvlib_ac_kw column)
          PVLib shape: (2880,), range: [0.000, 0.691]

[STEP 2/4] Running long-head TFT (strategic: 720 hours @ 1-hour)...
          Long-head shape: (720,)
          Upsampling long-head to 15-min resolution...
          Long upsampled shape: (2880,)

[STEP 3/4] Rolling short-head refinement (30 days × 96 steps)...
          Day  5/30: α_short=0.65, α_long=0.35, α_ml=0.69
          Day 10/30: α_short=0.50, α_long=0.50, α_ml=0.66
          Day 15/30: α_short=0.35, α_long=0.65, α_ml=0.64
          Day 20/30: α_short=0.35, α_long=0.65, α_ml=0.61
          Day 25/30: α_short=0.35, α_long=0.65, α_ml=0.59
          Day 30/30: α_short=0.35, α_long=0.65, α_ml=0.56
          Final forecast shape: (2880,)
          Final range: [0.000, 0.377]

[STEP 4/4] Validation...
         ✓ Shape correct (2880 steps)
         ✓ Range valid [0.000, 0.377]
         ✓ All night hours zero
         ✓ Daylight mean: 0.163

[SUCCESS] Hierarchical 30-day forecast complete!
          Total TFT calls: 1 long-head + 30 short-head = 31

[INFO] Hierarchical 30-day forecast starting 2024-01-15 00:00:00+00:00
[INFO] Fetching live weather from OpenMeteo API...
                [Auto-selected ECMWF API for 15-day forecast]
[WeatherClient] Fetching 15-day ECMWF forecast
                Location: (48.6946°N, 12.5976°E)
                Period: 2024-01-15 → 2024-01-30
                Tilt/Azimuth: 25.0° / 180.0°
                API: ECMWF
[ERROR] Live weather fetch failed: OpenMeteo API call failed: {'reason': "Parameter 'start_date' is out of allowed range from 2025-10-06 to 2026-01-22", 'error': True}
[ERROR] Falling back to test weather data if available
       Architecture: Long-head (strategic) + 30× Short-head (tactical) + Physics

[PREP] Preparing data for multi-resolution inference...
       Input frequency detected: 15min
       Resampling to hourly for long-head...
       Hourly shape: historical=(504, 28), weather=(720, 32)

[STEP 1/4] Computing PVLib physics baseline (2880 steps @ 15-min)...
          Weather window: 2880 steps (2024-01-15 00:00:00+00:00 → 2024-02-13 23:45:00+00:00)
          Using pre-computed PVLib baseline (pvlib_ac_kw column)
          PVLib shape: (2880,), range: [0.000, 0.691]

[STEP 2/4] Running long-head TFT (strategic: 720 hours @ 1-hour)...
          Long-head shape: (720,)
          Upsampling long-head to 15-min resolution...
          Long upsampled shape: (2880,)
/home/dwijenayake/pv_forecast_30d/src/inference/physics_aware_forecaster.py:386: FutureWarning: 'H' is deprecated and will be removed in a future version, please use 'h' instead.
  hourly_hist = historical_df[['timestamp_utc'] + hist_numeric_cols].set_index('timestamp_utc').resample('1H').mean().reset_index()
/home/dwijenayake/pv_forecast_30d/src/inference/physics_aware_forecaster.py:387: FutureWarning: 'H' is deprecated and will be removed in a future version, please use 'h' instead.
  hourly_weather = weather_df[['timestamp_utc'] + weather_numeric_cols].set_index('timestamp_utc').resample('1H').mean().reset_index()
/home/dwijenayake/pv_forecast_30d/src/inference/physics_aware_forecaster.py:386: FutureWarning: 'H' is deprecated and will be removed in a future version, please use 'h' instead.
  hourly_hist = historical_df[['timestamp_utc'] + hist_numeric_cols].set_index('timestamp_utc').resample('1H').mean().reset_index()
/home/dwijenayake/pv_forecast_30d/src/inference/physics_aware_forecaster.py:387: FutureWarning: 'H' is deprecated and will be removed in a future version, please use 'h' instead.
  hourly_weather = weather_df[['timestamp_utc'] + weather_numeric_cols].set_index('timestamp_utc').resample('1H').mean().reset_index()
/home/dwijenayake/pv_forecast_30d/src/inference/physics_aware_forecaster.py:386: FutureWarning: 'H' is deprecated and will be removed in a future version, please use 'h' instead.
  hourly_hist = historical_df[['timestamp_utc'] + hist_numeric_cols].set_index('timestamp_utc').resample('1H').mean().reset_index()
/home/dwijenayake/pv_forecast_30d/src/inference/physics_aware_forecaster.py:387: FutureWarning: 'H' is deprecated and will be removed in a future version, please use 'h' instead.
  hourly_weather = weather_df[['timestamp_utc'] + weather_numeric_cols].set_index('timestamp_utc').resample('1H').mean().reset_index()

[STEP 3/4] Rolling short-head refinement (30 days × 96 steps)...
          Day  5/30: α_short=0.65, α_long=0.35, α_ml=0.69
          Day 10/30: α_short=0.50, α_long=0.50, α_ml=0.66
          Day 15/30: α_short=0.35, α_long=0.65, α_ml=0.64
          Day 20/30: α_short=0.35, α_long=0.65, α_ml=0.61
          Day 25/30: α_short=0.35, α_long=0.65, α_ml=0.59
          Day 30/30: α_short=0.35, α_long=0.65, α_ml=0.56
          Final forecast shape: (2880,)
          Final range: [0.000, 0.376]

[STEP 4/4] Validation...
         ✓ Shape correct (2880 steps)
         ✓ Range valid [0.000, 0.376]
         ✓ All night hours zero
         ✓ Daylight mean: 0.164

[SUCCESS] Hierarchical 30-day forecast complete!
          Total TFT calls: 1 long-head + 30 short-head = 31

[INFO] Hierarchical 30-day forecast starting 2024-01-16 00:00:00+00:00
[INFO] Fetching live weather from OpenMeteo API...
                [Auto-selected ECMWF API for 15-day forecast]
[WeatherClient] Fetching 15-day ECMWF forecast
                Location: (48.6946°N, 12.5976°E)
                Period: 2024-01-16 → 2024-01-31
                Tilt/Azimuth: 25.0° / 180.0°
                API: ECMWF
[ERROR] Live weather fetch failed: OpenMeteo API call failed: {'error': True, 'reason': "Parameter 'start_date' is out of allowed range from 2025-10-06 to 2026-01-22"}
[ERROR] Falling back to test weather data if available
       Architecture: Long-head (strategic) + 30× Short-head (tactical) + Physics

[PREP] Preparing data for multi-resolution inference...
       Input frequency detected: 15min
       Resampling to hourly for long-head...
       Hourly shape: historical=(528, 28), weather=(720, 32)

[STEP 1/4] Computing PVLib physics baseline (2880 steps @ 15-min)...
          Weather window: 2880 steps (2024-01-16 00:00:00+00:00 → 2024-02-14 23:45:00+00:00)
          Using pre-computed PVLib baseline (pvlib_ac_kw column)
          PVLib shape: (2880,), range: [0.000, 0.691]

[STEP 2/4] Running long-head TFT (strategic: 720 hours @ 1-hour)...
          Long-head shape: (720,)
          Upsampling long-head to 15-min resolution...
          Long upsampled shape: (2880,)

[STEP 3/4] Rolling short-head refinement (30 days × 96 steps)...
          Day  5/30: α_short=0.65, α_long=0.35, α_ml=0.69
          Day 10/30: α_short=0.50, α_long=0.50, α_ml=0.66
          Day 15/30: α_short=0.35, α_long=0.65, α_ml=0.64
          Day 20/30: α_short=0.35, α_long=0.65, α_ml=0.61
          Day 25/30: α_short=0.35, α_long=0.65, α_ml=0.59
          Day 30/30: α_short=0.35, α_long=0.65, α_ml=0.56
          Final forecast shape: (2880,)
          Final range: [0.000, 0.393]

[STEP 4/4] Validation...
         ✓ Shape correct (2880 steps)
         ✓ Range valid [0.000, 0.393]
         ✓ All night hours zero
         ✓ Daylight mean: 0.163

[SUCCESS] Hierarchical 30-day forecast complete!
          Total TFT calls: 1 long-head + 30 short-head = 31

[INFO] Hierarchical 30-day forecast starting 2024-01-17 00:00:00+00:00
[INFO] Fetching live weather from OpenMeteo API...
                [Auto-selected ECMWF API for 15-day forecast]
[WeatherClient] Fetching 15-day ECMWF forecast
                Location: (48.6946°N, 12.5976°E)
                Period: 2024-01-17 → 2024-02-01
                Tilt/Azimuth: 25.0° / 180.0°
                API: ECMWF
[ERROR] Live weather fetch failed: OpenMeteo API call failed: {'error': True, 'reason': "Parameter 'start_date' is out of allowed range from 2025-10-06 to 2026-01-22"}
[ERROR] Falling back to test weather data if available
       Architecture: Long-head (strategic) + 30× Short-head (tactical) + Physics

[PREP] Preparing data for multi-resolution inference...
       Input frequency detected: 15min
       Resampling to hourly for long-head...
       Hourly shape: historical=(552, 28), weather=(720, 32)

[STEP 1/4] Computing PVLib physics baseline (2880 steps @ 15-min)...
          Weather window: 2880 steps (2024-01-17 00:00:00+00:00 → 2024-02-15 23:45:00+00:00)
          Using pre-computed PVLib baseline (pvlib_ac_kw column)
          PVLib shape: (2880,), range: [0.000, 0.691]

[STEP 2/4] Running long-head TFT (strategic: 720 hours @ 1-hour)...
          Long-head shape: (720,)
          Upsampling long-head to 15-min resolution...
          Long upsampled shape: (2880,)

[STEP 3/4] Rolling short-head refinement (30 days × 96 steps)...
          Day  5/30: α_short=0.65, α_long=0.35, α_ml=0.69
          Day 10/30: α_short=0.50, α_long=0.50, α_ml=0.66
          Day 15/30: α_short=0.35, α_long=0.65, α_ml=0.64
          Day 20/30: α_short=0.35, α_long=0.65, α_ml=0.61
          Day 25/30: α_short=0.35, α_long=0.65, α_ml=0.59
          Day 30/30: α_short=0.35, α_long=0.65, α_ml=0.56
          Final forecast shape: (2880,)
          Final range: [0.000, 0.389]

[STEP 4/4] Validation...
         ✓ Shape correct (2880 steps)
         ✓ Range valid [0.000, 0.389]
         ✓ All night hours zero
         ✓ Daylight mean: 0.166

[SUCCESS] Hierarchical 30-day forecast complete!
          Total TFT calls: 1 long-head + 30 short-head = 31

[INFO] Hierarchical 30-day forecast starting 2024-01-18 00:00:00+00:00
[INFO] Fetching live weather from OpenMeteo API...
                [Auto-selected ECMWF API for 15-day forecast]
[WeatherClient] Fetching 15-day ECMWF forecast
                Location: (48.6946°N, 12.5976°E)
                Period: 2024-01-18 → 2024-02-02
                Tilt/Azimuth: 25.0° / 180.0°
                API: ECMWF
[ERROR] Live weather fetch failed: OpenMeteo API call failed: {'reason': "Parameter 'start_date' is out of allowed range from 2025-10-06 to 2026-01-22", 'error': True}
[ERROR] Falling back to test weather data if available
       Architecture: Long-head (strategic) + 30× Short-head (tactical) + Physics

[PREP] Preparing data for multi-resolution inference...
       Input frequency detected: 15min
       Resampling to hourly for long-head...
       Hourly shape: historical=(576, 28), weather=(720, 32)

[STEP 1/4] Computing PVLib physics baseline (2880 steps @ 15-min)...
          Weather window: 2880 steps (2024-01-18 00:00:00+00:00 → 2024-02-16 23:45:00+00:00)
          Using pre-computed PVLib baseline (pvlib_ac_kw column)
          PVLib shape: (2880,), range: [0.000, 0.691]

[STEP 2/4] Running long-head TFT (strategic: 720 hours @ 1-hour)...
          Long-head shape: (720,)
          Upsampling long-head to 15-min resolution...
          Long upsampled shape: (2880,)

[STEP 3/4] Rolling short-head refinement (30 days × 96 steps)...
          Day  5/30: α_short=0.65, α_long=0.35, α_ml=0.69
          Day 10/30: α_short=0.50, α_long=0.50, α_ml=0.66
          Day 15/30: α_short=0.35, α_long=0.65, α_ml=0.64
          Day 20/30: α_short=0.35, α_long=0.65, α_ml=0.61
          Day 25/30: α_short=0.35, α_long=0.65, α_ml=0.59
          Day 30/30: α_short=0.35, α_long=0.65, α_ml=0.56
          Final forecast shape: (2880,)
          Final range: [0.000, 0.384]

[STEP 4/4] Validation...
         ✓ Shape correct (2880 steps)
         ✓ Range valid [0.000, 0.384]
         ✓ All night hours zero
         ✓ Daylight mean: 0.171

[SUCCESS] Hierarchical 30-day forecast complete!
          Total TFT calls: 1 long-head + 30 short-head = 31

[INFO] Hierarchical 30-day forecast starting 2024-01-19 00:00:00+00:00
[INFO] Fetching live weather from OpenMeteo API...
                [Auto-selected ECMWF API for 15-day forecast]
[WeatherClient] Fetching 15-day ECMWF forecast
                Location: (48.6946°N, 12.5976°E)
                Period: 2024-01-19 → 2024-02-03
                Tilt/Azimuth: 25.0° / 180.0°
                API: ECMWF
[ERROR] Live weather fetch failed: OpenMeteo API call failed: {'reason': "Parameter 'start_date' is out of allowed range from 2025-10-06 to 2026-01-22", 'error': True}
[ERROR] Falling back to test weather data if available
       Architecture: Long-head (strategic) + 30× Short-head (tactical) + Physics

[PREP] Preparing data for multi-resolution inference...
       Input frequency detected: 15min
/home/dwijenayake/pv_forecast_30d/src/inference/physics_aware_forecaster.py:386: FutureWarning: 'H' is deprecated and will be removed in a future version, please use 'h' instead.
  hourly_hist = historical_df[['timestamp_utc'] + hist_numeric_cols].set_index('timestamp_utc').resample('1H').mean().reset_index()
/home/dwijenayake/pv_forecast_30d/src/inference/physics_aware_forecaster.py:387: FutureWarning: 'H' is deprecated and will be removed in a future version, please use 'h' instead.
  hourly_weather = weather_df[['timestamp_utc'] + weather_numeric_cols].set_index('timestamp_utc').resample('1H').mean().reset_index()
/home/dwijenayake/pv_forecast_30d/src/inference/physics_aware_forecaster.py:386: FutureWarning: 'H' is deprecated and will be removed in a future version, please use 'h' instead.
  hourly_hist = historical_df[['timestamp_utc'] + hist_numeric_cols].set_index('timestamp_utc').resample('1H').mean().reset_index()
/home/dwijenayake/pv_forecast_30d/src/inference/physics_aware_forecaster.py:387: FutureWarning: 'H' is deprecated and will be removed in a future version, please use 'h' instead.
  hourly_weather = weather_df[['timestamp_utc'] + weather_numeric_cols].set_index('timestamp_utc').resample('1H').mean().reset_index()
/home/dwijenayake/pv_forecast_30d/src/inference/physics_aware_forecaster.py:386: FutureWarning: 'H' is deprecated and will be removed in a future version, please use 'h' instead.
  hourly_hist = historical_df[['timestamp_utc'] + hist_numeric_cols].set_index('timestamp_utc').resample('1H').mean().reset_index()
/home/dwijenayake/pv_forecast_30d/src/inference/physics_aware_forecaster.py:387: FutureWarning: 'H' is deprecated and will be removed in a future version, please use 'h' instead.
  hourly_weather = weather_df[['timestamp_utc'] + weather_numeric_cols].set_index('timestamp_utc').resample('1H').mean().reset_index()
/home/dwijenayake/pv_forecast_30d/src/inference/physics_aware_forecaster.py:386: FutureWarning: 'H' is deprecated and will be removed in a future version, please use 'h' instead.
  hourly_hist = historical_df[['timestamp_utc'] + hist_numeric_cols].set_index('timestamp_utc').resample('1H').mean().reset_index()
/home/dwijenayake/pv_forecast_30d/src/inference/physics_aware_forecaster.py:387: FutureWarning: 'H' is deprecated and will be removed in a future version, please use 'h' instead.
  hourly_weather = weather_df[['timestamp_utc'] + weather_numeric_cols].set_index('timestamp_utc').resample('1H').mean().reset_index()
       Resampling to hourly for long-head...
       Hourly shape: historical=(600, 28), weather=(720, 32)

[STEP 1/4] Computing PVLib physics baseline (2880 steps @ 15-min)...
          Weather window: 2880 steps (2024-01-19 00:00:00+00:00 → 2024-02-17 23:45:00+00:00)
          Using pre-computed PVLib baseline (pvlib_ac_kw column)
          PVLib shape: (2880,), range: [0.000, 0.691]

[STEP 2/4] Running long-head TFT (strategic: 720 hours @ 1-hour)...
          Long-head shape: (720,)
          Upsampling long-head to 15-min resolution...
          Long upsampled shape: (2880,)

[STEP 3/4] Rolling short-head refinement (30 days × 96 steps)...
          Day  5/30: α_short=0.65, α_long=0.35, α_ml=0.69
          Day 10/30: α_short=0.50, α_long=0.50, α_ml=0.66
          Day 15/30: α_short=0.35, α_long=0.65, α_ml=0.64
          Day 20/30: α_short=0.35, α_long=0.65, α_ml=0.61
          Day 25/30: α_short=0.35, α_long=0.65, α_ml=0.59
          Day 30/30: α_short=0.35, α_long=0.65, α_ml=0.56
          Final forecast shape: (2880,)
          Final range: [0.000, 0.378]

[STEP 4/4] Validation...
         ✓ Shape correct (2880 steps)
         ✓ Range valid [0.000, 0.378]
         ✓ All night hours zero
         ✓ Daylight mean: 0.172

[SUCCESS] Hierarchical 30-day forecast complete!
          Total TFT calls: 1 long-head + 30 short-head = 31

[INFO] Hierarchical 30-day forecast starting 2024-01-20 00:00:00+00:00
[INFO] Fetching live weather from OpenMeteo API...
                [Auto-selected ECMWF API for 15-day forecast]
[WeatherClient] Fetching 15-day ECMWF forecast
                Location: (48.6946°N, 12.5976°E)
                Period: 2024-01-20 → 2024-02-04
                Tilt/Azimuth: 25.0° / 180.0°
                API: ECMWF
[ERROR] Live weather fetch failed: OpenMeteo API call failed: {'reason': "Parameter 'start_date' is out of allowed range from 2025-10-06 to 2026-01-22", 'error': True}
[ERROR] Falling back to test weather data if available
       Architecture: Long-head (strategic) + 30× Short-head (tactical) + Physics

[PREP] Preparing data for multi-resolution inference...
       Input frequency detected: 15min
       Resampling to hourly for long-head...
       Hourly shape: historical=(624, 28), weather=(720, 32)

[STEP 1/4] Computing PVLib physics baseline (2880 steps @ 15-min)...
          Weather window: 2880 steps (2024-01-20 00:00:00+00:00 → 2024-02-18 23:45:00+00:00)
          Using pre-computed PVLib baseline (pvlib_ac_kw column)
          PVLib shape: (2880,), range: [0.000, 0.718]

[STEP 2/4] Running long-head TFT (strategic: 720 hours @ 1-hour)...
          Long-head shape: (720,)
          Upsampling long-head to 15-min resolution...
          Long upsampled shape: (2880,)

[STEP 3/4] Rolling short-head refinement (30 days × 96 steps)...
          Day  5/30: α_short=0.65, α_long=0.35, α_ml=0.69
          Day 10/30: α_short=0.50, α_long=0.50, α_ml=0.66
          Day 15/30: α_short=0.35, α_long=0.65, α_ml=0.64
          Day 20/30: α_short=0.35, α_long=0.65, α_ml=0.61
          Day 25/30: α_short=0.35, α_long=0.65, α_ml=0.59
          Day 30/30: α_short=0.35, α_long=0.65, α_ml=0.56
          Final forecast shape: (2880,)
          Final range: [0.000, 0.412]

[STEP 4/4] Validation...
         ✓ Shape correct (2880 steps)
         ✓ Range valid [0.000, 0.412]
         ✓ All night hours zero
         ✓ Daylight mean: 0.178

[SUCCESS] Hierarchical 30-day forecast complete!
          Total TFT calls: 1 long-head + 30 short-head = 31

[INFO] Hierarchical 30-day forecast starting 2024-01-21 00:00:00+00:00
[INFO] Fetching live weather from OpenMeteo API...
                [Auto-selected ECMWF API for 15-day forecast]
[WeatherClient] Fetching 15-day ECMWF forecast
                Location: (48.6946°N, 12.5976°E)
                Period: 2024-01-21 → 2024-02-05
                Tilt/Azimuth: 25.0° / 180.0°
                API: ECMWF
[ERROR] Live weather fetch failed: OpenMeteo API call failed: {'reason': "Parameter 'start_date' is out of allowed range from 2025-10-06 to 2026-01-22", 'error': True}
[ERROR] Falling back to test weather data if available
       Architecture: Long-head (strategic) + 30× Short-head (tactical) + Physics

[PREP] Preparing data for multi-resolution inference...
       Input frequency detected: 15min
       Resampling to hourly for long-head...
       Hourly shape: historical=(648, 28), weather=(720, 32)

[STEP 1/4] Computing PVLib physics baseline (2880 steps @ 15-min)...
          Weather window: 2880 steps (2024-01-21 00:00:00+00:00 → 2024-02-19 23:45:00+00:00)
          Using pre-computed PVLib baseline (pvlib_ac_kw column)
          PVLib shape: (2880,), range: [0.000, 0.718]

[STEP 2/4] Running long-head TFT (strategic: 720 hours @ 1-hour)...
          Long-head shape: (720,)
          Upsampling long-head to 15-min resolution...
          Long upsampled shape: (2880,)

[STEP 3/4] Rolling short-head refinement (30 days × 96 steps)...
          Day  5/30: α_short=0.65, α_long=0.35, α_ml=0.69
          Day 10/30: α_short=0.50, α_long=0.50, α_ml=0.66
          Day 15/30: α_short=0.35, α_long=0.65, α_ml=0.64
          Day 20/30: α_short=0.35, α_long=0.65, α_ml=0.61
          Day 25/30: α_short=0.35, α_long=0.65, α_ml=0.59
          Day 30/30: α_short=0.35, α_long=0.65, α_ml=0.56
          Final forecast shape: (2880,)
          Final range: [0.000, 0.410]

[STEP 4/4] Validation...
         ✓ Shape correct (2880 steps)
         ✓ Range valid [0.000, 0.410]
         ✓ All night hours zero
         ✓ Daylight mean: 0.177

[SUCCESS] Hierarchical 30-day forecast complete!
          Total TFT calls: 1 long-head + 30 short-head = 31

[INFO] Hierarchical 30-day forecast starting 2024-01-22 00:00:00+00:00
[INFO] Fetching live weather from OpenMeteo API...
                [Auto-selected ECMWF API for 15-day forecast]
[WeatherClient] Fetching 15-day ECMWF forecast
                Location: (48.6946°N, 12.5976°E)
                Period: 2024-01-22 → 2024-02-06
                Tilt/Azimuth: 25.0° / 180.0°
                API: ECMWF
[ERROR] Live weather fetch failed: OpenMeteo API call failed: {'error': True, 'reason': "Parameter 'start_date' is out of allowed range from 2025-10-06 to 2026-01-22"}
[ERROR] Falling back to test weather data if available
       Architecture: Long-head (strategic) + 30× Short-head (tactical) + Physics

[PREP] Preparing data for multi-resolution inference...
       Input frequency detected: 15min
       Resampling to hourly for long-head...
       Hourly shape: historical=(672, 28), weather=(720, 32)

[STEP 1/4] Computing PVLib physics baseline (2880 steps @ 15-min)...
          Weather window: 2880 steps (2024-01-22 00:00:00+00:00 → 2024-02-20 23:45:00+00:00)
          Using pre-computed PVLib baseline (pvlib_ac_kw column)
          PVLib shape: (2880,), range: [0.000, 0.718]

[STEP 2/4] Running long-head TFT (strategic: 720 hours @ 1-hour)...
          Long-head shape: (720,)
          Upsampling long-head to 15-min resolution...
          Long upsampled shape: (2880,)

[STEP 3/4] Rolling short-head refinement (30 days × 96 steps)...
          Day  5/30: α_short=0.65, α_long=0.35, α_ml=0.69
          Day 10/30: α_short=0.50, α_long=0.50, α_ml=0.66
          Day 15/30: α_short=0.35, α_long=0.65, α_ml=0.64
          Day 20/30: α_short=0.35, α_long=0.65, α_ml=0.61
          Day 25/30: α_short=0.35, α_long=0.65, α_ml=0.59
          Day 30/30: α_short=0.35, α_long=0.65, α_ml=0.56
          Final forecast shape: (2880,)
          Final range: [0.000, 0.406]

[STEP 4/4] Validation...
         ✓ Shape correct (2880 steps)
         ✓ Range valid [0.000, 0.406]
         ✓ All night hours zero
         ✓ Daylight mean: 0.178

[SUCCESS] Hierarchical 30-day forecast complete!
          Total TFT calls: 1 long-head + 30 short-head = 31

[INFO] Hierarchical 30-day forecast starting 2024-01-23 00:00:00+00:00
[INFO] Fetching live weather from OpenMeteo API...
                [Auto-selected ECMWF API for 15-day forecast]
[WeatherClient] Fetching 15-day ECMWF forecast
/home/dwijenayake/pv_forecast_30d/src/inference/physics_aware_forecaster.py:386: FutureWarning: 'H' is deprecated and will be removed in a future version, please use 'h' instead.
  hourly_hist = historical_df[['timestamp_utc'] + hist_numeric_cols].set_index('timestamp_utc').resample('1H').mean().reset_index()
/home/dwijenayake/pv_forecast_30d/src/inference/physics_aware_forecaster.py:387: FutureWarning: 'H' is deprecated and will be removed in a future version, please use 'h' instead.
  hourly_weather = weather_df[['timestamp_utc'] + weather_numeric_cols].set_index('timestamp_utc').resample('1H').mean().reset_index()
/home/dwijenayake/pv_forecast_30d/src/inference/physics_aware_forecaster.py:386: FutureWarning: 'H' is deprecated and will be removed in a future version, please use 'h' instead.
  hourly_hist = historical_df[['timestamp_utc'] + hist_numeric_cols].set_index('timestamp_utc').resample('1H').mean().reset_index()
/home/dwijenayake/pv_forecast_30d/src/inference/physics_aware_forecaster.py:387: FutureWarning: 'H' is deprecated and will be removed in a future version, please use 'h' instead.
  hourly_weather = weather_df[['timestamp_utc'] + weather_numeric_cols].set_index('timestamp_utc').resample('1H').mean().reset_index()
/home/dwijenayake/pv_forecast_30d/src/inference/physics_aware_forecaster.py:386: FutureWarning: 'H' is deprecated and will be removed in a future version, please use 'h' instead.
  hourly_hist = historical_df[['timestamp_utc'] + hist_numeric_cols].set_index('timestamp_utc').resample('1H').mean().reset_index()
/home/dwijenayake/pv_forecast_30d/src/inference/physics_aware_forecaster.py:387: FutureWarning: 'H' is deprecated and will be removed in a future version, please use 'h' instead.
  hourly_weather = weather_df[['timestamp_utc'] + weather_numeric_cols].set_index('timestamp_utc').resample('1H').mean().reset_index()
/home/dwijenayake/pv_forecast_30d/src/inference/physics_aware_forecaster.py:386: FutureWarning: 'H' is deprecated and will be removed in a future version, please use 'h' instead.
  hourly_hist = historical_df[['timestamp_utc'] + hist_numeric_cols].set_index('timestamp_utc').resample('1H').mean().reset_index()
/home/dwijenayake/pv_forecast_30d/src/inference/physics_aware_forecaster.py:387: FutureWarning: 'H' is deprecated and will be removed in a future version, please use 'h' instead.
  hourly_weather = weather_df[['timestamp_utc'] + weather_numeric_cols].set_index('timestamp_utc').resample('1H').mean().reset_index()
                Location: (48.6946°N, 12.5976°E)
                Period: 2024-01-23 → 2024-02-07
                Tilt/Azimuth: 25.0° / 180.0°
                API: ECMWF
[ERROR] Live weather fetch failed: OpenMeteo API call failed: {'reason': "Parameter 'start_date' is out of allowed range from 2025-10-06 to 2026-01-22", 'error': True}
[ERROR] Falling back to test weather data if available
       Architecture: Long-head (strategic) + 30× Short-head (tactical) + Physics

[PREP] Preparing data for multi-resolution inference...
       Input frequency detected: 15min
       Resampling to hourly for long-head...
       Hourly shape: historical=(696, 28), weather=(720, 32)

[STEP 1/4] Computing PVLib physics baseline (2880 steps @ 15-min)...
          Weather window: 2880 steps (2024-01-23 00:00:00+00:00 → 2024-02-21 23:45:00+00:00)
          Using pre-computed PVLib baseline (pvlib_ac_kw column)
          PVLib shape: (2880,), range: [0.000, 0.742]

[STEP 2/4] Running long-head TFT (strategic: 720 hours @ 1-hour)...
          Long-head shape: (720,)
          Upsampling long-head to 15-min resolution...
          Long upsampled shape: (2880,)

[STEP 3/4] Rolling short-head refinement (30 days × 96 steps)...
          Day  5/30: α_short=0.65, α_long=0.35, α_ml=0.69
          Day 10/30: α_short=0.50, α_long=0.50, α_ml=0.66
          Day 15/30: α_short=0.35, α_long=0.65, α_ml=0.64
          Day 20/30: α_short=0.35, α_long=0.65, α_ml=0.61
          Day 25/30: α_short=0.35, α_long=0.65, α_ml=0.59
          Day 30/30: α_short=0.35, α_long=0.65, α_ml=0.56
          Final forecast shape: (2880,)
          Final range: [0.000, 0.446]

[STEP 4/4] Validation...
         ✓ Shape correct (2880 steps)
         ✓ Range valid [0.000, 0.446]
         ✓ All night hours zero
         ✓ Daylight mean: 0.188

[SUCCESS] Hierarchical 30-day forecast complete!
          Total TFT calls: 1 long-head + 30 short-head = 31

[INFO] Hierarchical 30-day forecast starting 2024-01-24 00:00:00+00:00
[INFO] Fetching live weather from OpenMeteo API...
                [Auto-selected ECMWF API for 15-day forecast]
[WeatherClient] Fetching 15-day ECMWF forecast
                Location: (48.6946°N, 12.5976°E)
                Period: 2024-01-24 → 2024-02-08
                Tilt/Azimuth: 25.0° / 180.0°
                API: ECMWF
[ERROR] Live weather fetch failed: OpenMeteo API call failed: {'error': True, 'reason': "Parameter 'start_date' is out of allowed range from 2025-10-06 to 2026-01-22"}
[ERROR] Falling back to test weather data if available
       Architecture: Long-head (strategic) + 30× Short-head (tactical) + Physics

[PREP] Preparing data for multi-resolution inference...
       Input frequency detected: 15min
       Resampling to hourly for long-head...
       Hourly shape: historical=(720, 28), weather=(720, 32)

[STEP 1/4] Computing PVLib physics baseline (2880 steps @ 15-min)...
          Weather window: 2880 steps (2024-01-24 00:00:00+00:00 → 2024-02-22 23:45:00+00:00)
          Using pre-computed PVLib baseline (pvlib_ac_kw column)
          PVLib shape: (2880,), range: [0.000, 0.742]

[STEP 2/4] Running long-head TFT (strategic: 720 hours @ 1-hour)...
          Long-head shape: (720,)
          Upsampling long-head to 15-min resolution...
          Long upsampled shape: (2880,)

[STEP 3/4] Rolling short-head refinement (30 days × 96 steps)...
          Day  5/30: α_short=0.65, α_long=0.35, α_ml=0.69
          Day 10/30: α_short=0.50, α_long=0.50, α_ml=0.66
          Day 15/30: α_short=0.35, α_long=0.65, α_ml=0.64
          Day 20/30: α_short=0.35, α_long=0.65, α_ml=0.61
          Day 25/30: α_short=0.35, α_long=0.65, α_ml=0.59
          Day 30/30: α_short=0.35, α_long=0.65, α_ml=0.56
          Final forecast shape: (2880,)
          Final range: [0.000, 0.442]

[STEP 4/4] Validation...
         ✓ Shape correct (2880 steps)
         ✓ Range valid [0.000, 0.442]
         ✓ All night hours zero
         ✓ Daylight mean: 0.186

[SUCCESS] Hierarchical 30-day forecast complete!
          Total TFT calls: 1 long-head + 30 short-head = 31

[INFO] Hierarchical 30-day forecast starting 2024-01-25 00:00:00+00:00
[INFO] Fetching live weather from OpenMeteo API...
                [Auto-selected ECMWF API for 15-day forecast]
[WeatherClient] Fetching 15-day ECMWF forecast
                Location: (48.6946°N, 12.5976°E)
                Period: 2024-01-25 → 2024-02-09
                Tilt/Azimuth: 25.0° / 180.0°
                API: ECMWF
[ERROR] Live weather fetch failed: OpenMeteo API call failed: {'reason': "Parameter 'start_date' is out of allowed range from 2025-10-06 to 2026-01-22", 'error': True}
[ERROR] Falling back to test weather data if available
       Architecture: Long-head (strategic) + 30× Short-head (tactical) + Physics

[PREP] Preparing data for multi-resolution inference...
       Input frequency detected: 15min
       Resampling to hourly for long-head...
       Hourly shape: historical=(720, 28), weather=(720, 32)

[STEP 1/4] Computing PVLib physics baseline (2880 steps @ 15-min)...
          Weather window: 2880 steps (2024-01-25 00:00:00+00:00 → 2024-02-23 23:45:00+00:00)
          Using pre-computed PVLib baseline (pvlib_ac_kw column)
          PVLib shape: (2880,), range: [0.000, 0.742]

[STEP 2/4] Running long-head TFT (strategic: 720 hours @ 1-hour)...
          Long-head shape: (720,)
          Upsampling long-head to 15-min resolution...
          Long upsampled shape: (2880,)

[STEP 3/4] Rolling short-head refinement (30 days × 96 steps)...
          Day  5/30: α_short=0.65, α_long=0.35, α_ml=0.69
          Day 10/30: α_short=0.50, α_long=0.50, α_ml=0.66
          Day 15/30: α_short=0.35, α_long=0.65, α_ml=0.64
          Day 20/30: α_short=0.35, α_long=0.65, α_ml=0.61
          Day 25/30: α_short=0.35, α_long=0.65, α_ml=0.59
          Day 30/30: α_short=0.35, α_long=0.65, α_ml=0.56
          Final forecast shape: (2880,)
          Final range: [0.000, 0.439]

[STEP 4/4] Validation...
         ✓ Shape correct (2880 steps)
         ✓ Range valid [0.000, 0.439]
         ✓ All night hours zero
         ✓ Daylight mean: 0.184

[SUCCESS] Hierarchical 30-day forecast complete!
          Total TFT calls: 1 long-head + 30 short-head = 31

[INFO] Hierarchical 30-day forecast starting 2024-01-26 00:00:00+00:00
[INFO] Fetching live weather from OpenMeteo API...
                [Auto-selected ECMWF API for 15-day forecast]
[WeatherClient] Fetching 15-day ECMWF forecast
                Location: (48.6946°N, 12.5976°E)
                Period: 2024-01-26 → 2024-02-10
                Tilt/Azimuth: 25.0° / 180.0°
                API: ECMWF
[ERROR] Live weather fetch failed: OpenMeteo API call failed: {'error': True, 'reason': "Parameter 'start_date' is out of allowed range from 2025-10-06 to 2026-01-22"}
[ERROR] Falling back to test weather data if available
       Architecture: Long-head (strategic) + 30× Short-head (tactical) + Physics

[PREP] Preparing data for multi-resolution inference...
       Input frequency detected: 15min
       Resampling to hourly for long-head...
       Hourly shape: historical=(720, 28), weather=(720, 32)

[STEP 1/4] Computing PVLib physics baseline (2880 steps @ 15-min)...
          Weather window: 2880 steps (2024-01-26 00:00:00+00:00 → 2024-02-24 23:45:00+00:00)
          Using pre-computed PVLib baseline (pvlib_ac_kw column)
          PVLib shape: (2880,), range: [0.000, 0.760]

[STEP 2/4] Running long-head TFT (strategic: 720 hours @ 1-hour)...
          Long-head shape: (720,)
          Upsampling long-head to 15-min resolution...
          Long upsampled shape: (2880,)

[STEP 3/4] Rolling short-head refinement (30 days × 96 steps)...
          Day  5/30: α_short=0.65, α_long=0.35, α_ml=0.69
          Day 10/30: α_short=0.50, α_long=0.50, α_ml=0.66
          Day 15/30: α_short=0.35, α_long=0.65, α_ml=0.64
          Day 20/30: α_short=0.35, α_long=0.65, α_ml=0.61
          Day 25/30: α_short=0.35, α_long=0.65, α_ml=0.59
          Day 30/30: α_short=0.35, α_long=0.65, α_ml=0.56
/home/dwijenayake/pv_forecast_30d/src/inference/physics_aware_forecaster.py:386: FutureWarning: 'H' is deprecated and will be removed in a future version, please use 'h' instead.
  hourly_hist = historical_df[['timestamp_utc'] + hist_numeric_cols].set_index('timestamp_utc').resample('1H').mean().reset_index()
/home/dwijenayake/pv_forecast_30d/src/inference/physics_aware_forecaster.py:387: FutureWarning: 'H' is deprecated and will be removed in a future version, please use 'h' instead.
  hourly_weather = weather_df[['timestamp_utc'] + weather_numeric_cols].set_index('timestamp_utc').resample('1H').mean().reset_index()
/home/dwijenayake/pv_forecast_30d/src/inference/physics_aware_forecaster.py:386: FutureWarning: 'H' is deprecated and will be removed in a future version, please use 'h' instead.
  hourly_hist = historical_df[['timestamp_utc'] + hist_numeric_cols].set_index('timestamp_utc').resample('1H').mean().reset_index()
/home/dwijenayake/pv_forecast_30d/src/inference/physics_aware_forecaster.py:387: FutureWarning: 'H' is deprecated and will be removed in a future version, please use 'h' instead.
  hourly_weather = weather_df[['timestamp_utc'] + weather_numeric_cols].set_index('timestamp_utc').resample('1H').mean().reset_index()
/home/dwijenayake/pv_forecast_30d/src/inference/physics_aware_forecaster.py:386: FutureWarning: 'H' is deprecated and will be removed in a future version, please use 'h' instead.
  hourly_hist = historical_df[['timestamp_utc'] + hist_numeric_cols].set_index('timestamp_utc').resample('1H').mean().reset_index()
/home/dwijenayake/pv_forecast_30d/src/inference/physics_aware_forecaster.py:387: FutureWarning: 'H' is deprecated and will be removed in a future version, please use 'h' instead.
  hourly_weather = weather_df[['timestamp_utc'] + weather_numeric_cols].set_index('timestamp_utc').resample('1H').mean().reset_index()
/home/dwijenayake/pv_forecast_30d/src/inference/physics_aware_forecaster.py:386: FutureWarning: 'H' is deprecated and will be removed in a future version, please use 'h' instead.
  hourly_hist = historical_df[['timestamp_utc'] + hist_numeric_cols].set_index('timestamp_utc').resample('1H').mean().reset_index()
/home/dwijenayake/pv_forecast_30d/src/inference/physics_aware_forecaster.py:387: FutureWarning: 'H' is deprecated and will be removed in a future version, please use 'h' instead.
  hourly_weather = weather_df[['timestamp_utc'] + weather_numeric_cols].set_index('timestamp_utc').resample('1H').mean().reset_index()
          Final forecast shape: (2880,)
          Final range: [0.000, 0.437]

[STEP 4/4] Validation...
         ✓ Shape correct (2880 steps)
         ✓ Range valid [0.000, 0.437]
         ✓ All night hours zero
         ✓ Daylight mean: 0.187

[SUCCESS] Hierarchical 30-day forecast complete!
          Total TFT calls: 1 long-head + 30 short-head = 31

[INFO] Hierarchical 30-day forecast starting 2024-01-27 00:00:00+00:00
[INFO] Fetching live weather from OpenMeteo API...
                [Auto-selected ECMWF API for 15-day forecast]
[WeatherClient] Fetching 15-day ECMWF forecast
                Location: (48.6946°N, 12.5976°E)
                Period: 2024-01-27 → 2024-02-11
                Tilt/Azimuth: 25.0° / 180.0°
                API: ECMWF
[ERROR] Live weather fetch failed: OpenMeteo API call failed: {'reason': "Parameter 'start_date' is out of allowed range from 2025-10-06 to 2026-01-22", 'error': True}
[ERROR] Falling back to test weather data if available
       Architecture: Long-head (strategic) + 30× Short-head (tactical) + Physics

[PREP] Preparing data for multi-resolution inference...
       Input frequency detected: 15min
       Resampling to hourly for long-head...
       Hourly shape: historical=(720, 28), weather=(720, 32)

[STEP 1/4] Computing PVLib physics baseline (2880 steps @ 15-min)...
          Weather window: 2880 steps (2024-01-27 00:00:00+00:00 → 2024-02-25 23:45:00+00:00)
          Using pre-computed PVLib baseline (pvlib_ac_kw column)
          PVLib shape: (2880,), range: [0.000, 0.760]

[STEP 2/4] Running long-head TFT (strategic: 720 hours @ 1-hour)...
          Long-head shape: (720,)
          Upsampling long-head to 15-min resolution...
          Long upsampled shape: (2880,)

[STEP 3/4] Rolling short-head refinement (30 days × 96 steps)...
          Day  5/30: α_short=0.65, α_long=0.35, α_ml=0.69
          Day 10/30: α_short=0.50, α_long=0.50, α_ml=0.66
          Day 15/30: α_short=0.35, α_long=0.65, α_ml=0.64
          Day 20/30: α_short=0.35, α_long=0.65, α_ml=0.61
          Day 25/30: α_short=0.35, α_long=0.65, α_ml=0.59
          Day 30/30: α_short=0.35, α_long=0.65, α_ml=0.56
          Final forecast shape: (2880,)
          Final range: [0.000, 0.434]

[STEP 4/4] Validation...
         ✓ Shape correct (2880 steps)
         ✓ Range valid [0.000, 0.434]
         ✓ All night hours zero
         ✓ Daylight mean: 0.190

[SUCCESS] Hierarchical 30-day forecast complete!
          Total TFT calls: 1 long-head + 30 short-head = 31

[INFO] Hierarchical 30-day forecast starting 2024-01-28 00:00:00+00:00
[INFO] Fetching live weather from OpenMeteo API...
                [Auto-selected ECMWF API for 15-day forecast]
[WeatherClient] Fetching 15-day ECMWF forecast
                Location: (48.6946°N, 12.5976°E)
                Period: 2024-01-28 → 2024-02-12
                Tilt/Azimuth: 25.0° / 180.0°
                API: ECMWF
[ERROR] Live weather fetch failed: OpenMeteo API call failed: {'error': True, 'reason': "Parameter 'start_date' is out of allowed range from 2025-10-06 to 2026-01-22"}
[ERROR] Falling back to test weather data if available
       Architecture: Long-head (strategic) + 30× Short-head (tactical) + Physics

[PREP] Preparing data for multi-resolution inference...
       Input frequency detected: 15min
       Resampling to hourly for long-head...
       Hourly shape: historical=(720, 28), weather=(720, 32)

[STEP 1/4] Computing PVLib physics baseline (2880 steps @ 15-min)...
          Weather window: 2880 steps (2024-01-28 00:00:00+00:00 → 2024-02-26 23:45:00+00:00)
          Using pre-computed PVLib baseline (pvlib_ac_kw column)
          PVLib shape: (2880,), range: [0.000, 0.760]

[STEP 2/4] Running long-head TFT (strategic: 720 hours @ 1-hour)...
          Long-head shape: (720,)
          Upsampling long-head to 15-min resolution...
          Long upsampled shape: (2880,)

[STEP 3/4] Rolling short-head refinement (30 days × 96 steps)...
          Day  5/30: α_short=0.65, α_long=0.35, α_ml=0.69
          Day 10/30: α_short=0.50, α_long=0.50, α_ml=0.66
          Day 15/30: α_short=0.35, α_long=0.65, α_ml=0.64
          Day 20/30: α_short=0.35, α_long=0.65, α_ml=0.61
          Day 25/30: α_short=0.35, α_long=0.65, α_ml=0.59
          Day 30/30: α_short=0.35, α_long=0.65, α_ml=0.56
          Final forecast shape: (2880,)
          Final range: [0.000, 0.431]

[STEP 4/4] Validation...
         ✓ Shape correct (2880 steps)
         ✓ Range valid [0.000, 0.431]
         ✓ All night hours zero
         ✓ Daylight mean: 0.189

[SUCCESS] Hierarchical 30-day forecast complete!
          Total TFT calls: 1 long-head + 30 short-head = 31

[INFO] Hierarchical 30-day forecast starting 2024-01-29 00:00:00+00:00
[INFO] Fetching live weather from OpenMeteo API...
                [Auto-selected ECMWF API for 15-day forecast]
[WeatherClient] Fetching 15-day ECMWF forecast
                Location: (48.6946°N, 12.5976°E)
                Period: 2024-01-29 → 2024-02-13
                Tilt/Azimuth: 25.0° / 180.0°
                API: ECMWF
[ERROR] Live weather fetch failed: OpenMeteo API call failed: {'error': True, 'reason': "Parameter 'start_date' is out of allowed range from 2025-10-06 to 2026-01-22"}
[ERROR] Falling back to test weather data if available
       Architecture: Long-head (strategic) + 30× Short-head (tactical) + Physics

[PREP] Preparing data for multi-resolution inference...
       Input frequency detected: 15min
       Resampling to hourly for long-head...
       Hourly shape: historical=(720, 28), weather=(720, 32)

[STEP 1/4] Computing PVLib physics baseline (2880 steps @ 15-min)...
          Weather window: 2880 steps (2024-01-29 00:00:00+00:00 → 2024-02-27 23:45:00+00:00)
          Using pre-computed PVLib baseline (pvlib_ac_kw column)
          PVLib shape: (2880,), range: [0.000, 0.760]

[STEP 2/4] Running long-head TFT (strategic: 720 hours @ 1-hour)...
          Long-head shape: (720,)
          Upsampling long-head to 15-min resolution...
          Long upsampled shape: (2880,)

[STEP 3/4] Rolling short-head refinement (30 days × 96 steps)...
          Day  5/30: α_short=0.65, α_long=0.35, α_ml=0.69
          Day 10/30: α_short=0.50, α_long=0.50, α_ml=0.66
          Day 15/30: α_short=0.35, α_long=0.65, α_ml=0.64
          Day 20/30: α_short=0.35, α_long=0.65, α_ml=0.61
          Day 25/30: α_short=0.35, α_long=0.65, α_ml=0.59
          Day 30/30: α_short=0.35, α_long=0.65, α_ml=0.56
          Final forecast shape: (2880,)
          Final range: [0.000, 0.429]

[STEP 4/4] Validation...
         ✓ Shape correct (2880 steps)
         ✓ Range valid [0.000, 0.429]
         ✓ All night hours zero
         ✓ Daylight mean: 0.188

[SUCCESS] Hierarchical 30-day forecast complete!
          Total TFT calls: 1 long-head + 30 short-head = 31

[INFO] Hierarchical 30-day forecast starting 2024-01-30 00:00:00+00:00
[INFO] Fetching live weather from OpenMeteo API...
                [Auto-selected ECMWF API for 15-day forecast]
[WeatherClient] Fetching 15-day ECMWF forecast
                Location: (48.6946°N, 12.5976°E)
                Period: 2024-01-30 → 2024-02-14
                Tilt/Azimuth: 25.0° / 180.0°
                API: ECMWF
[ERROR] Live weather fetch failed: OpenMeteo API call failed: {'reason': "Parameter 'start_date' is out of allowed range from 2025-10-06 to 2026-01-22", 'error': True}
[ERROR] Falling back to test weather data if available
       Architecture: Long-head (strategic) + 30× Short-head (tactical) + Physics

[PREP] Preparing data for multi-resolution inference...
       Input frequency detected: 15min
       Resampling to hourly for long-head...
       Hourly shape: historical=(720, 28), weather=(720, 32)

[STEP 1/4] Computing PVLib physics baseline (2880 steps @ 15-min)...
          Weather window: 2880 steps (2024-01-30 00:00:00+00:00 → 2024-02-28 23:45:00+00:00)
          Using pre-computed PVLib baseline (pvlib_ac_kw column)
          PVLib shape: (2880,), range: [0.000, 0.760]
/home/dwijenayake/pv_forecast_30d/src/inference/physics_aware_forecaster.py:386: FutureWarning: 'H' is deprecated and will be removed in a future version, please use 'h' instead.
  hourly_hist = historical_df[['timestamp_utc'] + hist_numeric_cols].set_index('timestamp_utc').resample('1H').mean().reset_index()
/home/dwijenayake/pv_forecast_30d/src/inference/physics_aware_forecaster.py:387: FutureWarning: 'H' is deprecated and will be removed in a future version, please use 'h' instead.
  hourly_weather = weather_df[['timestamp_utc'] + weather_numeric_cols].set_index('timestamp_utc').resample('1H').mean().reset_index()
/home/dwijenayake/pv_forecast_30d/src/inference/physics_aware_forecaster.py:386: FutureWarning: 'H' is deprecated and will be removed in a future version, please use 'h' instead.
  hourly_hist = historical_df[['timestamp_utc'] + hist_numeric_cols].set_index('timestamp_utc').resample('1H').mean().reset_index()
/home/dwijenayake/pv_forecast_30d/src/inference/physics_aware_forecaster.py:387: FutureWarning: 'H' is deprecated and will be removed in a future version, please use 'h' instead.
  hourly_weather = weather_df[['timestamp_utc'] + weather_numeric_cols].set_index('timestamp_utc').resample('1H').mean().reset_index()
/home/dwijenayake/pv_forecast_30d/src/inference/physics_aware_forecaster.py:386: FutureWarning: 'H' is deprecated and will be removed in a future version, please use 'h' instead.
  hourly_hist = historical_df[['timestamp_utc'] + hist_numeric_cols].set_index('timestamp_utc').resample('1H').mean().reset_index()
/home/dwijenayake/pv_forecast_30d/src/inference/physics_aware_forecaster.py:387: FutureWarning: 'H' is deprecated and will be removed in a future version, please use 'h' instead.
  hourly_weather = weather_df[['timestamp_utc'] + weather_numeric_cols].set_index('timestamp_utc').resample('1H').mean().reset_index()

[STEP 2/4] Running long-head TFT (strategic: 720 hours @ 1-hour)...
          Long-head shape: (720,)
          Upsampling long-head to 15-min resolution...
          Long upsampled shape: (2880,)

[STEP 3/4] Rolling short-head refinement (30 days × 96 steps)...
          Day  5/30: α_short=0.65, α_long=0.35, α_ml=0.69
          Day 10/30: α_short=0.50, α_long=0.50, α_ml=0.66
          Day 15/30: α_short=0.35, α_long=0.65, α_ml=0.64
          Day 20/30: α_short=0.35, α_long=0.65, α_ml=0.61
          Day 25/30: α_short=0.35, α_long=0.65, α_ml=0.59
          Day 30/30: α_short=0.35, α_long=0.65, α_ml=0.56
          Final forecast shape: (2880,)
          Final range: [0.000, 0.423]

[STEP 4/4] Validation...
         ✓ Shape correct (2880 steps)
         ✓ Range valid [0.000, 0.423]
         ✓ All night hours zero
         ✓ Daylight mean: 0.179

[SUCCESS] Hierarchical 30-day forecast complete!
          Total TFT calls: 1 long-head + 30 short-head = 31

[INFO] Hierarchical 30-day forecast starting 2024-01-31 00:00:00+00:00
[INFO] Fetching live weather from OpenMeteo API...
                [Auto-selected ECMWF API for 15-day forecast]
[WeatherClient] Fetching 15-day ECMWF forecast
                Location: (48.6946°N, 12.5976°E)
                Period: 2024-01-31 → 2024-02-15
                Tilt/Azimuth: 25.0° / 180.0°
                API: ECMWF
[ERROR] Live weather fetch failed: OpenMeteo API call failed: {'error': True, 'reason': "Parameter 'start_date' is out of allowed range from 2025-10-06 to 2026-01-22"}
[ERROR] Falling back to test weather data if available
       Architecture: Long-head (strategic) + 30× Short-head (tactical) + Physics

[PREP] Preparing data for multi-resolution inference...
       Input frequency detected: 15min
       Resampling to hourly for long-head...
       Hourly shape: historical=(720, 28), weather=(720, 32)

[STEP 1/4] Computing PVLib physics baseline (2880 steps @ 15-min)...
          Weather window: 2880 steps (2024-01-31 00:00:00+00:00 → 2024-02-29 23:45:00+00:00)
          Using pre-computed PVLib baseline (pvlib_ac_kw column)
          PVLib shape: (2880,), range: [0.000, 0.760]

[STEP 2/4] Running long-head TFT (strategic: 720 hours @ 1-hour)...
          Long-head shape: (720,)
          Upsampling long-head to 15-min resolution...
          Long upsampled shape: (2880,)

[STEP 3/4] Rolling short-head refinement (30 days × 96 steps)...
          Day  5/30: α_short=0.65, α_long=0.35, α_ml=0.69
          Day 10/30: α_short=0.50, α_long=0.50, α_ml=0.66
          Day 15/30: α_short=0.35, α_long=0.65, α_ml=0.64
          Day 20/30: α_short=0.35, α_long=0.65, α_ml=0.61
          Day 25/30: α_short=0.35, α_long=0.65, α_ml=0.59
          Day 30/30: α_short=0.35, α_long=0.65, α_ml=0.56
          Final forecast shape: (2880,)
          Final range: [0.000, 0.422]

[STEP 4/4] Validation...
         ✓ Shape correct (2880 steps)
         ✓ Range valid [0.000, 0.422]
         ✓ All night hours zero
         ✓ Daylight mean: 0.181

[SUCCESS] Hierarchical 30-day forecast complete!
          Total TFT calls: 1 long-head + 30 short-head = 31

[INFO] Hierarchical 30-day forecast starting 2024-02-01 00:00:00+00:00
[INFO] Fetching live weather from OpenMeteo API...
                [Auto-selected ECMWF API for 15-day forecast]
[WeatherClient] Fetching 15-day ECMWF forecast
                Location: (48.6946°N, 12.5976°E)
                Period: 2024-02-01 → 2024-02-16
                Tilt/Azimuth: 25.0° / 180.0°
                API: ECMWF
[ERROR] Live weather fetch failed: OpenMeteo API call failed: {'error': True, 'reason': "Parameter 'start_date' is out of allowed range from 2025-10-06 to 2026-01-22"}
[ERROR] Falling back to test weather data if available
       Architecture: Long-head (strategic) + 30× Short-head (tactical) + Physics

[PREP] Preparing data for multi-resolution inference...
       Input frequency detected: 15min
       Resampling to hourly for long-head...
       Hourly shape: historical=(720, 28), weather=(720, 32)

[STEP 1/4] Computing PVLib physics baseline (2880 steps @ 15-min)...
          Weather window: 2880 steps (2024-02-01 00:00:00+00:00 → 2024-03-01 23:45:00+00:00)
          Using pre-computed PVLib baseline (pvlib_ac_kw column)
          PVLib shape: (2880,), range: [0.000, 0.760]

[STEP 2/4] Running long-head TFT (strategic: 720 hours @ 1-hour)...
          Long-head shape: (720,)
          Upsampling long-head to 15-min resolution...
          Long upsampled shape: (2880,)

[STEP 3/4] Rolling short-head refinement (30 days × 96 steps)...
          Day  5/30: α_short=0.65, α_long=0.35, α_ml=0.69
          Day 10/30: α_short=0.50, α_long=0.50, α_ml=0.66
          Day 15/30: α_short=0.35, α_long=0.65, α_ml=0.64
          Day 20/30: α_short=0.35, α_long=0.65, α_ml=0.61
          Day 25/30: α_short=0.35, α_long=0.65, α_ml=0.59
          Day 30/30: α_short=0.35, α_long=0.65, α_ml=0.56
          Final forecast shape: (2880,)
          Final range: [0.000, 0.419]

[STEP 4/4] Validation...
         ✓ Shape correct (2880 steps)
         ✓ Range valid [0.000, 0.419]
         ✓ All night hours zero
         ✓ Daylight mean: 0.182

[SUCCESS] Hierarchical 30-day forecast complete!
          Total TFT calls: 1 long-head + 30 short-head = 31

[INFO] Hierarchical 30-day forecast starting 2024-02-02 00:00:00+00:00
[INFO] Fetching live weather from OpenMeteo API...
                [Auto-selected ECMWF API for 15-day forecast]
[WeatherClient] Fetching 15-day ECMWF forecast
                Location: (48.6946°N, 12.5976°E)
                Period: 2024-02-02 → 2024-02-17
                Tilt/Azimuth: 25.0° / 180.0°
                API: ECMWF
[ERROR] Live weather fetch failed: OpenMeteo API call failed: {'reason': "Parameter 'start_date' is out of allowed range from 2025-10-06 to 2026-01-22", 'error': True}
[ERROR] Falling back to test weather data if available
       Architecture: Long-head (strategic) + 30× Short-head (tactical) + Physics

[PREP] Preparing data for multi-resolution inference...
       Input frequency detected: 15min
       Resampling to hourly for long-head...
       Hourly shape: historical=(720, 28), weather=(720, 32)

[STEP 1/4] Computing PVLib physics baseline (2880 steps @ 15-min)...
          Weather window: 2880 steps (2024-02-02 00:00:00+00:00 → 2024-03-02 23:45:00+00:00)
          Using pre-computed PVLib baseline (pvlib_ac_kw column)
          PVLib shape: (2880,), range: [0.000, 0.760]

[STEP 2/4] Running long-head TFT (strategic: 720 hours @ 1-hour)...
          Long-head shape: (720,)
          Upsampling long-head to 15-min resolution...
          Long upsampled shape: (2880,)

[STEP 3/4] Rolling short-head refinement (30 days × 96 steps)...
          Day  5/30: α_short=0.65, α_long=0.35, α_ml=0.69
          Day 10/30: α_short=0.50, α_long=0.50, α_ml=0.66
          Day 15/30: α_short=0.35, α_long=0.65, α_ml=0.64
          Day 20/30: α_short=0.35, α_long=0.65, α_ml=0.61
          Day 25/30: α_short=0.35, α_long=0.65, α_ml=0.59
          Day 30/30: α_short=0.35, α_long=0.65, α_ml=0.56
          Final forecast shape: (2880,)
          Final range: [0.000, 0.416]

[STEP 4/4] Validation...
         ✓ Shape correct (2880 steps)
         ✓ Range valid [0.000, 0.416]
         ✓ All night hours zero
         ✓ Daylight mean: 0.183

[SUCCESS] Hierarchical 30-day forecast complete!
          Total TFT calls: 1 long-head + 30 short-head = 31

[INFO] Hierarchical 30-day forecast starting 2024-02-03 00:00:00+00:00
[INFO] Fetching live weather from OpenMeteo API...
                [Auto-selected ECMWF API for 15-day forecast]
[WeatherClient] Fetching 15-day ECMWF forecast
                Location: (48.6946°N, 12.5976°E)
                Period: 2024-02-03 → 2024-02-18
                Tilt/Azimuth: 25.0° / 180.0°
                API: ECMWF
[ERROR] Live weather fetch failed: OpenMeteo API call failed: {'error': True, 'reason': "Parameter 'start_date' is out of allowed range from 2025-10-06 to 2026-01-22"}
/home/dwijenayake/pv_forecast_30d/src/inference/physics_aware_forecaster.py:386: FutureWarning: 'H' is deprecated and will be removed in a future version, please use 'h' instead.
  hourly_hist = historical_df[['timestamp_utc'] + hist_numeric_cols].set_index('timestamp_utc').resample('1H').mean().reset_index()
/home/dwijenayake/pv_forecast_30d/src/inference/physics_aware_forecaster.py:387: FutureWarning: 'H' is deprecated and will be removed in a future version, please use 'h' instead.
  hourly_weather = weather_df[['timestamp_utc'] + weather_numeric_cols].set_index('timestamp_utc').resample('1H').mean().reset_index()
/home/dwijenayake/pv_forecast_30d/src/inference/physics_aware_forecaster.py:386: FutureWarning: 'H' is deprecated and will be removed in a future version, please use 'h' instead.
  hourly_hist = historical_df[['timestamp_utc'] + hist_numeric_cols].set_index('timestamp_utc').resample('1H').mean().reset_index()
/home/dwijenayake/pv_forecast_30d/src/inference/physics_aware_forecaster.py:387: FutureWarning: 'H' is deprecated and will be removed in a future version, please use 'h' instead.
  hourly_weather = weather_df[['timestamp_utc'] + weather_numeric_cols].set_index('timestamp_utc').resample('1H').mean().reset_index()
/home/dwijenayake/pv_forecast_30d/src/inference/physics_aware_forecaster.py:386: FutureWarning: 'H' is deprecated and will be removed in a future version, please use 'h' instead.
  hourly_hist = historical_df[['timestamp_utc'] + hist_numeric_cols].set_index('timestamp_utc').resample('1H').mean().reset_index()
/home/dwijenayake/pv_forecast_30d/src/inference/physics_aware_forecaster.py:387: FutureWarning: 'H' is deprecated and will be removed in a future version, please use 'h' instead.
  hourly_weather = weather_df[['timestamp_utc'] + weather_numeric_cols].set_index('timestamp_utc').resample('1H').mean().reset_index()
/home/dwijenayake/pv_forecast_30d/src/inference/physics_aware_forecaster.py:386: FutureWarning: 'H' is deprecated and will be removed in a future version, please use 'h' instead.
  hourly_hist = historical_df[['timestamp_utc'] + hist_numeric_cols].set_index('timestamp_utc').resample('1H').mean().reset_index()
/home/dwijenayake/pv_forecast_30d/src/inference/physics_aware_forecaster.py:387: FutureWarning: 'H' is deprecated and will be removed in a future version, please use 'h' instead.
  hourly_weather = weather_df[['timestamp_utc'] + weather_numeric_cols].set_index('timestamp_utc').resample('1H').mean().reset_index()
[ERROR] Falling back to test weather data if available
       Architecture: Long-head (strategic) + 30× Short-head (tactical) + Physics

[PREP] Preparing data for multi-resolution inference...
       Input frequency detected: 15min
       Resampling to hourly for long-head...
       Hourly shape: historical=(720, 28), weather=(720, 32)

[STEP 1/4] Computing PVLib physics baseline (2880 steps @ 15-min)...
          Weather window: 2880 steps (2024-02-03 00:00:00+00:00 → 2024-03-03 23:45:00+00:00)
          Using pre-computed PVLib baseline (pvlib_ac_kw column)
          PVLib shape: (2880,), range: [0.000, 0.798]

[STEP 2/4] Running long-head TFT (strategic: 720 hours @ 1-hour)...
          Long-head shape: (720,)
          Upsampling long-head to 15-min resolution...
          Long upsampled shape: (2880,)

[STEP 3/4] Rolling short-head refinement (30 days × 96 steps)...
          Day  5/30: α_short=0.65, α_long=0.35, α_ml=0.69
          Day 10/30: α_short=0.50, α_long=0.50, α_ml=0.66
          Day 15/30: α_short=0.35, α_long=0.65, α_ml=0.64
          Day 20/30: α_short=0.35, α_long=0.65, α_ml=0.61
          Day 25/30: α_short=0.35, α_long=0.65, α_ml=0.59
          Day 30/30: α_short=0.35, α_long=0.65, α_ml=0.56
          Final forecast shape: (2880,)
          Final range: [0.000, 0.484]

[STEP 4/4] Validation...
         ✓ Shape correct (2880 steps)
         ✓ Range valid [0.000, 0.484]
         ✓ All night hours zero
         ✓ Daylight mean: 0.189

[SUCCESS] Hierarchical 30-day forecast complete!
          Total TFT calls: 1 long-head + 30 short-head = 31

[INFO] Hierarchical 30-day forecast starting 2024-02-04 00:00:00+00:00
[INFO] Fetching live weather from OpenMeteo API...
                [Auto-selected ECMWF API for 15-day forecast]
[WeatherClient] Fetching 15-day ECMWF forecast
                Location: (48.6946°N, 12.5976°E)
                Period: 2024-02-04 → 2024-02-19
                Tilt/Azimuth: 25.0° / 180.0°
                API: ECMWF
[ERROR] Live weather fetch failed: OpenMeteo API call failed: {'error': True, 'reason': "Parameter 'start_date' is out of allowed range from 2025-10-06 to 2026-01-22"}
[ERROR] Falling back to test weather data if available
       Architecture: Long-head (strategic) + 30× Short-head (tactical) + Physics

[PREP] Preparing data for multi-resolution inference...
       Input frequency detected: 15min
       Resampling to hourly for long-head...
       Hourly shape: historical=(720, 28), weather=(720, 32)

[STEP 1/4] Computing PVLib physics baseline (2880 steps @ 15-min)...
          Weather window: 2880 steps (2024-02-04 00:00:00+00:00 → 2024-03-04 23:45:00+00:00)
          Using pre-computed PVLib baseline (pvlib_ac_kw column)
          PVLib shape: (2880,), range: [0.000, 0.798]

[STEP 2/4] Running long-head TFT (strategic: 720 hours @ 1-hour)...
          Long-head shape: (720,)
          Upsampling long-head to 15-min resolution...
          Long upsampled shape: (2880,)

[STEP 3/4] Rolling short-head refinement (30 days × 96 steps)...
          Day  5/30: α_short=0.65, α_long=0.35, α_ml=0.69
          Day 10/30: α_short=0.50, α_long=0.50, α_ml=0.66
          Day 15/30: α_short=0.35, α_long=0.65, α_ml=0.64
          Day 20/30: α_short=0.35, α_long=0.65, α_ml=0.61
          Day 25/30: α_short=0.35, α_long=0.65, α_ml=0.59
          Day 30/30: α_short=0.35, α_long=0.65, α_ml=0.56
          Final forecast shape: (2880,)
          Final range: [0.000, 0.482]

[STEP 4/4] Validation...
         ✓ Shape correct (2880 steps)
         ✓ Range valid [0.000, 0.482]
         ✓ All night hours zero
         ✓ Daylight mean: 0.194

[SUCCESS] Hierarchical 30-day forecast complete!
          Total TFT calls: 1 long-head + 30 short-head = 31

[INFO] Hierarchical 30-day forecast starting 2024-02-05 00:00:00+00:00
[INFO] Fetching live weather from OpenMeteo API...
                [Auto-selected ECMWF API for 15-day forecast]
[WeatherClient] Fetching 15-day ECMWF forecast
                Location: (48.6946°N, 12.5976°E)
                Period: 2024-02-05 → 2024-02-20
                Tilt/Azimuth: 25.0° / 180.0°
                API: ECMWF
[ERROR] Live weather fetch failed: OpenMeteo API call failed: {'error': True, 'reason': "Parameter 'start_date' is out of allowed range from 2025-10-06 to 2026-01-22"}
[ERROR] Falling back to test weather data if available
       Architecture: Long-head (strategic) + 30× Short-head (tactical) + Physics

[PREP] Preparing data for multi-resolution inference...
       Input frequency detected: 15min
       Resampling to hourly for long-head...
       Hourly shape: historical=(720, 28), weather=(720, 32)

[STEP 1/4] Computing PVLib physics baseline (2880 steps @ 15-min)...
          Weather window: 2880 steps (2024-02-05 00:00:00+00:00 → 2024-03-05 23:45:00+00:00)
          Using pre-computed PVLib baseline (pvlib_ac_kw column)
          PVLib shape: (2880,), range: [0.000, 0.798]

[STEP 2/4] Running long-head TFT (strategic: 720 hours @ 1-hour)...
          Long-head shape: (720,)
          Upsampling long-head to 15-min resolution...
          Long upsampled shape: (2880,)

[STEP 3/4] Rolling short-head refinement (30 days × 96 steps)...
          Day  5/30: α_short=0.65, α_long=0.35, α_ml=0.69
          Day 10/30: α_short=0.50, α_long=0.50, α_ml=0.66
          Day 15/30: α_short=0.35, α_long=0.65, α_ml=0.64
          Day 20/30: α_short=0.35, α_long=0.65, α_ml=0.61
          Day 25/30: α_short=0.35, α_long=0.65, α_ml=0.59
          Day 30/30: α_short=0.35, α_long=0.65, α_ml=0.56
          Final forecast shape: (2880,)
          Final range: [0.000, 0.479]

[STEP 4/4] Validation...
         ✓ Shape correct (2880 steps)
         ✓ Range valid [0.000, 0.479]
         ✓ All night hours zero
         ✓ Daylight mean: 0.192

[SUCCESS] Hierarchical 30-day forecast complete!
          Total TFT calls: 1 long-head + 30 short-head = 31

[INFO] Hierarchical 30-day forecast starting 2024-02-06 00:00:00+00:00
[INFO] Fetching live weather from OpenMeteo API...
                [Auto-selected ECMWF API for 15-day forecast]
[WeatherClient] Fetching 15-day ECMWF forecast
                Location: (48.6946°N, 12.5976°E)
                Period: 2024-02-06 → 2024-02-21
                Tilt/Azimuth: 25.0° / 180.0°
                API: ECMWF
[ERROR] Live weather fetch failed: OpenMeteo API call failed: {'reason': "Parameter 'start_date' is out of allowed range from 2025-10-06 to 2026-01-22", 'error': True}
[ERROR] Falling back to test weather data if available
       Architecture: Long-head (strategic) + 30× Short-head (tactical) + Physics

[PREP] Preparing data for multi-resolution inference...
       Input frequency detected: 15min
       Resampling to hourly for long-head...
       Hourly shape: historical=(720, 28), weather=(720, 32)

[STEP 1/4] Computing PVLib physics baseline (2880 steps @ 15-min)...
          Weather window: 2880 steps (2024-02-06 00:00:00+00:00 → 2024-03-06 23:45:00+00:00)
          Using pre-computed PVLib baseline (pvlib_ac_kw column)
          PVLib shape: (2880,), range: [0.000, 0.798]

[STEP 2/4] Running long-head TFT (strategic: 720 hours @ 1-hour)...
          Long-head shape: (720,)
          Upsampling long-head to 15-min resolution...
          Long upsampled shape: (2880,)

[STEP 3/4] Rolling short-head refinement (30 days × 96 steps)...
          Day  5/30: α_short=0.65, α_long=0.35, α_ml=0.69
          Day 10/30: α_short=0.50, α_long=0.50, α_ml=0.66
          Day 15/30: α_short=0.35, α_long=0.65, α_ml=0.64
          Day 20/30: α_short=0.35, α_long=0.65, α_ml=0.61
          Day 25/30: α_short=0.35, α_long=0.65, α_ml=0.59
          Day 30/30: α_short=0.35, α_long=0.65, α_ml=0.56
          Final forecast shape: (2880,)
          Final range: [0.000, 0.479]

[STEP 4/4] Validation...
         ✓ Shape correct (2880 steps)
         ✓ Range valid [0.000, 0.479]
         ✓ All night hours zero
         ✓ Daylight mean: 0.191

[SUCCESS] Hierarchical 30-day forecast complete!
          Total TFT calls: 1 long-head + 30 short-head = 31
/home/dwijenayake/pv_forecast_30d/src/inference/physics_aware_forecaster.py:386: FutureWarning: 'H' is deprecated and will be removed in a future version, please use 'h' instead.
  hourly_hist = historical_df[['timestamp_utc'] + hist_numeric_cols].set_index('timestamp_utc').resample('1H').mean().reset_index()
/home/dwijenayake/pv_forecast_30d/src/inference/physics_aware_forecaster.py:387: FutureWarning: 'H' is deprecated and will be removed in a future version, please use 'h' instead.
  hourly_weather = weather_df[['timestamp_utc'] + weather_numeric_cols].set_index('timestamp_utc').resample('1H').mean().reset_index()
/home/dwijenayake/pv_forecast_30d/src/inference/physics_aware_forecaster.py:386: FutureWarning: 'H' is deprecated and will be removed in a future version, please use 'h' instead.
  hourly_hist = historical_df[['timestamp_utc'] + hist_numeric_cols].set_index('timestamp_utc').resample('1H').mean().reset_index()
/home/dwijenayake/pv_forecast_30d/src/inference/physics_aware_forecaster.py:387: FutureWarning: 'H' is deprecated and will be removed in a future version, please use 'h' instead.
  hourly_weather = weather_df[['timestamp_utc'] + weather_numeric_cols].set_index('timestamp_utc').resample('1H').mean().reset_index()
/home/dwijenayake/pv_forecast_30d/src/inference/physics_aware_forecaster.py:386: FutureWarning: 'H' is deprecated and will be removed in a future version, please use 'h' instead.
  hourly_hist = historical_df[['timestamp_utc'] + hist_numeric_cols].set_index('timestamp_utc').resample('1H').mean().reset_index()
/home/dwijenayake/pv_forecast_30d/src/inference/physics_aware_forecaster.py:387: FutureWarning: 'H' is deprecated and will be removed in a future version, please use 'h' instead.
  hourly_weather = weather_df[['timestamp_utc'] + weather_numeric_cols].set_index('timestamp_utc').resample('1H').mean().reset_index()
/home/dwijenayake/pv_forecast_30d/src/inference/physics_aware_forecaster.py:386: FutureWarning: 'H' is deprecated and will be removed in a future version, please use 'h' instead.
  hourly_hist = historical_df[['timestamp_utc'] + hist_numeric_cols].set_index('timestamp_utc').resample('1H').mean().reset_index()
/home/dwijenayake/pv_forecast_30d/src/inference/physics_aware_forecaster.py:387: FutureWarning: 'H' is deprecated and will be removed in a future version, please use 'h' instead.
  hourly_weather = weather_df[['timestamp_utc'] + weather_numeric_cols].set_index('timestamp_utc').resample('1H').mean().reset_index()

[INFO] Hierarchical 30-day forecast starting 2024-02-07 00:00:00+00:00
[INFO] Fetching live weather from OpenMeteo API...
                [Auto-selected ECMWF API for 15-day forecast]
[WeatherClient] Fetching 15-day ECMWF forecast
                Location: (48.6946°N, 12.5976°E)
                Period: 2024-02-07 → 2024-02-22
                Tilt/Azimuth: 25.0° / 180.0°
                API: ECMWF
[ERROR] Live weather fetch failed: OpenMeteo API call failed: {'error': True, 'reason': "Parameter 'start_date' is out of allowed range from 2025-10-06 to 2026-01-22"}
[ERROR] Falling back to test weather data if available
       Architecture: Long-head (strategic) + 30× Short-head (tactical) + Physics

[PREP] Preparing data for multi-resolution inference...
       Input frequency detected: 15min
       Resampling to hourly for long-head...
       Hourly shape: historical=(720, 28), weather=(720, 32)

[STEP 1/4] Computing PVLib physics baseline (2880 steps @ 15-min)...
          Weather window: 2880 steps (2024-02-07 00:00:00+00:00 → 2024-03-07 23:45:00+00:00)
          Using pre-computed PVLib baseline (pvlib_ac_kw column)
          PVLib shape: (2880,), range: [0.000, 0.798]

[STEP 2/4] Running long-head TFT (strategic: 720 hours @ 1-hour)...
          Long-head shape: (720,)
          Upsampling long-head to 15-min resolution...
          Long upsampled shape: (2880,)

[STEP 3/4] Rolling short-head refinement (30 days × 96 steps)...
          Day  5/30: α_short=0.65, α_long=0.35, α_ml=0.69
          Day 10/30: α_short=0.50, α_long=0.50, α_ml=0.66
          Day 15/30: α_short=0.35, α_long=0.65, α_ml=0.64
          Day 20/30: α_short=0.35, α_long=0.65, α_ml=0.61
          Day 25/30: α_short=0.35, α_long=0.65, α_ml=0.59
          Day 30/30: α_short=0.35, α_long=0.65, α_ml=0.56
          Final forecast shape: (2880,)
          Final range: [0.000, 0.474]

[STEP 4/4] Validation...
         ✓ Shape correct (2880 steps)
         ✓ Range valid [0.000, 0.474]
         ✓ All night hours zero
         ✓ Daylight mean: 0.191

[SUCCESS] Hierarchical 30-day forecast complete!
          Total TFT calls: 1 long-head + 30 short-head = 31

[INFO] Hierarchical 30-day forecast starting 2024-02-08 00:00:00+00:00
[INFO] Fetching live weather from OpenMeteo API...
                [Auto-selected ECMWF API for 15-day forecast]
[WeatherClient] Fetching 15-day ECMWF forecast
                Location: (48.6946°N, 12.5976°E)
                Period: 2024-02-08 → 2024-02-23
                Tilt/Azimuth: 25.0° / 180.0°
                API: ECMWF
[ERROR] Live weather fetch failed: OpenMeteo API call failed: {'reason': "Parameter 'start_date' is out of allowed range from 2025-10-06 to 2026-01-22", 'error': True}
[ERROR] Falling back to test weather data if available
       Architecture: Long-head (strategic) + 30× Short-head (tactical) + Physics

[PREP] Preparing data for multi-resolution inference...
       Input frequency detected: 15min
       Resampling to hourly for long-head...
       Hourly shape: historical=(720, 28), weather=(720, 32)

[STEP 1/4] Computing PVLib physics baseline (2880 steps @ 15-min)...
          Weather window: 2880 steps (2024-02-08 00:00:00+00:00 → 2024-03-08 23:45:00+00:00)
          Using pre-computed PVLib baseline (pvlib_ac_kw column)
          PVLib shape: (2880,), range: [0.000, 0.846]

[STEP 2/4] Running long-head TFT (strategic: 720 hours @ 1-hour)...
          Long-head shape: (720,)
          Upsampling long-head to 15-min resolution...
          Long upsampled shape: (2880,)

[STEP 3/4] Rolling short-head refinement (30 days × 96 steps)...
          Day  5/30: α_short=0.65, α_long=0.35, α_ml=0.69
          Day 10/30: α_short=0.50, α_long=0.50, α_ml=0.66
          Day 15/30: α_short=0.35, α_long=0.65, α_ml=0.64
          Day 20/30: α_short=0.35, α_long=0.65, α_ml=0.61
          Day 25/30: α_short=0.35, α_long=0.65, α_ml=0.59
          Day 30/30: α_short=0.35, α_long=0.65, α_ml=0.56
          Final forecast shape: (2880,)
          Final range: [0.000, 0.558]

[STEP 4/4] Validation...
         ✓ Shape correct (2880 steps)
         ✓ Range valid [0.000, 0.558]
         ✓ All night hours zero
         ✓ Daylight mean: 0.202

[SUCCESS] Hierarchical 30-day forecast complete!
          Total TFT calls: 1 long-head + 30 short-head = 31

[INFO] Hierarchical 30-day forecast starting 2024-02-09 00:00:00+00:00
[INFO] Fetching live weather from OpenMeteo API...
                [Auto-selected ECMWF API for 15-day forecast]
[WeatherClient] Fetching 15-day ECMWF forecast
                Location: (48.6946°N, 12.5976°E)
                Period: 2024-02-09 → 2024-02-24
                Tilt/Azimuth: 25.0° / 180.0°
                API: ECMWF
[ERROR] Live weather fetch failed: OpenMeteo API call failed: {'error': True, 'reason': "Parameter 'start_date' is out of allowed range from 2025-10-06 to 2026-01-22"}
[ERROR] Falling back to test weather data if available
       Architecture: Long-head (strategic) + 30× Short-head (tactical) + Physics

[PREP] Preparing data for multi-resolution inference...
       Input frequency detected: 15min
       Resampling to hourly for long-head...
       Hourly shape: historical=(720, 28), weather=(720, 32)

[STEP 1/4] Computing PVLib physics baseline (2880 steps @ 15-min)...
          Weather window: 2880 steps (2024-02-09 00:00:00+00:00 → 2024-03-09 23:45:00+00:00)
          Using pre-computed PVLib baseline (pvlib_ac_kw column)
          PVLib shape: (2880,), range: [0.000, 0.846]

[STEP 2/4] Running long-head TFT (strategic: 720 hours @ 1-hour)...
          Long-head shape: (720,)
          Upsampling long-head to 15-min resolution...
          Long upsampled shape: (2880,)

[STEP 3/4] Rolling short-head refinement (30 days × 96 steps)...
          Day  5/30: α_short=0.65, α_long=0.35, α_ml=0.69
          Day 10/30: α_short=0.50, α_long=0.50, α_ml=0.66
          Day 15/30: α_short=0.35, α_long=0.65, α_ml=0.64
          Day 20/30: α_short=0.35, α_long=0.65, α_ml=0.61
          Day 25/30: α_short=0.35, α_long=0.65, α_ml=0.59
          Day 30/30: α_short=0.35, α_long=0.65, α_ml=0.56
          Final forecast shape: (2880,)
          Final range: [0.000, 0.557]

[STEP 4/4] Validation...
         ✓ Shape correct (2880 steps)
         ✓ Range valid [0.000, 0.557]
         ✓ All night hours zero
         ✓ Daylight mean: 0.211

[SUCCESS] Hierarchical 30-day forecast complete!
          Total TFT calls: 1 long-head + 30 short-head = 31

[INFO] Hierarchical 30-day forecast starting 2024-02-10 00:00:00+00:00
[INFO] Fetching live weather from OpenMeteo API...
                [Auto-selected ECMWF API for 15-day forecast]
[WeatherClient] Fetching 15-day ECMWF forecast
                Location: (48.6946°N, 12.5976°E)
                Period: 2024-02-10 → 2024-02-25
                Tilt/Azimuth: 25.0° / 180.0°
                API: ECMWF
[ERROR] Live weather fetch failed: OpenMeteo API call failed: {'error': True, 'reason': "Parameter 'start_date' is out of allowed range from 2025-10-06 to 2026-01-22"}
[ERROR] Falling back to test weather data if available
       Architecture: Long-head (strategic) + 30× Short-head (tactical) + Physics

[PREP] Preparing data for multi-resolution inference...
       Input frequency detected: 15min
       Resampling to hourly for long-head...
       Hourly shape: historical=(720, 28), weather=(720, 32)

[STEP 1/4] Computing PVLib physics baseline (2880 steps @ 15-min)...
          Weather window: 2880 steps (2024-02-10 00:00:00+00:00 → 2024-03-10 23:45:00+00:00)
          Using pre-computed PVLib baseline (pvlib_ac_kw column)
          PVLib shape: (2880,), range: [0.000, 0.846]

[STEP 2/4] Running long-head TFT (strategic: 720 hours @ 1-hour)...
          Long-head shape: (720,)
          Upsampling long-head to 15-min resolution...
          Long upsampled shape: (2880,)

[STEP 3/4] Rolling short-head refinement (30 days × 96 steps)...
          Day  5/30: α_short=0.65, α_long=0.35, α_ml=0.69
          Day 10/30: α_short=0.50, α_long=0.50, α_ml=0.66
/home/dwijenayake/pv_forecast_30d/src/inference/physics_aware_forecaster.py:386: FutureWarning: 'H' is deprecated and will be removed in a future version, please use 'h' instead.
  hourly_hist = historical_df[['timestamp_utc'] + hist_numeric_cols].set_index('timestamp_utc').resample('1H').mean().reset_index()
/home/dwijenayake/pv_forecast_30d/src/inference/physics_aware_forecaster.py:387: FutureWarning: 'H' is deprecated and will be removed in a future version, please use 'h' instead.
  hourly_weather = weather_df[['timestamp_utc'] + weather_numeric_cols].set_index('timestamp_utc').resample('1H').mean().reset_index()
/home/dwijenayake/pv_forecast_30d/src/inference/physics_aware_forecaster.py:386: FutureWarning: 'H' is deprecated and will be removed in a future version, please use 'h' instead.
  hourly_hist = historical_df[['timestamp_utc'] + hist_numeric_cols].set_index('timestamp_utc').resample('1H').mean().reset_index()
/home/dwijenayake/pv_forecast_30d/src/inference/physics_aware_forecaster.py:387: FutureWarning: 'H' is deprecated and will be removed in a future version, please use 'h' instead.
  hourly_weather = weather_df[['timestamp_utc'] + weather_numeric_cols].set_index('timestamp_utc').resample('1H').mean().reset_index()
/home/dwijenayake/pv_forecast_30d/src/inference/physics_aware_forecaster.py:386: FutureWarning: 'H' is deprecated and will be removed in a future version, please use 'h' instead.
  hourly_hist = historical_df[['timestamp_utc'] + hist_numeric_cols].set_index('timestamp_utc').resample('1H').mean().reset_index()
/home/dwijenayake/pv_forecast_30d/src/inference/physics_aware_forecaster.py:387: FutureWarning: 'H' is deprecated and will be removed in a future version, please use 'h' instead.
  hourly_weather = weather_df[['timestamp_utc'] + weather_numeric_cols].set_index('timestamp_utc').resample('1H').mean().reset_index()
/home/dwijenayake/pv_forecast_30d/src/inference/physics_aware_forecaster.py:386: FutureWarning: 'H' is deprecated and will be removed in a future version, please use 'h' instead.
  hourly_hist = historical_df[['timestamp_utc'] + hist_numeric_cols].set_index('timestamp_utc').resample('1H').mean().reset_index()
/home/dwijenayake/pv_forecast_30d/src/inference/physics_aware_forecaster.py:387: FutureWarning: 'H' is deprecated and will be removed in a future version, please use 'h' instead.
  hourly_weather = weather_df[['timestamp_utc'] + weather_numeric_cols].set_index('timestamp_utc').resample('1H').mean().reset_index()
          Day 15/30: α_short=0.35, α_long=0.65, α_ml=0.64
          Day 20/30: α_short=0.35, α_long=0.65, α_ml=0.61
          Day 25/30: α_short=0.35, α_long=0.65, α_ml=0.59
          Day 30/30: α_short=0.35, α_long=0.65, α_ml=0.56
          Final forecast shape: (2880,)
          Final range: [0.000, 0.557]

[STEP 4/4] Validation...
         ✓ Shape correct (2880 steps)
         ✓ Range valid [0.000, 0.557]
         ✓ All night hours zero
         ✓ Daylight mean: 0.217

[SUCCESS] Hierarchical 30-day forecast complete!
          Total TFT calls: 1 long-head + 30 short-head = 31

[INFO] Hierarchical 30-day forecast starting 2024-02-11 00:00:00+00:00
[INFO] Fetching live weather from OpenMeteo API...
                [Auto-selected ECMWF API for 15-day forecast]
[WeatherClient] Fetching 15-day ECMWF forecast
                Location: (48.6946°N, 12.5976°E)
                Period: 2024-02-11 → 2024-02-26
                Tilt/Azimuth: 25.0° / 180.0°
                API: ECMWF
[ERROR] Live weather fetch failed: OpenMeteo API call failed: {'error': True, 'reason': "Parameter 'start_date' is out of allowed range from 2025-10-06 to 2026-01-22"}
[ERROR] Falling back to test weather data if available
       Architecture: Long-head (strategic) + 30× Short-head (tactical) + Physics

[PREP] Preparing data for multi-resolution inference...
       Input frequency detected: 15min
       Resampling to hourly for long-head...
       Hourly shape: historical=(720, 28), weather=(720, 32)

[STEP 1/4] Computing PVLib physics baseline (2880 steps @ 15-min)...
          Weather window: 2880 steps (2024-02-11 00:00:00+00:00 → 2024-03-11 23:45:00+00:00)
          Using pre-computed PVLib baseline (pvlib_ac_kw column)
          PVLib shape: (2880,), range: [0.000, 0.846]

[STEP 2/4] Running long-head TFT (strategic: 720 hours @ 1-hour)...
          Long-head shape: (720,)
          Upsampling long-head to 15-min resolution...
          Long upsampled shape: (2880,)

[STEP 3/4] Rolling short-head refinement (30 days × 96 steps)...
          Day  5/30: α_short=0.65, α_long=0.35, α_ml=0.69
          Day 10/30: α_short=0.50, α_long=0.50, α_ml=0.66
          Day 15/30: α_short=0.35, α_long=0.65, α_ml=0.64
          Day 20/30: α_short=0.35, α_long=0.65, α_ml=0.61
          Day 25/30: α_short=0.35, α_long=0.65, α_ml=0.59
          Day 30/30: α_short=0.35, α_long=0.65, α_ml=0.56
          Final forecast shape: (2880,)
          Final range: [0.000, 0.554]

[STEP 4/4] Validation...
         ✓ Shape correct (2880 steps)
         ✓ Range valid [0.000, 0.554]
         ✓ All night hours zero
         ✓ Daylight mean: 0.222

[SUCCESS] Hierarchical 30-day forecast complete!
          Total TFT calls: 1 long-head + 30 short-head = 31

[INFO] Hierarchical 30-day forecast starting 2024-02-12 00:00:00+00:00
[INFO] Fetching live weather from OpenMeteo API...
                [Auto-selected ECMWF API for 15-day forecast]
[WeatherClient] Fetching 15-day ECMWF forecast
                Location: (48.6946°N, 12.5976°E)
                Period: 2024-02-12 → 2024-02-27
                Tilt/Azimuth: 25.0° / 180.0°
                API: ECMWF
[ERROR] Live weather fetch failed: OpenMeteo API call failed: {'reason': "Parameter 'start_date' is out of allowed range from 2025-10-06 to 2026-01-22", 'error': True}
[ERROR] Falling back to test weather data if available
       Architecture: Long-head (strategic) + 30× Short-head (tactical) + Physics

[PREP] Preparing data for multi-resolution inference...
       Input frequency detected: 15min
       Resampling to hourly for long-head...
       Hourly shape: historical=(720, 28), weather=(720, 32)

[STEP 1/4] Computing PVLib physics baseline (2880 steps @ 15-min)...
          Weather window: 2880 steps (2024-02-12 00:00:00+00:00 → 2024-03-12 23:45:00+00:00)
          Using pre-computed PVLib baseline (pvlib_ac_kw column)
          PVLib shape: (2880,), range: [0.000, 0.846]

[STEP 2/4] Running long-head TFT (strategic: 720 hours @ 1-hour)...
          Long-head shape: (720,)
          Upsampling long-head to 15-min resolution...
          Long upsampled shape: (2880,)

[STEP 3/4] Rolling short-head refinement (30 days × 96 steps)...
          Day  5/30: α_short=0.65, α_long=0.35, α_ml=0.69
          Day 10/30: α_short=0.50, α_long=0.50, α_ml=0.66
          Day 15/30: α_short=0.35, α_long=0.65, α_ml=0.64
          Day 20/30: α_short=0.35, α_long=0.65, α_ml=0.61
          Day 25/30: α_short=0.35, α_long=0.65, α_ml=0.59
          Day 30/30: α_short=0.35, α_long=0.65, α_ml=0.56
          Final forecast shape: (2880,)
          Final range: [0.000, 0.550]

[STEP 4/4] Validation...
         ✓ Shape correct (2880 steps)
         ✓ Range valid [0.000, 0.550]
         ✓ All night hours zero
         ✓ Daylight mean: 0.221

[SUCCESS] Hierarchical 30-day forecast complete!
          Total TFT calls: 1 long-head + 30 short-head = 31

[INFO] Hierarchical 30-day forecast starting 2024-02-13 00:00:00+00:00
[INFO] Fetching live weather from OpenMeteo API...
                [Auto-selected ECMWF API for 15-day forecast]
[WeatherClient] Fetching 15-day ECMWF forecast
                Location: (48.6946°N, 12.5976°E)
                Period: 2024-02-13 → 2024-02-28
                Tilt/Azimuth: 25.0° / 180.0°
                API: ECMWF
[ERROR] Live weather fetch failed: OpenMeteo API call failed: {'reason': "Parameter 'start_date' is out of allowed range from 2025-10-06 to 2026-01-22", 'error': True}
[ERROR] Falling back to test weather data if available
       Architecture: Long-head (strategic) + 30× Short-head (tactical) + Physics

[PREP] Preparing data for multi-resolution inference...
       Input frequency detected: 15min
       Resampling to hourly for long-head...
       Hourly shape: historical=(720, 28), weather=(720, 32)

[STEP 1/4] Computing PVLib physics baseline (2880 steps @ 15-min)...
          Weather window: 2880 steps (2024-02-13 00:00:00+00:00 → 2024-03-13 23:45:00+00:00)
          Using pre-computed PVLib baseline (pvlib_ac_kw column)
          PVLib shape: (2880,), range: [0.000, 0.846]

[STEP 2/4] Running long-head TFT (strategic: 720 hours @ 1-hour)...
          Long-head shape: (720,)
          Upsampling long-head to 15-min resolution...
          Long upsampled shape: (2880,)

[STEP 3/4] Rolling short-head refinement (30 days × 96 steps)...
          Day  5/30: α_short=0.65, α_long=0.35, α_ml=0.69
          Day 10/30: α_short=0.50, α_long=0.50, α_ml=0.66
          Day 15/30: α_short=0.35, α_long=0.65, α_ml=0.64
          Day 20/30: α_short=0.35, α_long=0.65, α_ml=0.61
          Day 25/30: α_short=0.35, α_long=0.65, α_ml=0.59
          Day 30/30: α_short=0.35, α_long=0.65, α_ml=0.56
          Final forecast shape: (2880,)
          Final range: [0.000, 0.547]

[STEP 4/4] Validation...
         ✓ Shape correct (2880 steps)
         ✓ Range valid [0.000, 0.547]
         ✓ All night hours zero
         ✓ Daylight mean: 0.224

[SUCCESS] Hierarchical 30-day forecast complete!
          Total TFT calls: 1 long-head + 30 short-head = 31

[INFO] Hierarchical 30-day forecast starting 2024-02-14 00:00:00+00:00
[INFO] Fetching live weather from OpenMeteo API...
                [Auto-selected ECMWF API for 15-day forecast]
[WeatherClient] Fetching 15-day ECMWF forecast
                Location: (48.6946°N, 12.5976°E)
                Period: 2024-02-14 → 2024-02-29
                Tilt/Azimuth: 25.0° / 180.0°
                API: ECMWF
[ERROR] Live weather fetch failed: OpenMeteo API call failed: {'error': True, 'reason': "Parameter 'start_date' is out of allowed range from 2025-10-06 to 2026-01-22"}
[ERROR] Falling back to test weather data if available
       Architecture: Long-head (strategic) + 30× Short-head (tactical) + Physics

[PREP] Preparing data for multi-resolution inference...
       Input frequency detected: 15min
       Resampling to hourly for long-head...
       Hourly shape: historical=(720, 28), weather=(720, 32)

[STEP 1/4] Computing PVLib physics baseline (2880 steps @ 15-min)...
/home/dwijenayake/pv_forecast_30d/src/inference/physics_aware_forecaster.py:386: FutureWarning: 'H' is deprecated and will be removed in a future version, please use 'h' instead.
  hourly_hist = historical_df[['timestamp_utc'] + hist_numeric_cols].set_index('timestamp_utc').resample('1H').mean().reset_index()
/home/dwijenayake/pv_forecast_30d/src/inference/physics_aware_forecaster.py:387: FutureWarning: 'H' is deprecated and will be removed in a future version, please use 'h' instead.
  hourly_weather = weather_df[['timestamp_utc'] + weather_numeric_cols].set_index('timestamp_utc').resample('1H').mean().reset_index()
/home/dwijenayake/pv_forecast_30d/src/inference/physics_aware_forecaster.py:386: FutureWarning: 'H' is deprecated and will be removed in a future version, please use 'h' instead.
  hourly_hist = historical_df[['timestamp_utc'] + hist_numeric_cols].set_index('timestamp_utc').resample('1H').mean().reset_index()
/home/dwijenayake/pv_forecast_30d/src/inference/physics_aware_forecaster.py:387: FutureWarning: 'H' is deprecated and will be removed in a future version, please use 'h' instead.
  hourly_weather = weather_df[['timestamp_utc'] + weather_numeric_cols].set_index('timestamp_utc').resample('1H').mean().reset_index()
/home/dwijenayake/pv_forecast_30d/src/inference/physics_aware_forecaster.py:386: FutureWarning: 'H' is deprecated and will be removed in a future version, please use 'h' instead.
  hourly_hist = historical_df[['timestamp_utc'] + hist_numeric_cols].set_index('timestamp_utc').resample('1H').mean().reset_index()
/home/dwijenayake/pv_forecast_30d/src/inference/physics_aware_forecaster.py:387: FutureWarning: 'H' is deprecated and will be removed in a future version, please use 'h' instead.
  hourly_weather = weather_df[['timestamp_utc'] + weather_numeric_cols].set_index('timestamp_utc').resample('1H').mean().reset_index()
          Weather window: 2880 steps (2024-02-14 00:00:00+00:00 → 2024-03-14 23:45:00+00:00)
          Using pre-computed PVLib baseline (pvlib_ac_kw column)
          PVLib shape: (2880,), range: [0.000, 0.846]

[STEP 2/4] Running long-head TFT (strategic: 720 hours @ 1-hour)...
          Long-head shape: (720,)
          Upsampling long-head to 15-min resolution...
          Long upsampled shape: (2880,)

[STEP 3/4] Rolling short-head refinement (30 days × 96 steps)...
          Day  5/30: α_short=0.65, α_long=0.35, α_ml=0.69
          Day 10/30: α_short=0.50, α_long=0.50, α_ml=0.66
          Day 15/30: α_short=0.35, α_long=0.65, α_ml=0.64
          Day 20/30: α_short=0.35, α_long=0.65, α_ml=0.61
          Day 25/30: α_short=0.35, α_long=0.65, α_ml=0.59
          Day 30/30: α_short=0.35, α_long=0.65, α_ml=0.56
          Final forecast shape: (2880,)
          Final range: [0.000, 0.544]

[STEP 4/4] Validation...
         ✓ Shape correct (2880 steps)
         ✓ Range valid [0.000, 0.544]
         ✓ All night hours zero
         ✓ Daylight mean: 0.226

[SUCCESS] Hierarchical 30-day forecast complete!
          Total TFT calls: 1 long-head + 30 short-head = 31

[INFO] Hierarchical 30-day forecast starting 2024-02-15 00:00:00+00:00
[INFO] Fetching live weather from OpenMeteo API...
                [Auto-selected ECMWF API for 15-day forecast]
[WeatherClient] Fetching 15-day ECMWF forecast
                Location: (48.6946°N, 12.5976°E)
                Period: 2024-02-15 → 2024-03-01
                Tilt/Azimuth: 25.0° / 180.0°
                API: ECMWF
[ERROR] Live weather fetch failed: OpenMeteo API call failed: {'error': True, 'reason': "Parameter 'start_date' is out of allowed range from 2025-10-06 to 2026-01-22"}
[ERROR] Falling back to test weather data if available
       Architecture: Long-head (strategic) + 30× Short-head (tactical) + Physics

[PREP] Preparing data for multi-resolution inference...
       Input frequency detected: 15min
       Resampling to hourly for long-head...
       Hourly shape: historical=(720, 28), weather=(720, 32)

[STEP 1/4] Computing PVLib physics baseline (2880 steps @ 15-min)...
          Weather window: 2880 steps (2024-02-15 00:00:00+00:00 → 2024-03-15 23:45:00+00:00)
          Using pre-computed PVLib baseline (pvlib_ac_kw column)
          PVLib shape: (2880,), range: [0.000, 0.846]

[STEP 2/4] Running long-head TFT (strategic: 720 hours @ 1-hour)...
          Long-head shape: (720,)
          Upsampling long-head to 15-min resolution...
          Long upsampled shape: (2880,)

[STEP 3/4] Rolling short-head refinement (30 days × 96 steps)...
          Day  5/30: α_short=0.65, α_long=0.35, α_ml=0.69
          Day 10/30: α_short=0.50, α_long=0.50, α_ml=0.66
          Day 15/30: α_short=0.35, α_long=0.65, α_ml=0.64
          Day 20/30: α_short=0.35, α_long=0.65, α_ml=0.61
          Day 25/30: α_short=0.35, α_long=0.65, α_ml=0.59
          Day 30/30: α_short=0.35, α_long=0.65, α_ml=0.56
          Final forecast shape: (2880,)
          Final range: [0.000, 0.546]

[STEP 4/4] Validation...
         ✓ Shape correct (2880 steps)
         ✓ Range valid [0.000, 0.546]
         ✓ All night hours zero
         ✓ Daylight mean: 0.230

[SUCCESS] Hierarchical 30-day forecast complete!
          Total TFT calls: 1 long-head + 30 short-head = 31

[INFO] Hierarchical 30-day forecast starting 2024-02-16 00:00:00+00:00
[INFO] Fetching live weather from OpenMeteo API...
                [Auto-selected ECMWF API for 15-day forecast]
[WeatherClient] Fetching 15-day ECMWF forecast
                Location: (48.6946°N, 12.5976°E)
                Period: 2024-02-16 → 2024-03-02
                Tilt/Azimuth: 25.0° / 180.0°
                API: ECMWF
[ERROR] Live weather fetch failed: OpenMeteo API call failed: {'error': True, 'reason': "Parameter 'start_date' is out of allowed range from 2025-10-06 to 2026-01-22"}
[ERROR] Falling back to test weather data if available
       Architecture: Long-head (strategic) + 30× Short-head (tactical) + Physics

[PREP] Preparing data for multi-resolution inference...
       Input frequency detected: 15min
       Resampling to hourly for long-head...
       Hourly shape: historical=(720, 28), weather=(720, 32)

[STEP 1/4] Computing PVLib physics baseline (2880 steps @ 15-min)...
          Weather window: 2880 steps (2024-02-16 00:00:00+00:00 → 2024-03-16 23:45:00+00:00)
          Using pre-computed PVLib baseline (pvlib_ac_kw column)
          PVLib shape: (2880,), range: [0.000, 0.846]

[STEP 2/4] Running long-head TFT (strategic: 720 hours @ 1-hour)...
          Long-head shape: (720,)
          Upsampling long-head to 15-min resolution...
          Long upsampled shape: (2880,)

[STEP 3/4] Rolling short-head refinement (30 days × 96 steps)...
          Day  5/30: α_short=0.65, α_long=0.35, α_ml=0.69
          Day 10/30: α_short=0.50, α_long=0.50, α_ml=0.66
          Day 15/30: α_short=0.35, α_long=0.65, α_ml=0.64
          Day 20/30: α_short=0.35, α_long=0.65, α_ml=0.61
          Day 25/30: α_short=0.35, α_long=0.65, α_ml=0.59
          Day 30/30: α_short=0.35, α_long=0.65, α_ml=0.56
          Final forecast shape: (2880,)
          Final range: [0.000, 0.547]

[STEP 4/4] Validation...
         ✓ Shape correct (2880 steps)
         ✓ Range valid [0.000, 0.547]
         ✓ All night hours zero
         ✓ Daylight mean: 0.228

[SUCCESS] Hierarchical 30-day forecast complete!
          Total TFT calls: 1 long-head + 30 short-head = 31

[INFO] Hierarchical 30-day forecast starting 2024-02-17 00:00:00+00:00
[INFO] Fetching live weather from OpenMeteo API...
                [Auto-selected ECMWF API for 15-day forecast]
[WeatherClient] Fetching 15-day ECMWF forecast
                Location: (48.6946°N, 12.5976°E)
                Period: 2024-02-17 → 2024-03-03
                Tilt/Azimuth: 25.0° / 180.0°
                API: ECMWF
[ERROR] Live weather fetch failed: OpenMeteo API call failed: {'error': True, 'reason': "Parameter 'start_date' is out of allowed range from 2025-10-06 to 2026-01-22"}
[ERROR] Falling back to test weather data if available
       Architecture: Long-head (strategic) + 30× Short-head (tactical) + Physics

[PREP] Preparing data for multi-resolution inference...
       Input frequency detected: 15min
       Resampling to hourly for long-head...
       Hourly shape: historical=(720, 28), weather=(720, 32)

[STEP 1/4] Computing PVLib physics baseline (2880 steps @ 15-min)...
          Weather window: 2880 steps (2024-02-17 00:00:00+00:00 → 2024-03-17 23:45:00+00:00)
          Using pre-computed PVLib baseline (pvlib_ac_kw column)
          PVLib shape: (2880,), range: [0.000, 0.846]

[STEP 2/4] Running long-head TFT (strategic: 720 hours @ 1-hour)...
          Long-head shape: (720,)
          Upsampling long-head to 15-min resolution...
          Long upsampled shape: (2880,)

[STEP 3/4] Rolling short-head refinement (30 days × 96 steps)...
          Day  5/30: α_short=0.65, α_long=0.35, α_ml=0.69
          Day 10/30: α_short=0.50, α_long=0.50, α_ml=0.66
          Day 15/30: α_short=0.35, α_long=0.65, α_ml=0.64
          Day 20/30: α_short=0.35, α_long=0.65, α_ml=0.61
          Day 25/30: α_short=0.35, α_long=0.65, α_ml=0.59
          Day 30/30: α_short=0.35, α_long=0.65, α_ml=0.56
          Final forecast shape: (2880,)
          Final range: [0.000, 0.545]

[STEP 4/4] Validation...
         ✓ Shape correct (2880 steps)
         ✓ Range valid [0.000, 0.545]
         ✓ All night hours zero
         ✓ Daylight mean: 0.227

[SUCCESS] Hierarchical 30-day forecast complete!
          Total TFT calls: 1 long-head + 30 short-head = 31

[INFO] Hierarchical 30-day forecast starting 2024-02-18 00:00:00+00:00
[INFO] Fetching live weather from OpenMeteo API...
                [Auto-selected ECMWF API for 15-day forecast]
[WeatherClient] Fetching 15-day ECMWF forecast
                Location: (48.6946°N, 12.5976°E)
                Period: 2024-02-18 → 2024-03-04
                Tilt/Azimuth: 25.0° / 180.0°
                API: ECMWF
/home/dwijenayake/pv_forecast_30d/src/inference/physics_aware_forecaster.py:386: FutureWarning: 'H' is deprecated and will be removed in a future version, please use 'h' instead.
  hourly_hist = historical_df[['timestamp_utc'] + hist_numeric_cols].set_index('timestamp_utc').resample('1H').mean().reset_index()
/home/dwijenayake/pv_forecast_30d/src/inference/physics_aware_forecaster.py:387: FutureWarning: 'H' is deprecated and will be removed in a future version, please use 'h' instead.
  hourly_weather = weather_df[['timestamp_utc'] + weather_numeric_cols].set_index('timestamp_utc').resample('1H').mean().reset_index()
/home/dwijenayake/pv_forecast_30d/src/inference/physics_aware_forecaster.py:386: FutureWarning: 'H' is deprecated and will be removed in a future version, please use 'h' instead.
  hourly_hist = historical_df[['timestamp_utc'] + hist_numeric_cols].set_index('timestamp_utc').resample('1H').mean().reset_index()
/home/dwijenayake/pv_forecast_30d/src/inference/physics_aware_forecaster.py:387: FutureWarning: 'H' is deprecated and will be removed in a future version, please use 'h' instead.
  hourly_weather = weather_df[['timestamp_utc'] + weather_numeric_cols].set_index('timestamp_utc').resample('1H').mean().reset_index()
/home/dwijenayake/pv_forecast_30d/src/inference/physics_aware_forecaster.py:386: FutureWarning: 'H' is deprecated and will be removed in a future version, please use 'h' instead.
  hourly_hist = historical_df[['timestamp_utc'] + hist_numeric_cols].set_index('timestamp_utc').resample('1H').mean().reset_index()
/home/dwijenayake/pv_forecast_30d/src/inference/physics_aware_forecaster.py:387: FutureWarning: 'H' is deprecated and will be removed in a future version, please use 'h' instead.
  hourly_weather = weather_df[['timestamp_utc'] + weather_numeric_cols].set_index('timestamp_utc').resample('1H').mean().reset_index()
/home/dwijenayake/pv_forecast_30d/src/inference/physics_aware_forecaster.py:386: FutureWarning: 'H' is deprecated and will be removed in a future version, please use 'h' instead.
  hourly_hist = historical_df[['timestamp_utc'] + hist_numeric_cols].set_index('timestamp_utc').resample('1H').mean().reset_index()
/home/dwijenayake/pv_forecast_30d/src/inference/physics_aware_forecaster.py:387: FutureWarning: 'H' is deprecated and will be removed in a future version, please use 'h' instead.
  hourly_weather = weather_df[['timestamp_utc'] + weather_numeric_cols].set_index('timestamp_utc').resample('1H').mean().reset_index()
[ERROR] Live weather fetch failed: OpenMeteo API call failed: {'error': True, 'reason': "Parameter 'start_date' is out of allowed range from 2025-10-06 to 2026-01-22"}
[ERROR] Falling back to test weather data if available
       Architecture: Long-head (strategic) + 30× Short-head (tactical) + Physics

[PREP] Preparing data for multi-resolution inference...
       Input frequency detected: 15min
       Resampling to hourly for long-head...
       Hourly shape: historical=(720, 28), weather=(720, 32)

[STEP 1/4] Computing PVLib physics baseline (2880 steps @ 15-min)...
          Weather window: 2880 steps (2024-02-18 00:00:00+00:00 → 2024-03-18 23:45:00+00:00)
          Using pre-computed PVLib baseline (pvlib_ac_kw column)
          PVLib shape: (2880,), range: [0.000, 0.846]

[STEP 2/4] Running long-head TFT (strategic: 720 hours @ 1-hour)...
          Long-head shape: (720,)
          Upsampling long-head to 15-min resolution...
          Long upsampled shape: (2880,)

[STEP 3/4] Rolling short-head refinement (30 days × 96 steps)...
          Day  5/30: α_short=0.65, α_long=0.35, α_ml=0.69
          Day 10/30: α_short=0.50, α_long=0.50, α_ml=0.66
          Day 15/30: α_short=0.35, α_long=0.65, α_ml=0.64
          Day 20/30: α_short=0.35, α_long=0.65, α_ml=0.61
          Day 25/30: α_short=0.35, α_long=0.65, α_ml=0.59
          Day 30/30: α_short=0.35, α_long=0.65, α_ml=0.56
          Final forecast shape: (2880,)
          Final range: [0.000, 0.543]

[STEP 4/4] Validation...
         ✓ Shape correct (2880 steps)
         ✓ Range valid [0.000, 0.543]
         ✓ All night hours zero
         ✓ Daylight mean: 0.226

[SUCCESS] Hierarchical 30-day forecast complete!
          Total TFT calls: 1 long-head + 30 short-head = 31

[INFO] Hierarchical 30-day forecast starting 2024-02-19 00:00:00+00:00
[INFO] Fetching live weather from OpenMeteo API...
                [Auto-selected ECMWF API for 15-day forecast]
[WeatherClient] Fetching 15-day ECMWF forecast
                Location: (48.6946°N, 12.5976°E)
                Period: 2024-02-19 → 2024-03-05
                Tilt/Azimuth: 25.0° / 180.0°
                API: ECMWF
[ERROR] Live weather fetch failed: OpenMeteo API call failed: {'error': True, 'reason': "Parameter 'start_date' is out of allowed range from 2025-10-06 to 2026-01-22"}
[ERROR] Falling back to test weather data if available
       Architecture: Long-head (strategic) + 30× Short-head (tactical) + Physics

[PREP] Preparing data for multi-resolution inference...
       Input frequency detected: 15min
       Resampling to hourly for long-head...
       Hourly shape: historical=(720, 28), weather=(720, 32)

[STEP 1/4] Computing PVLib physics baseline (2880 steps @ 15-min)...
          Weather window: 2880 steps (2024-02-19 00:00:00+00:00 → 2024-03-19 23:45:00+00:00)
          Using pre-computed PVLib baseline (pvlib_ac_kw column)
          PVLib shape: (2880,), range: [0.000, 0.846]

[STEP 2/4] Running long-head TFT (strategic: 720 hours @ 1-hour)...
          Long-head shape: (720,)
          Upsampling long-head to 15-min resolution...
          Long upsampled shape: (2880,)

[STEP 3/4] Rolling short-head refinement (30 days × 96 steps)...
          Day  5/30: α_short=0.65, α_long=0.35, α_ml=0.69
          Day 10/30: α_short=0.50, α_long=0.50, α_ml=0.66
          Day 15/30: α_short=0.35, α_long=0.65, α_ml=0.64
          Day 20/30: α_short=0.35, α_long=0.65, α_ml=0.61
          Day 25/30: α_short=0.35, α_long=0.65, α_ml=0.59
          Day 30/30: α_short=0.35, α_long=0.65, α_ml=0.56
          Final forecast shape: (2880,)
          Final range: [0.000, 0.542]

[STEP 4/4] Validation...
         ✓ Shape correct (2880 steps)
         ✓ Range valid [0.000, 0.542]
         ✓ All night hours zero
         ✓ Daylight mean: 0.230

[SUCCESS] Hierarchical 30-day forecast complete!
          Total TFT calls: 1 long-head + 30 short-head = 31

[INFO] Hierarchical 30-day forecast starting 2024-02-20 00:00:00+00:00
[INFO] Fetching live weather from OpenMeteo API...
                [Auto-selected ECMWF API for 15-day forecast]
[WeatherClient] Fetching 15-day ECMWF forecast
                Location: (48.6946°N, 12.5976°E)
                Period: 2024-02-20 → 2024-03-06
                Tilt/Azimuth: 25.0° / 180.0°
                API: ECMWF
[ERROR] Live weather fetch failed: OpenMeteo API call failed: {'error': True, 'reason': "Parameter 'start_date' is out of allowed range from 2025-10-06 to 2026-01-22"}
[ERROR] Falling back to test weather data if available
       Architecture: Long-head (strategic) + 30× Short-head (tactical) + Physics

[PREP] Preparing data for multi-resolution inference...
       Input frequency detected: 15min
       Resampling to hourly for long-head...
       Hourly shape: historical=(720, 28), weather=(720, 32)

[STEP 1/4] Computing PVLib physics baseline (2880 steps @ 15-min)...
          Weather window: 2880 steps (2024-02-20 00:00:00+00:00 → 2024-03-20 23:45:00+00:00)
          Using pre-computed PVLib baseline (pvlib_ac_kw column)
          PVLib shape: (2880,), range: [0.000, 0.846]

[STEP 2/4] Running long-head TFT (strategic: 720 hours @ 1-hour)...
          Long-head shape: (720,)
          Upsampling long-head to 15-min resolution...
          Long upsampled shape: (2880,)

[STEP 3/4] Rolling short-head refinement (30 days × 96 steps)...
          Day  5/30: α_short=0.65, α_long=0.35, α_ml=0.69
          Day 10/30: α_short=0.50, α_long=0.50, α_ml=0.66
          Day 15/30: α_short=0.35, α_long=0.65, α_ml=0.64
          Day 20/30: α_short=0.35, α_long=0.65, α_ml=0.61
          Day 25/30: α_short=0.35, α_long=0.65, α_ml=0.59
          Day 30/30: α_short=0.35, α_long=0.65, α_ml=0.56
          Final forecast shape: (2880,)
          Final range: [0.000, 0.539]

[STEP 4/4] Validation...
         ✓ Shape correct (2880 steps)
         ✓ Range valid [0.000, 0.539]
         ✓ All night hours zero
         ✓ Daylight mean: 0.236

[SUCCESS] Hierarchical 30-day forecast complete!
          Total TFT calls: 1 long-head + 30 short-head = 31

[INFO] Hierarchical 30-day forecast starting 2024-02-21 00:00:00+00:00
[INFO] Fetching live weather from OpenMeteo API...
                [Auto-selected ECMWF API for 15-day forecast]
[WeatherClient] Fetching 15-day ECMWF forecast
                Location: (48.6946°N, 12.5976°E)
                Period: 2024-02-21 → 2024-03-07
                Tilt/Azimuth: 25.0° / 180.0°
                API: ECMWF
[ERROR] Live weather fetch failed: OpenMeteo API call failed: {'error': True, 'reason': "Parameter 'start_date' is out of allowed range from 2025-10-06 to 2026-01-22"}
[ERROR] Falling back to test weather data if available
       Architecture: Long-head (strategic) + 30× Short-head (tactical) + Physics

[PREP] Preparing data for multi-resolution inference...
       Input frequency detected: 15min
       Resampling to hourly for long-head...
       Hourly shape: historical=(720, 28), weather=(720, 32)

[STEP 1/4] Computing PVLib physics baseline (2880 steps @ 15-min)...
          Weather window: 2880 steps (2024-02-21 00:00:00+00:00 → 2024-03-21 23:45:00+00:00)
          Using pre-computed PVLib baseline (pvlib_ac_kw column)
          PVLib shape: (2880,), range: [0.000, 0.846]

[STEP 2/4] Running long-head TFT (strategic: 720 hours @ 1-hour)...
          Long-head shape: (720,)
          Upsampling long-head to 15-min resolution...
          Long upsampled shape: (2880,)

[STEP 3/4] Rolling short-head refinement (30 days × 96 steps)...
          Day  5/30: α_short=0.65, α_long=0.35, α_ml=0.69
          Day 10/30: α_short=0.50, α_long=0.50, α_ml=0.66
          Day 15/30: α_short=0.35, α_long=0.65, α_ml=0.64
          Day 20/30: α_short=0.35, α_long=0.65, α_ml=0.61
          Day 25/30: α_short=0.35, α_long=0.65, α_ml=0.59
          Day 30/30: α_short=0.35, α_long=0.65, α_ml=0.56
          Final forecast shape: (2880,)
          Final range: [0.000, 0.537]

[STEP 4/4] Validation...
         ✓ Shape correct (2880 steps)
         ✓ Range valid [0.000, 0.537]
/home/dwijenayake/pv_forecast_30d/src/inference/physics_aware_forecaster.py:386: FutureWarning: 'H' is deprecated and will be removed in a future version, please use 'h' instead.
  hourly_hist = historical_df[['timestamp_utc'] + hist_numeric_cols].set_index('timestamp_utc').resample('1H').mean().reset_index()
/home/dwijenayake/pv_forecast_30d/src/inference/physics_aware_forecaster.py:387: FutureWarning: 'H' is deprecated and will be removed in a future version, please use 'h' instead.
  hourly_weather = weather_df[['timestamp_utc'] + weather_numeric_cols].set_index('timestamp_utc').resample('1H').mean().reset_index()
/home/dwijenayake/pv_forecast_30d/src/inference/physics_aware_forecaster.py:386: FutureWarning: 'H' is deprecated and will be removed in a future version, please use 'h' instead.
  hourly_hist = historical_df[['timestamp_utc'] + hist_numeric_cols].set_index('timestamp_utc').resample('1H').mean().reset_index()
/home/dwijenayake/pv_forecast_30d/src/inference/physics_aware_forecaster.py:387: FutureWarning: 'H' is deprecated and will be removed in a future version, please use 'h' instead.
  hourly_weather = weather_df[['timestamp_utc'] + weather_numeric_cols].set_index('timestamp_utc').resample('1H').mean().reset_index()
/home/dwijenayake/pv_forecast_30d/src/inference/physics_aware_forecaster.py:386: FutureWarning: 'H' is deprecated and will be removed in a future version, please use 'h' instead.
  hourly_hist = historical_df[['timestamp_utc'] + hist_numeric_cols].set_index('timestamp_utc').resample('1H').mean().reset_index()
/home/dwijenayake/pv_forecast_30d/src/inference/physics_aware_forecaster.py:387: FutureWarning: 'H' is deprecated and will be removed in a future version, please use 'h' instead.
  hourly_weather = weather_df[['timestamp_utc'] + weather_numeric_cols].set_index('timestamp_utc').resample('1H').mean().reset_index()
/home/dwijenayake/pv_forecast_30d/src/inference/physics_aware_forecaster.py:386: FutureWarning: 'H' is deprecated and will be removed in a future version, please use 'h' instead.
  hourly_hist = historical_df[['timestamp_utc'] + hist_numeric_cols].set_index('timestamp_utc').resample('1H').mean().reset_index()
/home/dwijenayake/pv_forecast_30d/src/inference/physics_aware_forecaster.py:387: FutureWarning: 'H' is deprecated and will be removed in a future version, please use 'h' instead.
  hourly_weather = weather_df[['timestamp_utc'] + weather_numeric_cols].set_index('timestamp_utc').resample('1H').mean().reset_index()
         ✓ All night hours zero
         ✓ Daylight mean: 0.233

[SUCCESS] Hierarchical 30-day forecast complete!
          Total TFT calls: 1 long-head + 30 short-head = 31

[INFO] Hierarchical 30-day forecast starting 2024-02-22 00:00:00+00:00
[INFO] Fetching live weather from OpenMeteo API...
                [Auto-selected ECMWF API for 15-day forecast]
[WeatherClient] Fetching 15-day ECMWF forecast
                Location: (48.6946°N, 12.5976°E)
                Period: 2024-02-22 → 2024-03-08
                Tilt/Azimuth: 25.0° / 180.0°
                API: ECMWF
[ERROR] Live weather fetch failed: OpenMeteo API call failed: {'reason': "Parameter 'start_date' is out of allowed range from 2025-10-06 to 2026-01-22", 'error': True}
[ERROR] Falling back to test weather data if available
       Architecture: Long-head (strategic) + 30× Short-head (tactical) + Physics

[PREP] Preparing data for multi-resolution inference...
       Input frequency detected: 15min
       Resampling to hourly for long-head...
       Hourly shape: historical=(720, 28), weather=(720, 32)

[STEP 1/4] Computing PVLib physics baseline (2880 steps @ 15-min)...
          Weather window: 2880 steps (2024-02-22 00:00:00+00:00 → 2024-03-22 23:45:00+00:00)
          Using pre-computed PVLib baseline (pvlib_ac_kw column)
          PVLib shape: (2880,), range: [0.000, 0.846]

[STEP 2/4] Running long-head TFT (strategic: 720 hours @ 1-hour)...
          Long-head shape: (720,)
          Upsampling long-head to 15-min resolution...
          Long upsampled shape: (2880,)

[STEP 3/4] Rolling short-head refinement (30 days × 96 steps)...
          Day  5/30: α_short=0.65, α_long=0.35, α_ml=0.69
          Day 10/30: α_short=0.50, α_long=0.50, α_ml=0.66
          Day 15/30: α_short=0.35, α_long=0.65, α_ml=0.64
          Day 20/30: α_short=0.35, α_long=0.65, α_ml=0.61
          Day 25/30: α_short=0.35, α_long=0.65, α_ml=0.59
          Day 30/30: α_short=0.35, α_long=0.65, α_ml=0.56
          Final forecast shape: (2880,)
          Final range: [0.000, 0.534]

[STEP 4/4] Validation...
         ✓ Shape correct (2880 steps)
         ✓ Range valid [0.000, 0.534]
         ✓ All night hours zero
         ✓ Daylight mean: 0.234

[SUCCESS] Hierarchical 30-day forecast complete!
          Total TFT calls: 1 long-head + 30 short-head = 31

[INFO] Hierarchical 30-day forecast starting 2024-02-23 00:00:00+00:00
[INFO] Fetching live weather from OpenMeteo API...
                [Auto-selected ECMWF API for 15-day forecast]
[WeatherClient] Fetching 15-day ECMWF forecast
                Location: (48.6946°N, 12.5976°E)
                Period: 2024-02-23 → 2024-03-09
                Tilt/Azimuth: 25.0° / 180.0°
                API: ECMWF
[ERROR] Live weather fetch failed: OpenMeteo API call failed: {'error': True, 'reason': "Parameter 'start_date' is out of allowed range from 2025-10-06 to 2026-01-22"}
[ERROR] Falling back to test weather data if available
       Architecture: Long-head (strategic) + 30× Short-head (tactical) + Physics

[PREP] Preparing data for multi-resolution inference...
       Input frequency detected: 15min
       Resampling to hourly for long-head...
       Hourly shape: historical=(720, 28), weather=(720, 32)

[STEP 1/4] Computing PVLib physics baseline (2880 steps @ 15-min)...
          Weather window: 2880 steps (2024-02-23 00:00:00+00:00 → 2024-03-23 23:45:00+00:00)
          Using pre-computed PVLib baseline (pvlib_ac_kw column)
          PVLib shape: (2880,), range: [0.000, 0.846]

[STEP 2/4] Running long-head TFT (strategic: 720 hours @ 1-hour)...
          Long-head shape: (720,)
          Upsampling long-head to 15-min resolution...
          Long upsampled shape: (2880,)

[STEP 3/4] Rolling short-head refinement (30 days × 96 steps)...
          Day  5/30: α_short=0.65, α_long=0.35, α_ml=0.69
          Day 10/30: α_short=0.50, α_long=0.50, α_ml=0.66
          Day 15/30: α_short=0.35, α_long=0.65, α_ml=0.64
          Day 20/30: α_short=0.35, α_long=0.65, α_ml=0.61
          Day 25/30: α_short=0.35, α_long=0.65, α_ml=0.59
          Day 30/30: α_short=0.35, α_long=0.65, α_ml=0.56
          Final forecast shape: (2880,)
          Final range: [0.000, 0.532]

[STEP 4/4] Validation...
         ✓ Shape correct (2880 steps)
         ✓ Range valid [0.000, 0.532]
         ✓ All night hours zero
         ✓ Daylight mean: 0.233

[SUCCESS] Hierarchical 30-day forecast complete!
          Total TFT calls: 1 long-head + 30 short-head = 31

[INFO] Hierarchical 30-day forecast starting 2024-02-24 00:00:00+00:00
[INFO] Fetching live weather from OpenMeteo API...
                [Auto-selected ECMWF API for 15-day forecast]
[WeatherClient] Fetching 15-day ECMWF forecast
                Location: (48.6946°N, 12.5976°E)
                Period: 2024-02-24 → 2024-03-10
                Tilt/Azimuth: 25.0° / 180.0°
                API: ECMWF
[ERROR] Live weather fetch failed: OpenMeteo API call failed: {'reason': "Parameter 'start_date' is out of allowed range from 2025-10-06 to 2026-01-22", 'error': True}
[ERROR] Falling back to test weather data if available
       Architecture: Long-head (strategic) + 30× Short-head (tactical) + Physics

[PREP] Preparing data for multi-resolution inference...
       Input frequency detected: 15min
       Resampling to hourly for long-head...
       Hourly shape: historical=(720, 28), weather=(720, 32)

[STEP 1/4] Computing PVLib physics baseline (2880 steps @ 15-min)...
          Weather window: 2880 steps (2024-02-24 00:00:00+00:00 → 2024-03-24 23:45:00+00:00)
          Using pre-computed PVLib baseline (pvlib_ac_kw column)
          PVLib shape: (2880,), range: [0.000, 0.846]

[STEP 2/4] Running long-head TFT (strategic: 720 hours @ 1-hour)...
          Long-head shape: (720,)
          Upsampling long-head to 15-min resolution...
          Long upsampled shape: (2880,)

[STEP 3/4] Rolling short-head refinement (30 days × 96 steps)...
          Day  5/30: α_short=0.65, α_long=0.35, α_ml=0.69
          Day 10/30: α_short=0.50, α_long=0.50, α_ml=0.66
          Day 15/30: α_short=0.35, α_long=0.65, α_ml=0.64
          Day 20/30: α_short=0.35, α_long=0.65, α_ml=0.61
          Day 25/30: α_short=0.35, α_long=0.65, α_ml=0.59
          Day 30/30: α_short=0.35, α_long=0.65, α_ml=0.56
          Final forecast shape: (2880,)
          Final range: [0.000, 0.581]

[STEP 4/4] Validation...
         ✓ Shape correct (2880 steps)
         ✓ Range valid [0.000, 0.581]
         ✓ All night hours zero
         ✓ Daylight mean: 0.234

[SUCCESS] Hierarchical 30-day forecast complete!
          Total TFT calls: 1 long-head + 30 short-head = 31

[INFO] Hierarchical 30-day forecast starting 2024-02-25 00:00:00+00:00
[INFO] Fetching live weather from OpenMeteo API...
                [Auto-selected ECMWF API for 15-day forecast]
[WeatherClient] Fetching 15-day ECMWF forecast
                Location: (48.6946°N, 12.5976°E)
                Period: 2024-02-25 → 2024-03-11
                Tilt/Azimuth: 25.0° / 180.0°
                API: ECMWF
[ERROR] Live weather fetch failed: OpenMeteo API call failed: {'error': True, 'reason': "Parameter 'start_date' is out of allowed range from 2025-10-06 to 2026-01-22"}
[ERROR] Falling back to test weather data if available
       Architecture: Long-head (strategic) + 30× Short-head (tactical) + Physics

[PREP] Preparing data for multi-resolution inference...
       Input frequency detected: 15min
       Resampling to hourly for long-head...
       Hourly shape: historical=(720, 28), weather=(720, 32)

[STEP 1/4] Computing PVLib physics baseline (2880 steps @ 15-min)...
          Weather window: 2880 steps (2024-02-25 00:00:00+00:00 → 2024-03-25 23:45:00+00:00)
          Using pre-computed PVLib baseline (pvlib_ac_kw column)
          PVLib shape: (2880,), range: [0.000, 0.846]

[STEP 2/4] Running long-head TFT (strategic: 720 hours @ 1-hour)...
          Long-head shape: (720,)
          Upsampling long-head to 15-min resolution...
          Long upsampled shape: (2880,)
/home/dwijenayake/pv_forecast_30d/src/inference/physics_aware_forecaster.py:386: FutureWarning: 'H' is deprecated and will be removed in a future version, please use 'h' instead.
  hourly_hist = historical_df[['timestamp_utc'] + hist_numeric_cols].set_index('timestamp_utc').resample('1H').mean().reset_index()
/home/dwijenayake/pv_forecast_30d/src/inference/physics_aware_forecaster.py:387: FutureWarning: 'H' is deprecated and will be removed in a future version, please use 'h' instead.
  hourly_weather = weather_df[['timestamp_utc'] + weather_numeric_cols].set_index('timestamp_utc').resample('1H').mean().reset_index()
/home/dwijenayake/pv_forecast_30d/src/inference/physics_aware_forecaster.py:386: FutureWarning: 'H' is deprecated and will be removed in a future version, please use 'h' instead.
  hourly_hist = historical_df[['timestamp_utc'] + hist_numeric_cols].set_index('timestamp_utc').resample('1H').mean().reset_index()
/home/dwijenayake/pv_forecast_30d/src/inference/physics_aware_forecaster.py:387: FutureWarning: 'H' is deprecated and will be removed in a future version, please use 'h' instead.
  hourly_weather = weather_df[['timestamp_utc'] + weather_numeric_cols].set_index('timestamp_utc').resample('1H').mean().reset_index()
/home/dwijenayake/pv_forecast_30d/src/inference/physics_aware_forecaster.py:386: FutureWarning: 'H' is deprecated and will be removed in a future version, please use 'h' instead.
  hourly_hist = historical_df[['timestamp_utc'] + hist_numeric_cols].set_index('timestamp_utc').resample('1H').mean().reset_index()
/home/dwijenayake/pv_forecast_30d/src/inference/physics_aware_forecaster.py:387: FutureWarning: 'H' is deprecated and will be removed in a future version, please use 'h' instead.
  hourly_weather = weather_df[['timestamp_utc'] + weather_numeric_cols].set_index('timestamp_utc').resample('1H').mean().reset_index()

[STEP 3/4] Rolling short-head refinement (30 days × 96 steps)...
          Day  5/30: α_short=0.65, α_long=0.35, α_ml=0.69
          Day 10/30: α_short=0.50, α_long=0.50, α_ml=0.66
          Day 15/30: α_short=0.35, α_long=0.65, α_ml=0.64
          Day 20/30: α_short=0.35, α_long=0.65, α_ml=0.61
          Day 25/30: α_short=0.35, α_long=0.65, α_ml=0.59
          Day 30/30: α_short=0.35, α_long=0.65, α_ml=0.56
          Final forecast shape: (2880,)
          Final range: [0.000, 0.579]

[STEP 4/4] Validation...
         ✓ Shape correct (2880 steps)
         ✓ Range valid [0.000, 0.579]
         ✓ All night hours zero
         ✓ Daylight mean: 0.237

[SUCCESS] Hierarchical 30-day forecast complete!
          Total TFT calls: 1 long-head + 30 short-head = 31

[INFO] Hierarchical 30-day forecast starting 2024-02-26 00:00:00+00:00
[INFO] Fetching live weather from OpenMeteo API...
                [Auto-selected ECMWF API for 15-day forecast]
[WeatherClient] Fetching 15-day ECMWF forecast
                Location: (48.6946°N, 12.5976°E)
                Period: 2024-02-26 → 2024-03-12
                Tilt/Azimuth: 25.0° / 180.0°
                API: ECMWF
[ERROR] Live weather fetch failed: OpenMeteo API call failed: {'error': True, 'reason': "Parameter 'start_date' is out of allowed range from 2025-10-06 to 2026-01-22"}
[ERROR] Falling back to test weather data if available
       Architecture: Long-head (strategic) + 30× Short-head (tactical) + Physics

[PREP] Preparing data for multi-resolution inference...
       Input frequency detected: 15min
       Resampling to hourly for long-head...
       Hourly shape: historical=(720, 28), weather=(720, 32)

[STEP 1/4] Computing PVLib physics baseline (2880 steps @ 15-min)...
          Weather window: 2880 steps (2024-02-26 00:00:00+00:00 → 2024-03-26 23:45:00+00:00)
          Using pre-computed PVLib baseline (pvlib_ac_kw column)
          PVLib shape: (2880,), range: [0.000, 0.872]

[STEP 2/4] Running long-head TFT (strategic: 720 hours @ 1-hour)...
          Long-head shape: (720,)
          Upsampling long-head to 15-min resolution...
          Long upsampled shape: (2880,)

[STEP 3/4] Rolling short-head refinement (30 days × 96 steps)...
          Day  5/30: α_short=0.65, α_long=0.35, α_ml=0.69
          Day 10/30: α_short=0.50, α_long=0.50, α_ml=0.66
          Day 15/30: α_short=0.35, α_long=0.65, α_ml=0.64
          Day 20/30: α_short=0.35, α_long=0.65, α_ml=0.61
          Day 25/30: α_short=0.35, α_long=0.65, α_ml=0.59
          Day 30/30: α_short=0.35, α_long=0.65, α_ml=0.56
          Final forecast shape: (2880,)
          Final range: [0.000, 0.574]

[STEP 4/4] Validation...
         ✓ Shape correct (2880 steps)
         ✓ Range valid [0.000, 0.574]
         ✓ All night hours zero
         ✓ Daylight mean: 0.242

[SUCCESS] Hierarchical 30-day forecast complete!
          Total TFT calls: 1 long-head + 30 short-head = 31

[INFO] Hierarchical 30-day forecast starting 2024-02-27 00:00:00+00:00
[INFO] Fetching live weather from OpenMeteo API...
                [Auto-selected ECMWF API for 15-day forecast]
[WeatherClient] Fetching 15-day ECMWF forecast
                Location: (48.6946°N, 12.5976°E)
                Period: 2024-02-27 → 2024-03-13
                Tilt/Azimuth: 25.0° / 180.0°
                API: ECMWF
[ERROR] Live weather fetch failed: OpenMeteo API call failed: {'error': True, 'reason': "Parameter 'start_date' is out of allowed range from 2025-10-06 to 2026-01-22"}
[ERROR] Falling back to test weather data if available
       Architecture: Long-head (strategic) + 30× Short-head (tactical) + Physics

[PREP] Preparing data for multi-resolution inference...
       Input frequency detected: 15min
       Resampling to hourly for long-head...
       Hourly shape: historical=(720, 28), weather=(720, 32)

[STEP 1/4] Computing PVLib physics baseline (2880 steps @ 15-min)...
          Weather window: 2880 steps (2024-02-27 00:00:00+00:00 → 2024-03-27 23:45:00+00:00)
          Using pre-computed PVLib baseline (pvlib_ac_kw column)
          PVLib shape: (2880,), range: [0.000, 0.872]

[STEP 2/4] Running long-head TFT (strategic: 720 hours @ 1-hour)...
          Long-head shape: (720,)
          Upsampling long-head to 15-min resolution...
          Long upsampled shape: (2880,)

[STEP 3/4] Rolling short-head refinement (30 days × 96 steps)...
          Day  5/30: α_short=0.65, α_long=0.35, α_ml=0.69
          Day 10/30: α_short=0.50, α_long=0.50, α_ml=0.66
          Day 15/30: α_short=0.35, α_long=0.65, α_ml=0.64
          Day 20/30: α_short=0.35, α_long=0.65, α_ml=0.61
          Day 25/30: α_short=0.35, α_long=0.65, α_ml=0.59
          Day 30/30: α_short=0.35, α_long=0.65, α_ml=0.56
          Final forecast shape: (2880,)
          Final range: [0.000, 0.573]

[STEP 4/4] Validation...
         ✓ Shape correct (2880 steps)
         ✓ Range valid [0.000, 0.573]
         ✓ All night hours zero
         ✓ Daylight mean: 0.247

[SUCCESS] Hierarchical 30-day forecast complete!
          Total TFT calls: 1 long-head + 30 short-head = 31

[INFO] Hierarchical 30-day forecast starting 2024-02-28 00:00:00+00:00
[INFO] Fetching live weather from OpenMeteo API...
                [Auto-selected ECMWF API for 15-day forecast]
[WeatherClient] Fetching 15-day ECMWF forecast
                Location: (48.6946°N, 12.5976°E)
                Period: 2024-02-28 → 2024-03-14
                Tilt/Azimuth: 25.0° / 180.0°
                API: ECMWF
[ERROR] Live weather fetch failed: OpenMeteo API call failed: {'reason': "Parameter 'start_date' is out of allowed range from 2025-10-06 to 2026-01-22", 'error': True}
[ERROR] Falling back to test weather data if available
       Architecture: Long-head (strategic) + 30× Short-head (tactical) + Physics

[PREP] Preparing data for multi-resolution inference...
       Input frequency detected: 15min
       Resampling to hourly for long-head...
       Hourly shape: historical=(720, 28), weather=(720, 32)

[STEP 1/4] Computing PVLib physics baseline (2880 steps @ 15-min)...
          Weather window: 2880 steps (2024-02-28 00:00:00+00:00 → 2024-03-28 23:45:00+00:00)
          Using pre-computed PVLib baseline (pvlib_ac_kw column)
          PVLib shape: (2880,), range: [0.000, 0.872]

[STEP 2/4] Running long-head TFT (strategic: 720 hours @ 1-hour)...
          Long-head shape: (720,)
          Upsampling long-head to 15-min resolution...
          Long upsampled shape: (2880,)

[STEP 3/4] Rolling short-head refinement (30 days × 96 steps)...
          Day  5/30: α_short=0.65, α_long=0.35, α_ml=0.69
          Day 10/30: α_short=0.50, α_long=0.50, α_ml=0.66
          Day 15/30: α_short=0.35, α_long=0.65, α_ml=0.64
          Day 20/30: α_short=0.35, α_long=0.65, α_ml=0.61
          Day 25/30: α_short=0.35, α_long=0.65, α_ml=0.59
          Day 30/30: α_short=0.35, α_long=0.65, α_ml=0.56
          Final forecast shape: (2880,)
          Final range: [0.000, 0.572]

[STEP 4/4] Validation...
         ✓ Shape correct (2880 steps)
         ✓ Range valid [0.000, 0.572]
         ✓ All night hours zero
         ✓ Daylight mean: 0.249

[SUCCESS] Hierarchical 30-day forecast complete!
          Total TFT calls: 1 long-head + 30 short-head = 31

[INFO] Hierarchical 30-day forecast starting 2024-02-29 00:00:00+00:00
[INFO] Fetching live weather from OpenMeteo API...
                [Auto-selected ECMWF API for 15-day forecast]
[WeatherClient] Fetching 15-day ECMWF forecast
                Location: (48.6946°N, 12.5976°E)
                Period: 2024-02-29 → 2024-03-15
                Tilt/Azimuth: 25.0° / 180.0°
                API: ECMWF
[ERROR] Live weather fetch failed: OpenMeteo API call failed: {'error': True, 'reason': "Parameter 'start_date' is out of allowed range from 2025-10-06 to 2026-01-22"}
[ERROR] Falling back to test weather data if available
       Architecture: Long-head (strategic) + 30× Short-head (tactical) + Physics

[PREP] Preparing data for multi-resolution inference...
       Input frequency detected: 15min
/home/dwijenayake/pv_forecast_30d/src/inference/physics_aware_forecaster.py:386: FutureWarning: 'H' is deprecated and will be removed in a future version, please use 'h' instead.
  hourly_hist = historical_df[['timestamp_utc'] + hist_numeric_cols].set_index('timestamp_utc').resample('1H').mean().reset_index()
/home/dwijenayake/pv_forecast_30d/src/inference/physics_aware_forecaster.py:387: FutureWarning: 'H' is deprecated and will be removed in a future version, please use 'h' instead.
  hourly_weather = weather_df[['timestamp_utc'] + weather_numeric_cols].set_index('timestamp_utc').resample('1H').mean().reset_index()
/home/dwijenayake/pv_forecast_30d/src/inference/physics_aware_forecaster.py:386: FutureWarning: 'H' is deprecated and will be removed in a future version, please use 'h' instead.
  hourly_hist = historical_df[['timestamp_utc'] + hist_numeric_cols].set_index('timestamp_utc').resample('1H').mean().reset_index()
/home/dwijenayake/pv_forecast_30d/src/inference/physics_aware_forecaster.py:387: FutureWarning: 'H' is deprecated and will be removed in a future version, please use 'h' instead.
  hourly_weather = weather_df[['timestamp_utc'] + weather_numeric_cols].set_index('timestamp_utc').resample('1H').mean().reset_index()
/home/dwijenayake/pv_forecast_30d/src/inference/physics_aware_forecaster.py:386: FutureWarning: 'H' is deprecated and will be removed in a future version, please use 'h' instead.
  hourly_hist = historical_df[['timestamp_utc'] + hist_numeric_cols].set_index('timestamp_utc').resample('1H').mean().reset_index()
/home/dwijenayake/pv_forecast_30d/src/inference/physics_aware_forecaster.py:387: FutureWarning: 'H' is deprecated and will be removed in a future version, please use 'h' instead.
  hourly_weather = weather_df[['timestamp_utc'] + weather_numeric_cols].set_index('timestamp_utc').resample('1H').mean().reset_index()
/home/dwijenayake/pv_forecast_30d/src/inference/physics_aware_forecaster.py:386: FutureWarning: 'H' is deprecated and will be removed in a future version, please use 'h' instead.
  hourly_hist = historical_df[['timestamp_utc'] + hist_numeric_cols].set_index('timestamp_utc').resample('1H').mean().reset_index()
/home/dwijenayake/pv_forecast_30d/src/inference/physics_aware_forecaster.py:387: FutureWarning: 'H' is deprecated and will be removed in a future version, please use 'h' instead.
  hourly_weather = weather_df[['timestamp_utc'] + weather_numeric_cols].set_index('timestamp_utc').resample('1H').mean().reset_index()
       Resampling to hourly for long-head...
       Hourly shape: historical=(720, 28), weather=(720, 32)

[STEP 1/4] Computing PVLib physics baseline (2880 steps @ 15-min)...
          Weather window: 2880 steps (2024-02-29 00:00:00+00:00 → 2024-03-29 23:45:00+00:00)
          Using pre-computed PVLib baseline (pvlib_ac_kw column)
          PVLib shape: (2880,), range: [0.000, 0.872]

[STEP 2/4] Running long-head TFT (strategic: 720 hours @ 1-hour)...
          Long-head shape: (720,)
          Upsampling long-head to 15-min resolution...
          Long upsampled shape: (2880,)

[STEP 3/4] Rolling short-head refinement (30 days × 96 steps)...
          Day  5/30: α_short=0.65, α_long=0.35, α_ml=0.69
          Day 10/30: α_short=0.50, α_long=0.50, α_ml=0.66
          Day 15/30: α_short=0.35, α_long=0.65, α_ml=0.64
          Day 20/30: α_short=0.35, α_long=0.65, α_ml=0.61
          Day 25/30: α_short=0.35, α_long=0.65, α_ml=0.59
          Day 30/30: α_short=0.35, α_long=0.65, α_ml=0.56
          Final forecast shape: (2880,)
          Final range: [0.000, 0.569]

[STEP 4/4] Validation...
         ✓ Shape correct (2880 steps)
         ✓ Range valid [0.000, 0.569]
         ✓ All night hours zero
         ✓ Daylight mean: 0.251

[SUCCESS] Hierarchical 30-day forecast complete!
          Total TFT calls: 1 long-head + 30 short-head = 31

[INFO] Hierarchical 30-day forecast starting 2024-03-01 00:00:00+00:00
[INFO] Fetching live weather from OpenMeteo API...
                [Auto-selected ECMWF API for 15-day forecast]
[WeatherClient] Fetching 15-day ECMWF forecast
                Location: (48.6946°N, 12.5976°E)
                Period: 2024-03-01 → 2024-03-16
                Tilt/Azimuth: 25.0° / 180.0°
                API: ECMWF
[ERROR] Live weather fetch failed: OpenMeteo API call failed: {'error': True, 'reason': "Parameter 'start_date' is out of allowed range from 2025-10-06 to 2026-01-22"}
[ERROR] Falling back to test weather data if available
       Architecture: Long-head (strategic) + 30× Short-head (tactical) + Physics

[PREP] Preparing data for multi-resolution inference...
       Input frequency detected: 15min
       Resampling to hourly for long-head...
       Hourly shape: historical=(720, 28), weather=(720, 32)

[STEP 1/4] Computing PVLib physics baseline (2880 steps @ 15-min)...
          Weather window: 2880 steps (2024-03-01 00:00:00+00:00 → 2024-03-30 23:45:00+00:00)
          Using pre-computed PVLib baseline (pvlib_ac_kw column)
          PVLib shape: (2880,), range: [0.000, 0.872]

[STEP 2/4] Running long-head TFT (strategic: 720 hours @ 1-hour)...
          Long-head shape: (720,)
          Upsampling long-head to 15-min resolution...
          Long upsampled shape: (2880,)

[STEP 3/4] Rolling short-head refinement (30 days × 96 steps)...
          Day  5/30: α_short=0.65, α_long=0.35, α_ml=0.69
          Day 10/30: α_short=0.50, α_long=0.50, α_ml=0.66
          Day 15/30: α_short=0.35, α_long=0.65, α_ml=0.64
          Day 20/30: α_short=0.35, α_long=0.65, α_ml=0.61
          Day 25/30: α_short=0.35, α_long=0.65, α_ml=0.59
          Day 30/30: α_short=0.35, α_long=0.65, α_ml=0.56
          Final forecast shape: (2880,)
          Final range: [0.000, 0.569]

[STEP 4/4] Validation...
         ✓ Shape correct (2880 steps)
         ✓ Range valid [0.000, 0.569]
         ✓ All night hours zero
         ✓ Daylight mean: 0.256

[SUCCESS] Hierarchical 30-day forecast complete!
          Total TFT calls: 1 long-head + 30 short-head = 31

[INFO] Hierarchical 30-day forecast starting 2024-03-02 00:00:00+00:00
[INFO] Fetching live weather from OpenMeteo API...
                [Auto-selected ECMWF API for 15-day forecast]
[WeatherClient] Fetching 15-day ECMWF forecast
                Location: (48.6946°N, 12.5976°E)
                Period: 2024-03-02 → 2024-03-17
                Tilt/Azimuth: 25.0° / 180.0°
                API: ECMWF
[ERROR] Live weather fetch failed: OpenMeteo API call failed: {'reason': "Parameter 'start_date' is out of allowed range from 2025-10-06 to 2026-01-22", 'error': True}
[ERROR] Falling back to test weather data if available
       Architecture: Long-head (strategic) + 30× Short-head (tactical) + Physics

[PREP] Preparing data for multi-resolution inference...
       Input frequency detected: 15min
       Resampling to hourly for long-head...
       Hourly shape: historical=(720, 28), weather=(720, 32)

[STEP 1/4] Computing PVLib physics baseline (2880 steps @ 15-min)...
          Weather window: 2880 steps (2024-03-02 00:00:00+00:00 → 2024-03-31 23:45:00+00:00)
          Using pre-computed PVLib baseline (pvlib_ac_kw column)
          PVLib shape: (2880,), range: [0.000, 0.872]

[STEP 2/4] Running long-head TFT (strategic: 720 hours @ 1-hour)...
          Long-head shape: (720,)
          Upsampling long-head to 15-min resolution...
          Long upsampled shape: (2880,)

[STEP 3/4] Rolling short-head refinement (30 days × 96 steps)...
          Day  5/30: α_short=0.65, α_long=0.35, α_ml=0.69
          Day 10/30: α_short=0.50, α_long=0.50, α_ml=0.66
          Day 15/30: α_short=0.35, α_long=0.65, α_ml=0.64
          Day 20/30: α_short=0.35, α_long=0.65, α_ml=0.61
          Day 25/30: α_short=0.35, α_long=0.65, α_ml=0.59
          Day 30/30: α_short=0.35, α_long=0.65, α_ml=0.56
          Final forecast shape: (2880,)
          Final range: [0.000, 0.625]

[STEP 4/4] Validation...
         ✓ Shape correct (2880 steps)
         ✓ Range valid [0.000, 0.625]
         ✓ All night hours zero
         ✓ Daylight mean: 0.260

[SUCCESS] Hierarchical 30-day forecast complete!
          Total TFT calls: 1 long-head + 30 short-head = 31

[INFO] Hierarchical 30-day forecast starting 2024-03-03 00:00:00+00:00
[INFO] Fetching live weather from OpenMeteo API...
                [Auto-selected ECMWF API for 15-day forecast]
[WeatherClient] Fetching 15-day ECMWF forecast
                Location: (48.6946°N, 12.5976°E)
                Period: 2024-03-03 → 2024-03-18
                Tilt/Azimuth: 25.0° / 180.0°
                API: ECMWF
[ERROR] Live weather fetch failed: OpenMeteo API call failed: {'reason': "Parameter 'start_date' is out of allowed range from 2025-10-06 to 2026-01-22", 'error': True}
[ERROR] Falling back to test weather data if available
       Architecture: Long-head (strategic) + 30× Short-head (tactical) + Physics

[PREP] Preparing data for multi-resolution inference...
       Input frequency detected: 15min
       Resampling to hourly for long-head...
       Hourly shape: historical=(720, 28), weather=(720, 32)

[STEP 1/4] Computing PVLib physics baseline (2880 steps @ 15-min)...
          Weather window: 2880 steps (2024-03-03 00:00:00+00:00 → 2024-04-01 23:45:00+00:00)
          Using pre-computed PVLib baseline (pvlib_ac_kw column)
          PVLib shape: (2880,), range: [0.000, 0.872]

[STEP 2/4] Running long-head TFT (strategic: 720 hours @ 1-hour)...
          Long-head shape: (720,)
          Upsampling long-head to 15-min resolution...
          Long upsampled shape: (2880,)

[STEP 3/4] Rolling short-head refinement (30 days × 96 steps)...
          Day  5/30: α_short=0.65, α_long=0.35, α_ml=0.69
          Day 10/30: α_short=0.50, α_long=0.50, α_ml=0.66
          Day 15/30: α_short=0.35, α_long=0.65, α_ml=0.64
          Day 20/30: α_short=0.35, α_long=0.65, α_ml=0.61
          Day 25/30: α_short=0.35, α_long=0.65, α_ml=0.59
          Day 30/30: α_short=0.35, α_long=0.65, α_ml=0.56
          Final forecast shape: (2880,)
          Final range: [0.000, 0.623]

[STEP 4/4] Validation...
         ✓ Shape correct (2880 steps)
         ✓ Range valid [0.000, 0.623]
         ✓ All night hours zero
         ✓ Daylight mean: 0.262

[SUCCESS] Hierarchical 30-day forecast complete!
          Total TFT calls: 1 long-head + 30 short-head = 31

[INFO] Hierarchical 30-day forecast starting 2024-03-04 00:00:00+00:00
[INFO] Fetching live weather from OpenMeteo API...
                [Auto-selected ECMWF API for 15-day forecast]
[WeatherClient] Fetching 15-day ECMWF forecast
/home/dwijenayake/pv_forecast_30d/src/inference/physics_aware_forecaster.py:386: FutureWarning: 'H' is deprecated and will be removed in a future version, please use 'h' instead.
  hourly_hist = historical_df[['timestamp_utc'] + hist_numeric_cols].set_index('timestamp_utc').resample('1H').mean().reset_index()
/home/dwijenayake/pv_forecast_30d/src/inference/physics_aware_forecaster.py:387: FutureWarning: 'H' is deprecated and will be removed in a future version, please use 'h' instead.
  hourly_weather = weather_df[['timestamp_utc'] + weather_numeric_cols].set_index('timestamp_utc').resample('1H').mean().reset_index()
/home/dwijenayake/pv_forecast_30d/src/inference/physics_aware_forecaster.py:386: FutureWarning: 'H' is deprecated and will be removed in a future version, please use 'h' instead.
  hourly_hist = historical_df[['timestamp_utc'] + hist_numeric_cols].set_index('timestamp_utc').resample('1H').mean().reset_index()
/home/dwijenayake/pv_forecast_30d/src/inference/physics_aware_forecaster.py:387: FutureWarning: 'H' is deprecated and will be removed in a future version, please use 'h' instead.
  hourly_weather = weather_df[['timestamp_utc'] + weather_numeric_cols].set_index('timestamp_utc').resample('1H').mean().reset_index()
/home/dwijenayake/pv_forecast_30d/src/inference/physics_aware_forecaster.py:386: FutureWarning: 'H' is deprecated and will be removed in a future version, please use 'h' instead.
  hourly_hist = historical_df[['timestamp_utc'] + hist_numeric_cols].set_index('timestamp_utc').resample('1H').mean().reset_index()
/home/dwijenayake/pv_forecast_30d/src/inference/physics_aware_forecaster.py:387: FutureWarning: 'H' is deprecated and will be removed in a future version, please use 'h' instead.
  hourly_weather = weather_df[['timestamp_utc'] + weather_numeric_cols].set_index('timestamp_utc').resample('1H').mean().reset_index()
/home/dwijenayake/pv_forecast_30d/src/inference/physics_aware_forecaster.py:386: FutureWarning: 'H' is deprecated and will be removed in a future version, please use 'h' instead.
  hourly_hist = historical_df[['timestamp_utc'] + hist_numeric_cols].set_index('timestamp_utc').resample('1H').mean().reset_index()
/home/dwijenayake/pv_forecast_30d/src/inference/physics_aware_forecaster.py:387: FutureWarning: 'H' is deprecated and will be removed in a future version, please use 'h' instead.
  hourly_weather = weather_df[['timestamp_utc'] + weather_numeric_cols].set_index('timestamp_utc').resample('1H').mean().reset_index()
                Location: (48.6946°N, 12.5976°E)
                Period: 2024-03-04 → 2024-03-19
                Tilt/Azimuth: 25.0° / 180.0°
                API: ECMWF
[ERROR] Live weather fetch failed: OpenMeteo API call failed: {'reason': "Parameter 'start_date' is out of allowed range from 2025-10-06 to 2026-01-22", 'error': True}
[ERROR] Falling back to test weather data if available
       Architecture: Long-head (strategic) + 30× Short-head (tactical) + Physics

[PREP] Preparing data for multi-resolution inference...
       Input frequency detected: 15min
       Resampling to hourly for long-head...
       Hourly shape: historical=(720, 28), weather=(720, 32)

[STEP 1/4] Computing PVLib physics baseline (2880 steps @ 15-min)...
          Weather window: 2880 steps (2024-03-04 00:00:00+00:00 → 2024-04-02 23:45:00+00:00)
          Using pre-computed PVLib baseline (pvlib_ac_kw column)
          PVLib shape: (2880,), range: [0.000, 0.872]

[STEP 2/4] Running long-head TFT (strategic: 720 hours @ 1-hour)...
          Long-head shape: (720,)
          Upsampling long-head to 15-min resolution...
          Long upsampled shape: (2880,)

[STEP 3/4] Rolling short-head refinement (30 days × 96 steps)...
          Day  5/30: α_short=0.65, α_long=0.35, α_ml=0.69
          Day 10/30: α_short=0.50, α_long=0.50, α_ml=0.66
          Day 15/30: α_short=0.35, α_long=0.65, α_ml=0.64
          Day 20/30: α_short=0.35, α_long=0.65, α_ml=0.61
          Day 25/30: α_short=0.35, α_long=0.65, α_ml=0.59
          Day 30/30: α_short=0.35, α_long=0.65, α_ml=0.56
          Final forecast shape: (2880,)
          Final range: [0.000, 0.621]

[STEP 4/4] Validation...
         ✓ Shape correct (2880 steps)
         ✓ Range valid [0.000, 0.621]
         ✓ All night hours zero
         ✓ Daylight mean: 0.257

[SUCCESS] Hierarchical 30-day forecast complete!
          Total TFT calls: 1 long-head + 30 short-head = 31

[INFO] Hierarchical 30-day forecast starting 2024-03-05 00:00:00+00:00
[INFO] Fetching live weather from OpenMeteo API...
                [Auto-selected ECMWF API for 15-day forecast]
[WeatherClient] Fetching 15-day ECMWF forecast
                Location: (48.6946°N, 12.5976°E)
                Period: 2024-03-05 → 2024-03-20
                Tilt/Azimuth: 25.0° / 180.0°
                API: ECMWF
[ERROR] Live weather fetch failed: OpenMeteo API call failed: {'error': True, 'reason': "Parameter 'start_date' is out of allowed range from 2025-10-06 to 2026-01-22"}
[ERROR] Falling back to test weather data if available
       Architecture: Long-head (strategic) + 30× Short-head (tactical) + Physics

[PREP] Preparing data for multi-resolution inference...
       Input frequency detected: 15min
       Resampling to hourly for long-head...
       Hourly shape: historical=(720, 28), weather=(720, 32)

[STEP 1/4] Computing PVLib physics baseline (2880 steps @ 15-min)...
          Weather window: 2880 steps (2024-03-05 00:00:00+00:00 → 2024-04-03 23:45:00+00:00)
          Using pre-computed PVLib baseline (pvlib_ac_kw column)
          PVLib shape: (2880,), range: [0.000, 0.872]

[STEP 2/4] Running long-head TFT (strategic: 720 hours @ 1-hour)...
          Long-head shape: (720,)
          Upsampling long-head to 15-min resolution...
          Long upsampled shape: (2880,)

[STEP 3/4] Rolling short-head refinement (30 days × 96 steps)...
          Day  5/30: α_short=0.65, α_long=0.35, α_ml=0.69
          Day 10/30: α_short=0.50, α_long=0.50, α_ml=0.66
          Day 15/30: α_short=0.35, α_long=0.65, α_ml=0.64
          Day 20/30: α_short=0.35, α_long=0.65, α_ml=0.61
          Day 25/30: α_short=0.35, α_long=0.65, α_ml=0.59
          Day 30/30: α_short=0.35, α_long=0.65, α_ml=0.56
          Final forecast shape: (2880,)
          Final range: [0.000, 0.619]

[STEP 4/4] Validation...
         ✓ Shape correct (2880 steps)
         ✓ Range valid [0.000, 0.619]
         ✓ All night hours zero
         ✓ Daylight mean: 0.258

[SUCCESS] Hierarchical 30-day forecast complete!
          Total TFT calls: 1 long-head + 30 short-head = 31

[INFO] Hierarchical 30-day forecast starting 2024-03-06 00:00:00+00:00
[INFO] Fetching live weather from OpenMeteo API...
                [Auto-selected ECMWF API for 15-day forecast]
[WeatherClient] Fetching 15-day ECMWF forecast
                Location: (48.6946°N, 12.5976°E)
                Period: 2024-03-06 → 2024-03-21
                Tilt/Azimuth: 25.0° / 180.0°
                API: ECMWF
[ERROR] Live weather fetch failed: OpenMeteo API call failed: {'reason': "Parameter 'start_date' is out of allowed range from 2025-10-06 to 2026-01-22", 'error': True}
[ERROR] Falling back to test weather data if available
       Architecture: Long-head (strategic) + 30× Short-head (tactical) + Physics

[PREP] Preparing data for multi-resolution inference...
       Input frequency detected: 15min
       Resampling to hourly for long-head...
       Hourly shape: historical=(720, 28), weather=(720, 32)

[STEP 1/4] Computing PVLib physics baseline (2880 steps @ 15-min)...
          Weather window: 2880 steps (2024-03-06 00:00:00+00:00 → 2024-04-04 23:45:00+00:00)
          Using pre-computed PVLib baseline (pvlib_ac_kw column)
          PVLib shape: (2880,), range: [0.000, 0.872]

[STEP 2/4] Running long-head TFT (strategic: 720 hours @ 1-hour)...
          Long-head shape: (720,)
          Upsampling long-head to 15-min resolution...
          Long upsampled shape: (2880,)

[STEP 3/4] Rolling short-head refinement (30 days × 96 steps)...
          Day  5/30: α_short=0.65, α_long=0.35, α_ml=0.69
          Day 10/30: α_short=0.50, α_long=0.50, α_ml=0.66
          Day 15/30: α_short=0.35, α_long=0.65, α_ml=0.64
          Day 20/30: α_short=0.35, α_long=0.65, α_ml=0.61
          Day 25/30: α_short=0.35, α_long=0.65, α_ml=0.59
          Day 30/30: α_short=0.35, α_long=0.65, α_ml=0.56
          Final forecast shape: (2880,)
          Final range: [0.000, 0.617]

[STEP 4/4] Validation...
         ✓ Shape correct (2880 steps)
         ✓ Range valid [0.000, 0.617]
         ✓ All night hours zero
         ✓ Daylight mean: 0.260

[SUCCESS] Hierarchical 30-day forecast complete!
          Total TFT calls: 1 long-head + 30 short-head = 31

[INFO] Hierarchical 30-day forecast starting 2024-03-07 00:00:00+00:00
[INFO] Fetching live weather from OpenMeteo API...
                [Auto-selected ECMWF API for 15-day forecast]
[WeatherClient] Fetching 15-day ECMWF forecast
                Location: (48.6946°N, 12.5976°E)
                Period: 2024-03-07 → 2024-03-22
                Tilt/Azimuth: 25.0° / 180.0°
                API: ECMWF
[ERROR] Live weather fetch failed: OpenMeteo API call failed: {'error': True, 'reason': "Parameter 'start_date' is out of allowed range from 2025-10-06 to 2026-01-22"}
[ERROR] Falling back to test weather data if available
       Architecture: Long-head (strategic) + 30× Short-head (tactical) + Physics

[PREP] Preparing data for multi-resolution inference...
       Input frequency detected: 15min
       Resampling to hourly for long-head...
       Hourly shape: historical=(720, 28), weather=(720, 32)

[STEP 1/4] Computing PVLib physics baseline (2880 steps @ 15-min)...
          Weather window: 2880 steps (2024-03-07 00:00:00+00:00 → 2024-04-05 23:45:00+00:00)
          Using pre-computed PVLib baseline (pvlib_ac_kw column)
          PVLib shape: (2880,), range: [0.000, 0.872]

[STEP 2/4] Running long-head TFT (strategic: 720 hours @ 1-hour)...
          Long-head shape: (720,)
          Upsampling long-head to 15-min resolution...
          Long upsampled shape: (2880,)

[STEP 3/4] Rolling short-head refinement (30 days × 96 steps)...
          Day  5/30: α_short=0.65, α_long=0.35, α_ml=0.69
          Day 10/30: α_short=0.50, α_long=0.50, α_ml=0.66
          Day 15/30: α_short=0.35, α_long=0.65, α_ml=0.64
          Day 20/30: α_short=0.35, α_long=0.65, α_ml=0.61
          Day 25/30: α_short=0.35, α_long=0.65, α_ml=0.59
          Day 30/30: α_short=0.35, α_long=0.65, α_ml=0.56
/home/dwijenayake/pv_forecast_30d/src/inference/physics_aware_forecaster.py:386: FutureWarning: 'H' is deprecated and will be removed in a future version, please use 'h' instead.
  hourly_hist = historical_df[['timestamp_utc'] + hist_numeric_cols].set_index('timestamp_utc').resample('1H').mean().reset_index()
/home/dwijenayake/pv_forecast_30d/src/inference/physics_aware_forecaster.py:387: FutureWarning: 'H' is deprecated and will be removed in a future version, please use 'h' instead.
  hourly_weather = weather_df[['timestamp_utc'] + weather_numeric_cols].set_index('timestamp_utc').resample('1H').mean().reset_index()
/home/dwijenayake/pv_forecast_30d/src/inference/physics_aware_forecaster.py:386: FutureWarning: 'H' is deprecated and will be removed in a future version, please use 'h' instead.
  hourly_hist = historical_df[['timestamp_utc'] + hist_numeric_cols].set_index('timestamp_utc').resample('1H').mean().reset_index()
/home/dwijenayake/pv_forecast_30d/src/inference/physics_aware_forecaster.py:387: FutureWarning: 'H' is deprecated and will be removed in a future version, please use 'h' instead.
  hourly_weather = weather_df[['timestamp_utc'] + weather_numeric_cols].set_index('timestamp_utc').resample('1H').mean().reset_index()
/home/dwijenayake/pv_forecast_30d/src/inference/physics_aware_forecaster.py:386: FutureWarning: 'H' is deprecated and will be removed in a future version, please use 'h' instead.
  hourly_hist = historical_df[['timestamp_utc'] + hist_numeric_cols].set_index('timestamp_utc').resample('1H').mean().reset_index()
/home/dwijenayake/pv_forecast_30d/src/inference/physics_aware_forecaster.py:387: FutureWarning: 'H' is deprecated and will be removed in a future version, please use 'h' instead.
  hourly_weather = weather_df[['timestamp_utc'] + weather_numeric_cols].set_index('timestamp_utc').resample('1H').mean().reset_index()
/home/dwijenayake/pv_forecast_30d/src/inference/physics_aware_forecaster.py:386: FutureWarning: 'H' is deprecated and will be removed in a future version, please use 'h' instead.
  hourly_hist = historical_df[['timestamp_utc'] + hist_numeric_cols].set_index('timestamp_utc').resample('1H').mean().reset_index()
/home/dwijenayake/pv_forecast_30d/src/inference/physics_aware_forecaster.py:387: FutureWarning: 'H' is deprecated and will be removed in a future version, please use 'h' instead.
  hourly_weather = weather_df[['timestamp_utc'] + weather_numeric_cols].set_index('timestamp_utc').resample('1H').mean().reset_index()
          Final forecast shape: (2880,)
          Final range: [0.000, 0.616]

[STEP 4/4] Validation...
         ✓ Shape correct (2880 steps)
         ✓ Range valid [0.000, 0.616]
         ✓ All night hours zero
         ✓ Daylight mean: 0.265

[SUCCESS] Hierarchical 30-day forecast complete!
          Total TFT calls: 1 long-head + 30 short-head = 31

[INFO] Hierarchical 30-day forecast starting 2024-03-08 00:00:00+00:00
[INFO] Fetching live weather from OpenMeteo API...
                [Auto-selected ECMWF API for 15-day forecast]
[WeatherClient] Fetching 15-day ECMWF forecast
                Location: (48.6946°N, 12.5976°E)
                Period: 2024-03-08 → 2024-03-23
                Tilt/Azimuth: 25.0° / 180.0°
                API: ECMWF
[ERROR] Live weather fetch failed: OpenMeteo API call failed: {'error': True, 'reason': "Parameter 'start_date' is out of allowed range from 2025-10-06 to 2026-01-22"}
[ERROR] Falling back to test weather data if available
       Architecture: Long-head (strategic) + 30× Short-head (tactical) + Physics

[PREP] Preparing data for multi-resolution inference...
       Input frequency detected: 15min
       Resampling to hourly for long-head...
       Hourly shape: historical=(720, 28), weather=(720, 32)

[STEP 1/4] Computing PVLib physics baseline (2880 steps @ 15-min)...
          Weather window: 2880 steps (2024-03-08 00:00:00+00:00 → 2024-04-06 23:45:00+00:00)
          Using pre-computed PVLib baseline (pvlib_ac_kw column)
          PVLib shape: (2880,), range: [0.000, 0.872]

[STEP 2/4] Running long-head TFT (strategic: 720 hours @ 1-hour)...
          Long-head shape: (720,)
          Upsampling long-head to 15-min resolution...
          Long upsampled shape: (2880,)

[STEP 3/4] Rolling short-head refinement (30 days × 96 steps)...
          Day  5/30: α_short=0.65, α_long=0.35, α_ml=0.69
          Day 10/30: α_short=0.50, α_long=0.50, α_ml=0.66
          Day 15/30: α_short=0.35, α_long=0.65, α_ml=0.64
          Day 20/30: α_short=0.35, α_long=0.65, α_ml=0.61
          Day 25/30: α_short=0.35, α_long=0.65, α_ml=0.59
          Day 30/30: α_short=0.35, α_long=0.65, α_ml=0.56
          Final forecast shape: (2880,)
          Final range: [0.000, 0.603]

[STEP 4/4] Validation...
         ✓ Shape correct (2880 steps)
         ✓ Range valid [0.000, 0.603]
         ✓ All night hours zero
         ✓ Daylight mean: 0.269

[SUCCESS] Hierarchical 30-day forecast complete!
          Total TFT calls: 1 long-head + 30 short-head = 31

[INFO] Hierarchical 30-day forecast starting 2024-03-09 00:00:00+00:00
[INFO] Fetching live weather from OpenMeteo API...
                [Auto-selected ECMWF API for 15-day forecast]
[WeatherClient] Fetching 15-day ECMWF forecast
                Location: (48.6946°N, 12.5976°E)
                Period: 2024-03-09 → 2024-03-24
                Tilt/Azimuth: 25.0° / 180.0°
                API: ECMWF
[ERROR] Live weather fetch failed: OpenMeteo API call failed: {'reason': "Parameter 'start_date' is out of allowed range from 2025-10-06 to 2026-01-22", 'error': True}
[ERROR] Falling back to test weather data if available
       Architecture: Long-head (strategic) + 30× Short-head (tactical) + Physics

[PREP] Preparing data for multi-resolution inference...
       Input frequency detected: 15min
       Resampling to hourly for long-head...
       Hourly shape: historical=(720, 28), weather=(720, 32)

[STEP 1/4] Computing PVLib physics baseline (2880 steps @ 15-min)...
          Weather window: 2880 steps (2024-03-09 00:00:00+00:00 → 2024-04-07 23:45:00+00:00)
          Using pre-computed PVLib baseline (pvlib_ac_kw column)
          PVLib shape: (2880,), range: [0.000, 0.872]

[STEP 2/4] Running long-head TFT (strategic: 720 hours @ 1-hour)...
          Long-head shape: (720,)
          Upsampling long-head to 15-min resolution...
          Long upsampled shape: (2880,)

[STEP 3/4] Rolling short-head refinement (30 days × 96 steps)...
          Day  5/30: α_short=0.65, α_long=0.35, α_ml=0.69
          Day 10/30: α_short=0.50, α_long=0.50, α_ml=0.66
          Day 15/30: α_short=0.35, α_long=0.65, α_ml=0.64
          Day 20/30: α_short=0.35, α_long=0.65, α_ml=0.61
          Day 25/30: α_short=0.35, α_long=0.65, α_ml=0.59
          Day 30/30: α_short=0.35, α_long=0.65, α_ml=0.56
          Final forecast shape: (2880,)
          Final range: [0.000, 0.607]

[STEP 4/4] Validation...
         ✓ Shape correct (2880 steps)
         ✓ Range valid [0.000, 0.607]
         ✓ All night hours zero
         ✓ Daylight mean: 0.269

[SUCCESS] Hierarchical 30-day forecast complete!
          Total TFT calls: 1 long-head + 30 short-head = 31

[INFO] Hierarchical 30-day forecast starting 2024-03-10 00:00:00+00:00
[INFO] Fetching live weather from OpenMeteo API...
                [Auto-selected ECMWF API for 15-day forecast]
[WeatherClient] Fetching 15-day ECMWF forecast
                Location: (48.6946°N, 12.5976°E)
                Period: 2024-03-10 → 2024-03-25
                Tilt/Azimuth: 25.0° / 180.0°
                API: ECMWF
[ERROR] Live weather fetch failed: OpenMeteo API call failed: {'error': True, 'reason': "Parameter 'start_date' is out of allowed range from 2025-10-06 to 2026-01-22"}
[ERROR] Falling back to test weather data if available
       Architecture: Long-head (strategic) + 30× Short-head (tactical) + Physics

[PREP] Preparing data for multi-resolution inference...
       Input frequency detected: 15min
       Resampling to hourly for long-head...
       Hourly shape: historical=(720, 28), weather=(720, 32)

[STEP 1/4] Computing PVLib physics baseline (2880 steps @ 15-min)...
          Weather window: 2880 steps (2024-03-10 00:00:00+00:00 → 2024-04-08 23:45:00+00:00)
          Using pre-computed PVLib baseline (pvlib_ac_kw column)
          PVLib shape: (2880,), range: [0.000, 0.872]

[STEP 2/4] Running long-head TFT (strategic: 720 hours @ 1-hour)...
          Long-head shape: (720,)
          Upsampling long-head to 15-min resolution...
          Long upsampled shape: (2880,)

[STEP 3/4] Rolling short-head refinement (30 days × 96 steps)...
          Day  5/30: α_short=0.65, α_long=0.35, α_ml=0.69
          Day 10/30: α_short=0.50, α_long=0.50, α_ml=0.66
          Day 15/30: α_short=0.35, α_long=0.65, α_ml=0.64
          Day 20/30: α_short=0.35, α_long=0.65, α_ml=0.61
          Day 25/30: α_short=0.35, α_long=0.65, α_ml=0.59
          Day 30/30: α_short=0.35, α_long=0.65, α_ml=0.56
          Final forecast shape: (2880,)
          Final range: [0.000, 0.598]

[STEP 4/4] Validation...
         ✓ Shape correct (2880 steps)
         ✓ Range valid [0.000, 0.598]
         ✓ All night hours zero
         ✓ Daylight mean: 0.268

[SUCCESS] Hierarchical 30-day forecast complete!
          Total TFT calls: 1 long-head + 30 short-head = 31

[INFO] Hierarchical 30-day forecast starting 2024-03-11 00:00:00+00:00
[INFO] Fetching live weather from OpenMeteo API...
                [Auto-selected ECMWF API for 15-day forecast]
[WeatherClient] Fetching 15-day ECMWF forecast
                Location: (48.6946°N, 12.5976°E)
                Period: 2024-03-11 → 2024-03-26
                Tilt/Azimuth: 25.0° / 180.0°
                API: ECMWF
[ERROR] Live weather fetch failed: OpenMeteo API call failed: {'error': True, 'reason': "Parameter 'start_date' is out of allowed range from 2025-10-06 to 2026-01-22"}
[ERROR] Falling back to test weather data if available
       Architecture: Long-head (strategic) + 30× Short-head (tactical) + Physics

[PREP] Preparing data for multi-resolution inference...
       Input frequency detected: 15min
       Resampling to hourly for long-head...
       Hourly shape: historical=(720, 28), weather=(720, 32)

[STEP 1/4] Computing PVLib physics baseline (2880 steps @ 15-min)...
          Weather window: 2880 steps (2024-03-11 00:00:00+00:00 → 2024-04-09 23:45:00+00:00)
          Using pre-computed PVLib baseline (pvlib_ac_kw column)
          PVLib shape: (2880,), range: [0.000, 0.872]
/home/dwijenayake/pv_forecast_30d/src/inference/physics_aware_forecaster.py:386: FutureWarning: 'H' is deprecated and will be removed in a future version, please use 'h' instead.
  hourly_hist = historical_df[['timestamp_utc'] + hist_numeric_cols].set_index('timestamp_utc').resample('1H').mean().reset_index()
/home/dwijenayake/pv_forecast_30d/src/inference/physics_aware_forecaster.py:387: FutureWarning: 'H' is deprecated and will be removed in a future version, please use 'h' instead.
  hourly_weather = weather_df[['timestamp_utc'] + weather_numeric_cols].set_index('timestamp_utc').resample('1H').mean().reset_index()
/home/dwijenayake/pv_forecast_30d/src/inference/physics_aware_forecaster.py:386: FutureWarning: 'H' is deprecated and will be removed in a future version, please use 'h' instead.
  hourly_hist = historical_df[['timestamp_utc'] + hist_numeric_cols].set_index('timestamp_utc').resample('1H').mean().reset_index()
/home/dwijenayake/pv_forecast_30d/src/inference/physics_aware_forecaster.py:387: FutureWarning: 'H' is deprecated and will be removed in a future version, please use 'h' instead.
  hourly_weather = weather_df[['timestamp_utc'] + weather_numeric_cols].set_index('timestamp_utc').resample('1H').mean().reset_index()
/home/dwijenayake/pv_forecast_30d/src/inference/physics_aware_forecaster.py:386: FutureWarning: 'H' is deprecated and will be removed in a future version, please use 'h' instead.
  hourly_hist = historical_df[['timestamp_utc'] + hist_numeric_cols].set_index('timestamp_utc').resample('1H').mean().reset_index()
/home/dwijenayake/pv_forecast_30d/src/inference/physics_aware_forecaster.py:387: FutureWarning: 'H' is deprecated and will be removed in a future version, please use 'h' instead.
  hourly_weather = weather_df[['timestamp_utc'] + weather_numeric_cols].set_index('timestamp_utc').resample('1H').mean().reset_index()

[STEP 2/4] Running long-head TFT (strategic: 720 hours @ 1-hour)...
          Long-head shape: (720,)
          Upsampling long-head to 15-min resolution...
          Long upsampled shape: (2880,)

[STEP 3/4] Rolling short-head refinement (30 days × 96 steps)...
          Day  5/30: α_short=0.65, α_long=0.35, α_ml=0.69
          Day 10/30: α_short=0.50, α_long=0.50, α_ml=0.66
          Day 15/30: α_short=0.35, α_long=0.65, α_ml=0.64
          Day 20/30: α_short=0.35, α_long=0.65, α_ml=0.61
          Day 25/30: α_short=0.35, α_long=0.65, α_ml=0.59
          Day 30/30: α_short=0.35, α_long=0.65, α_ml=0.56
          Final forecast shape: (2880,)
          Final range: [0.000, 0.592]

[STEP 4/4] Validation...
         ✓ Shape correct (2880 steps)
         ✓ Range valid [0.000, 0.592]
         ✓ All night hours zero
         ✓ Daylight mean: 0.271

[SUCCESS] Hierarchical 30-day forecast complete!
          Total TFT calls: 1 long-head + 30 short-head = 31

[INFO] Hierarchical 30-day forecast starting 2024-03-12 00:00:00+00:00
[INFO] Fetching live weather from OpenMeteo API...
                [Auto-selected ECMWF API for 15-day forecast]
[WeatherClient] Fetching 15-day ECMWF forecast
                Location: (48.6946°N, 12.5976°E)
                Period: 2024-03-12 → 2024-03-27
                Tilt/Azimuth: 25.0° / 180.0°
                API: ECMWF
[ERROR] Live weather fetch failed: OpenMeteo API call failed: {'error': True, 'reason': "Parameter 'start_date' is out of allowed range from 2025-10-06 to 2026-01-22"}
[ERROR] Falling back to test weather data if available
       Architecture: Long-head (strategic) + 30× Short-head (tactical) + Physics

[PREP] Preparing data for multi-resolution inference...
       Input frequency detected: 15min
       Resampling to hourly for long-head...
       Hourly shape: historical=(720, 28), weather=(720, 32)

[STEP 1/4] Computing PVLib physics baseline (2880 steps @ 15-min)...
          Weather window: 2880 steps (2024-03-12 00:00:00+00:00 → 2024-04-10 23:45:00+00:00)
          Using pre-computed PVLib baseline (pvlib_ac_kw column)
          PVLib shape: (2880,), range: [0.000, 0.872]

[STEP 2/4] Running long-head TFT (strategic: 720 hours @ 1-hour)...
          Long-head shape: (720,)
          Upsampling long-head to 15-min resolution...
          Long upsampled shape: (2880,)

[STEP 3/4] Rolling short-head refinement (30 days × 96 steps)...
          Day  5/30: α_short=0.65, α_long=0.35, α_ml=0.69
          Day 10/30: α_short=0.50, α_long=0.50, α_ml=0.66
          Day 15/30: α_short=0.35, α_long=0.65, α_ml=0.64
          Day 20/30: α_short=0.35, α_long=0.65, α_ml=0.61
          Day 25/30: α_short=0.35, α_long=0.65, α_ml=0.59
          Day 30/30: α_short=0.35, α_long=0.65, α_ml=0.56
          Final forecast shape: (2880,)
          Final range: [0.000, 0.550]

[STEP 4/4] Validation...
         ✓ Shape correct (2880 steps)
         ✓ Range valid [0.000, 0.550]
         ✓ All night hours zero
         ✓ Daylight mean: 0.269

[SUCCESS] Hierarchical 30-day forecast complete!
          Total TFT calls: 1 long-head + 30 short-head = 31

[INFO] Hierarchical 30-day forecast starting 2024-03-13 00:00:00+00:00
[INFO] Fetching live weather from OpenMeteo API...
                [Auto-selected ECMWF API for 15-day forecast]
[WeatherClient] Fetching 15-day ECMWF forecast
                Location: (48.6946°N, 12.5976°E)
                Period: 2024-03-13 → 2024-03-28
                Tilt/Azimuth: 25.0° / 180.0°
                API: ECMWF
[ERROR] Live weather fetch failed: OpenMeteo API call failed: {'error': True, 'reason': "Parameter 'start_date' is out of allowed range from 2025-10-06 to 2026-01-22"}
[ERROR] Falling back to test weather data if available
       Architecture: Long-head (strategic) + 30× Short-head (tactical) + Physics

[PREP] Preparing data for multi-resolution inference...
       Input frequency detected: 15min
       Resampling to hourly for long-head...
       Hourly shape: historical=(720, 28), weather=(720, 32)

[STEP 1/4] Computing PVLib physics baseline (2880 steps @ 15-min)...
          Weather window: 2880 steps (2024-03-13 00:00:00+00:00 → 2024-04-11 23:45:00+00:00)
          Using pre-computed PVLib baseline (pvlib_ac_kw column)
          PVLib shape: (2880,), range: [0.000, 0.872]

[STEP 2/4] Running long-head TFT (strategic: 720 hours @ 1-hour)...
          Long-head shape: (720,)
          Upsampling long-head to 15-min resolution...
          Long upsampled shape: (2880,)

[STEP 3/4] Rolling short-head refinement (30 days × 96 steps)...
          Day  5/30: α_short=0.65, α_long=0.35, α_ml=0.69
          Day 10/30: α_short=0.50, α_long=0.50, α_ml=0.66
          Day 15/30: α_short=0.35, α_long=0.65, α_ml=0.64
          Day 20/30: α_short=0.35, α_long=0.65, α_ml=0.61
          Day 25/30: α_short=0.35, α_long=0.65, α_ml=0.59
          Day 30/30: α_short=0.35, α_long=0.65, α_ml=0.56
          Final forecast shape: (2880,)
          Final range: [0.000, 0.588]

[STEP 4/4] Validation...
         ✓ Shape correct (2880 steps)
         ✓ Range valid [0.000, 0.588]
         ✓ All night hours zero
         ✓ Daylight mean: 0.276

[SUCCESS] Hierarchical 30-day forecast complete!
          Total TFT calls: 1 long-head + 30 short-head = 31

[INFO] Hierarchical 30-day forecast starting 2024-03-14 00:00:00+00:00
[INFO] Fetching live weather from OpenMeteo API...
                [Auto-selected ECMWF API for 15-day forecast]
[WeatherClient] Fetching 15-day ECMWF forecast
                Location: (48.6946°N, 12.5976°E)
                Period: 2024-03-14 → 2024-03-29
                Tilt/Azimuth: 25.0° / 180.0°
                API: ECMWF
[ERROR] Live weather fetch failed: OpenMeteo API call failed: {'reason': "Parameter 'start_date' is out of allowed range from 2025-10-06 to 2026-01-22", 'error': True}
[ERROR] Falling back to test weather data if available
       Architecture: Long-head (strategic) + 30× Short-head (tactical) + Physics

[PREP] Preparing data for multi-resolution inference...
       Input frequency detected: 15min
       Resampling to hourly for long-head...
       Hourly shape: historical=(720, 28), weather=(720, 32)

[STEP 1/4] Computing PVLib physics baseline (2880 steps @ 15-min)...
          Weather window: 2880 steps (2024-03-14 00:00:00+00:00 → 2024-04-12 23:45:00+00:00)
          Using pre-computed PVLib baseline (pvlib_ac_kw column)
          PVLib shape: (2880,), range: [0.000, 0.872]

[STEP 2/4] Running long-head TFT (strategic: 720 hours @ 1-hour)...
          Long-head shape: (720,)
          Upsampling long-head to 15-min resolution...
          Long upsampled shape: (2880,)

[STEP 3/4] Rolling short-head refinement (30 days × 96 steps)...
          Day  5/30: α_short=0.65, α_long=0.35, α_ml=0.69
          Day 10/30: α_short=0.50, α_long=0.50, α_ml=0.66
          Day 15/30: α_short=0.35, α_long=0.65, α_ml=0.64
          Day 20/30: α_short=0.35, α_long=0.65, α_ml=0.61
          Day 25/30: α_short=0.35, α_long=0.65, α_ml=0.59
          Day 30/30: α_short=0.35, α_long=0.65, α_ml=0.56
          Final forecast shape: (2880,)
          Final range: [0.000, 0.586]

[STEP 4/4] Validation...
         ✓ Shape correct (2880 steps)
         ✓ Range valid [0.000, 0.586]
         ✓ All night hours zero
         ✓ Daylight mean: 0.281

[SUCCESS] Hierarchical 30-day forecast complete!
          Total TFT calls: 1 long-head + 30 short-head = 31

[INFO] Hierarchical 30-day forecast starting 2024-03-15 00:00:00+00:00
[INFO] Fetching live weather from OpenMeteo API...
                [Auto-selected ECMWF API for 15-day forecast]
[WeatherClient] Fetching 15-day ECMWF forecast
                Location: (48.6946°N, 12.5976°E)
                Period: 2024-03-15 → 2024-03-30
                Tilt/Azimuth: 25.0° / 180.0°
                API: ECMWF
[ERROR] Live weather fetch failed: OpenMeteo API call failed: {'error': True, 'reason': "Parameter 'start_date' is out of allowed range from 2025-10-06 to 2026-01-22"}
/home/dwijenayake/pv_forecast_30d/src/inference/physics_aware_forecaster.py:386: FutureWarning: 'H' is deprecated and will be removed in a future version, please use 'h' instead.
  hourly_hist = historical_df[['timestamp_utc'] + hist_numeric_cols].set_index('timestamp_utc').resample('1H').mean().reset_index()
/home/dwijenayake/pv_forecast_30d/src/inference/physics_aware_forecaster.py:387: FutureWarning: 'H' is deprecated and will be removed in a future version, please use 'h' instead.
  hourly_weather = weather_df[['timestamp_utc'] + weather_numeric_cols].set_index('timestamp_utc').resample('1H').mean().reset_index()
/home/dwijenayake/pv_forecast_30d/src/inference/physics_aware_forecaster.py:386: FutureWarning: 'H' is deprecated and will be removed in a future version, please use 'h' instead.
  hourly_hist = historical_df[['timestamp_utc'] + hist_numeric_cols].set_index('timestamp_utc').resample('1H').mean().reset_index()
/home/dwijenayake/pv_forecast_30d/src/inference/physics_aware_forecaster.py:387: FutureWarning: 'H' is deprecated and will be removed in a future version, please use 'h' instead.
  hourly_weather = weather_df[['timestamp_utc'] + weather_numeric_cols].set_index('timestamp_utc').resample('1H').mean().reset_index()
/home/dwijenayake/pv_forecast_30d/src/inference/physics_aware_forecaster.py:386: FutureWarning: 'H' is deprecated and will be removed in a future version, please use 'h' instead.
  hourly_hist = historical_df[['timestamp_utc'] + hist_numeric_cols].set_index('timestamp_utc').resample('1H').mean().reset_index()
/home/dwijenayake/pv_forecast_30d/src/inference/physics_aware_forecaster.py:387: FutureWarning: 'H' is deprecated and will be removed in a future version, please use 'h' instead.
  hourly_weather = weather_df[['timestamp_utc'] + weather_numeric_cols].set_index('timestamp_utc').resample('1H').mean().reset_index()
/home/dwijenayake/pv_forecast_30d/src/inference/physics_aware_forecaster.py:386: FutureWarning: 'H' is deprecated and will be removed in a future version, please use 'h' instead.
  hourly_hist = historical_df[['timestamp_utc'] + hist_numeric_cols].set_index('timestamp_utc').resample('1H').mean().reset_index()
/home/dwijenayake/pv_forecast_30d/src/inference/physics_aware_forecaster.py:387: FutureWarning: 'H' is deprecated and will be removed in a future version, please use 'h' instead.
  hourly_weather = weather_df[['timestamp_utc'] + weather_numeric_cols].set_index('timestamp_utc').resample('1H').mean().reset_index()
[ERROR] Falling back to test weather data if available
       Architecture: Long-head (strategic) + 30× Short-head (tactical) + Physics

[PREP] Preparing data for multi-resolution inference...
       Input frequency detected: 15min
       Resampling to hourly for long-head...
       Hourly shape: historical=(720, 28), weather=(720, 32)

[STEP 1/4] Computing PVLib physics baseline (2880 steps @ 15-min)...
          Weather window: 2880 steps (2024-03-15 00:00:00+00:00 → 2024-04-13 23:45:00+00:00)
          Using pre-computed PVLib baseline (pvlib_ac_kw column)
          PVLib shape: (2880,), range: [0.000, 0.872]

[STEP 2/4] Running long-head TFT (strategic: 720 hours @ 1-hour)...
          Long-head shape: (720,)
          Upsampling long-head to 15-min resolution...
          Long upsampled shape: (2880,)

[STEP 3/4] Rolling short-head refinement (30 days × 96 steps)...
          Day  5/30: α_short=0.65, α_long=0.35, α_ml=0.69
          Day 10/30: α_short=0.50, α_long=0.50, α_ml=0.66
          Day 15/30: α_short=0.35, α_long=0.65, α_ml=0.64
          Day 20/30: α_short=0.35, α_long=0.65, α_ml=0.61
          Day 25/30: α_short=0.35, α_long=0.65, α_ml=0.59
          Day 30/30: α_short=0.35, α_long=0.65, α_ml=0.56
          Final forecast shape: (2880,)
          Final range: [0.000, 0.585]

[STEP 4/4] Validation...
         ✓ Shape correct (2880 steps)
         ✓ Range valid [0.000, 0.585]
         ✓ All night hours zero
         ✓ Daylight mean: 0.285

[SUCCESS] Hierarchical 30-day forecast complete!
          Total TFT calls: 1 long-head + 30 short-head = 31

[INFO] Hierarchical 30-day forecast starting 2024-03-16 00:00:00+00:00
[INFO] Fetching live weather from OpenMeteo API...
                [Auto-selected ECMWF API for 15-day forecast]
[WeatherClient] Fetching 15-day ECMWF forecast
                Location: (48.6946°N, 12.5976°E)
                Period: 2024-03-16 → 2024-03-31
                Tilt/Azimuth: 25.0° / 180.0°
                API: ECMWF
[ERROR] Live weather fetch failed: OpenMeteo API call failed: {'reason': "Parameter 'start_date' is out of allowed range from 2025-10-06 to 2026-01-22", 'error': True}
[ERROR] Falling back to test weather data if available
       Architecture: Long-head (strategic) + 30× Short-head (tactical) + Physics

[PREP] Preparing data for multi-resolution inference...
       Input frequency detected: 15min
       Resampling to hourly for long-head...
       Hourly shape: historical=(720, 28), weather=(720, 32)

[STEP 1/4] Computing PVLib physics baseline (2880 steps @ 15-min)...
          Weather window: 2880 steps (2024-03-16 00:00:00+00:00 → 2024-04-14 23:45:00+00:00)
          Using pre-computed PVLib baseline (pvlib_ac_kw column)
          PVLib shape: (2880,), range: [0.000, 0.872]

[STEP 2/4] Running long-head TFT (strategic: 720 hours @ 1-hour)...
          Long-head shape: (720,)
          Upsampling long-head to 15-min resolution...
          Long upsampled shape: (2880,)

[STEP 3/4] Rolling short-head refinement (30 days × 96 steps)...
          Day  5/30: α_short=0.65, α_long=0.35, α_ml=0.69
          Day 10/30: α_short=0.50, α_long=0.50, α_ml=0.66
          Day 15/30: α_short=0.35, α_long=0.65, α_ml=0.64
          Day 20/30: α_short=0.35, α_long=0.65, α_ml=0.61
          Day 25/30: α_short=0.35, α_long=0.65, α_ml=0.59
          Day 30/30: α_short=0.35, α_long=0.65, α_ml=0.56
          Final forecast shape: (2880,)
          Final range: [0.000, 0.583]

[STEP 4/4] Validation...
         ✓ Shape correct (2880 steps)
         ✓ Range valid [0.000, 0.583]
         ✓ All night hours zero
         ✓ Daylight mean: 0.289

[SUCCESS] Hierarchical 30-day forecast complete!
          Total TFT calls: 1 long-head + 30 short-head = 31

[INFO] Hierarchical 30-day forecast starting 2024-03-17 00:00:00+00:00
[INFO] Fetching live weather from OpenMeteo API...
                [Auto-selected ECMWF API for 15-day forecast]
[WeatherClient] Fetching 15-day ECMWF forecast
                Location: (48.6946°N, 12.5976°E)
                Period: 2024-03-17 → 2024-04-01
                Tilt/Azimuth: 25.0° / 180.0°
                API: ECMWF
[ERROR] Live weather fetch failed: OpenMeteo API call failed: {'reason': "Parameter 'start_date' is out of allowed range from 2025-10-06 to 2026-01-22", 'error': True}
[ERROR] Falling back to test weather data if available
       Architecture: Long-head (strategic) + 30× Short-head (tactical) + Physics

[PREP] Preparing data for multi-resolution inference...
       Input frequency detected: 15min
       Resampling to hourly for long-head...
       Hourly shape: historical=(720, 28), weather=(720, 32)

[STEP 1/4] Computing PVLib physics baseline (2880 steps @ 15-min)...
          Weather window: 2880 steps (2024-03-17 00:00:00+00:00 → 2024-04-15 23:45:00+00:00)
          Using pre-computed PVLib baseline (pvlib_ac_kw column)
          PVLib shape: (2880,), range: [0.000, 0.872]

[STEP 2/4] Running long-head TFT (strategic: 720 hours @ 1-hour)...
          Long-head shape: (720,)
          Upsampling long-head to 15-min resolution...
          Long upsampled shape: (2880,)

[STEP 3/4] Rolling short-head refinement (30 days × 96 steps)...
          Day  5/30: α_short=0.65, α_long=0.35, α_ml=0.69
          Day 10/30: α_short=0.50, α_long=0.50, α_ml=0.66
          Day 15/30: α_short=0.35, α_long=0.65, α_ml=0.64
          Day 20/30: α_short=0.35, α_long=0.65, α_ml=0.61
          Day 25/30: α_short=0.35, α_long=0.65, α_ml=0.59
          Day 30/30: α_short=0.35, α_long=0.65, α_ml=0.56
          Final forecast shape: (2880,)
          Final range: [0.000, 0.581]

[STEP 4/4] Validation...
         ✓ Shape correct (2880 steps)
         ✓ Range valid [0.000, 0.581]
         ✓ All night hours zero
         ✓ Daylight mean: 0.287

[SUCCESS] Hierarchical 30-day forecast complete!
          Total TFT calls: 1 long-head + 30 short-head = 31

[INFO] Hierarchical 30-day forecast starting 2024-03-18 00:00:00+00:00
[INFO] Fetching live weather from OpenMeteo API...
                [Auto-selected ECMWF API for 15-day forecast]
[WeatherClient] Fetching 15-day ECMWF forecast
                Location: (48.6946°N, 12.5976°E)
                Period: 2024-03-18 → 2024-04-02
                Tilt/Azimuth: 25.0° / 180.0°
                API: ECMWF
[ERROR] Live weather fetch failed: OpenMeteo API call failed: {'error': True, 'reason': "Parameter 'start_date' is out of allowed range from 2025-10-06 to 2026-01-22"}
[ERROR] Falling back to test weather data if available
       Architecture: Long-head (strategic) + 30× Short-head (tactical) + Physics

[PREP] Preparing data for multi-resolution inference...
       Input frequency detected: 15min
       Resampling to hourly for long-head...
       Hourly shape: historical=(720, 28), weather=(720, 32)

[STEP 1/4] Computing PVLib physics baseline (2880 steps @ 15-min)...
          Weather window: 2880 steps (2024-03-18 00:00:00+00:00 → 2024-04-16 23:45:00+00:00)
          Using pre-computed PVLib baseline (pvlib_ac_kw column)
          PVLib shape: (2880,), range: [0.000, 0.872]

[STEP 2/4] Running long-head TFT (strategic: 720 hours @ 1-hour)...
          Long-head shape: (720,)
          Upsampling long-head to 15-min resolution...
          Long upsampled shape: (2880,)

[STEP 3/4] Rolling short-head refinement (30 days × 96 steps)...
          Day  5/30: α_short=0.65, α_long=0.35, α_ml=0.69
          Day 10/30: α_short=0.50, α_long=0.50, α_ml=0.66
          Day 15/30: α_short=0.35, α_long=0.65, α_ml=0.64
          Day 20/30: α_short=0.35, α_long=0.65, α_ml=0.61
          Day 25/30: α_short=0.35, α_long=0.65, α_ml=0.59
          Day 30/30: α_short=0.35, α_long=0.65, α_ml=0.56
          Final forecast shape: (2880,)
          Final range: [0.000, 0.579]

[STEP 4/4] Validation...
         ✓ Shape correct (2880 steps)
         ✓ Range valid [0.000, 0.579]
         ✓ All night hours zero
         ✓ Daylight mean: 0.288

[SUCCESS] Hierarchical 30-day forecast complete!
          Total TFT calls: 1 long-head + 30 short-head = 31
/home/dwijenayake/pv_forecast_30d/src/inference/physics_aware_forecaster.py:386: FutureWarning: 'H' is deprecated and will be removed in a future version, please use 'h' instead.
  hourly_hist = historical_df[['timestamp_utc'] + hist_numeric_cols].set_index('timestamp_utc').resample('1H').mean().reset_index()
/home/dwijenayake/pv_forecast_30d/src/inference/physics_aware_forecaster.py:387: FutureWarning: 'H' is deprecated and will be removed in a future version, please use 'h' instead.
  hourly_weather = weather_df[['timestamp_utc'] + weather_numeric_cols].set_index('timestamp_utc').resample('1H').mean().reset_index()
/home/dwijenayake/pv_forecast_30d/src/inference/physics_aware_forecaster.py:386: FutureWarning: 'H' is deprecated and will be removed in a future version, please use 'h' instead.
  hourly_hist = historical_df[['timestamp_utc'] + hist_numeric_cols].set_index('timestamp_utc').resample('1H').mean().reset_index()
/home/dwijenayake/pv_forecast_30d/src/inference/physics_aware_forecaster.py:387: FutureWarning: 'H' is deprecated and will be removed in a future version, please use 'h' instead.
  hourly_weather = weather_df[['timestamp_utc'] + weather_numeric_cols].set_index('timestamp_utc').resample('1H').mean().reset_index()
/home/dwijenayake/pv_forecast_30d/src/inference/physics_aware_forecaster.py:386: FutureWarning: 'H' is deprecated and will be removed in a future version, please use 'h' instead.
  hourly_hist = historical_df[['timestamp_utc'] + hist_numeric_cols].set_index('timestamp_utc').resample('1H').mean().reset_index()
/home/dwijenayake/pv_forecast_30d/src/inference/physics_aware_forecaster.py:387: FutureWarning: 'H' is deprecated and will be removed in a future version, please use 'h' instead.
  hourly_weather = weather_df[['timestamp_utc'] + weather_numeric_cols].set_index('timestamp_utc').resample('1H').mean().reset_index()
/home/dwijenayake/pv_forecast_30d/src/inference/physics_aware_forecaster.py:386: FutureWarning: 'H' is deprecated and will be removed in a future version, please use 'h' instead.
  hourly_hist = historical_df[['timestamp_utc'] + hist_numeric_cols].set_index('timestamp_utc').resample('1H').mean().reset_index()
/home/dwijenayake/pv_forecast_30d/src/inference/physics_aware_forecaster.py:387: FutureWarning: 'H' is deprecated and will be removed in a future version, please use 'h' instead.
  hourly_weather = weather_df[['timestamp_utc'] + weather_numeric_cols].set_index('timestamp_utc').resample('1H').mean().reset_index()

[INFO] Hierarchical 30-day forecast starting 2024-03-19 00:00:00+00:00
[INFO] Fetching live weather from OpenMeteo API...
                [Auto-selected ECMWF API for 15-day forecast]
[WeatherClient] Fetching 15-day ECMWF forecast
                Location: (48.6946°N, 12.5976°E)
                Period: 2024-03-19 → 2024-04-03
                Tilt/Azimuth: 25.0° / 180.0°
                API: ECMWF
[ERROR] Live weather fetch failed: OpenMeteo API call failed: {'error': True, 'reason': "Parameter 'start_date' is out of allowed range from 2025-10-06 to 2026-01-22"}
[ERROR] Falling back to test weather data if available
       Architecture: Long-head (strategic) + 30× Short-head (tactical) + Physics

[PREP] Preparing data for multi-resolution inference...
       Input frequency detected: 15min
       Resampling to hourly for long-head...
       Hourly shape: historical=(720, 28), weather=(720, 32)

[STEP 1/4] Computing PVLib physics baseline (2880 steps @ 15-min)...
          Weather window: 2880 steps (2024-03-19 00:00:00+00:00 → 2024-04-17 23:45:00+00:00)
          Using pre-computed PVLib baseline (pvlib_ac_kw column)
          PVLib shape: (2880,), range: [0.000, 0.872]

[STEP 2/4] Running long-head TFT (strategic: 720 hours @ 1-hour)...
          Long-head shape: (720,)
          Upsampling long-head to 15-min resolution...
          Long upsampled shape: (2880,)

[STEP 3/4] Rolling short-head refinement (30 days × 96 steps)...
          Day  5/30: α_short=0.65, α_long=0.35, α_ml=0.69
          Day 10/30: α_short=0.50, α_long=0.50, α_ml=0.66
          Day 15/30: α_short=0.35, α_long=0.65, α_ml=0.64
          Day 20/30: α_short=0.35, α_long=0.65, α_ml=0.61
          Day 25/30: α_short=0.35, α_long=0.65, α_ml=0.59
          Day 30/30: α_short=0.35, α_long=0.65, α_ml=0.56
          Final forecast shape: (2880,)
          Final range: [0.000, 0.577]

[STEP 4/4] Validation...
         ✓ Shape correct (2880 steps)
         ✓ Range valid [0.000, 0.577]
         ✓ All night hours zero
         ✓ Daylight mean: 0.289

[SUCCESS] Hierarchical 30-day forecast complete!
          Total TFT calls: 1 long-head + 30 short-head = 31

[INFO] Hierarchical 30-day forecast starting 2024-03-20 00:00:00+00:00
[INFO] Fetching live weather from OpenMeteo API...
                [Auto-selected ECMWF API for 15-day forecast]
[WeatherClient] Fetching 15-day ECMWF forecast
                Location: (48.6946°N, 12.5976°E)
                Period: 2024-03-20 → 2024-04-04
                Tilt/Azimuth: 25.0° / 180.0°
                API: ECMWF
[ERROR] Live weather fetch failed: OpenMeteo API call failed: {'error': True, 'reason': "Parameter 'start_date' is out of allowed range from 2025-10-06 to 2026-01-22"}
[ERROR] Falling back to test weather data if available
       Architecture: Long-head (strategic) + 30× Short-head (tactical) + Physics

[PREP] Preparing data for multi-resolution inference...
       Input frequency detected: 15min
       Resampling to hourly for long-head...
       Hourly shape: historical=(720, 28), weather=(720, 32)

[STEP 1/4] Computing PVLib physics baseline (2880 steps @ 15-min)...
          Weather window: 2880 steps (2024-03-20 00:00:00+00:00 → 2024-04-18 23:45:00+00:00)
          Using pre-computed PVLib baseline (pvlib_ac_kw column)
          PVLib shape: (2880,), range: [0.000, 0.872]

[STEP 2/4] Running long-head TFT (strategic: 720 hours @ 1-hour)...
          Long-head shape: (720,)
          Upsampling long-head to 15-min resolution...
          Long upsampled shape: (2880,)

[STEP 3/4] Rolling short-head refinement (30 days × 96 steps)...
          Day  5/30: α_short=0.65, α_long=0.35, α_ml=0.69
          Day 10/30: α_short=0.50, α_long=0.50, α_ml=0.66
          Day 15/30: α_short=0.35, α_long=0.65, α_ml=0.64
          Day 20/30: α_short=0.35, α_long=0.65, α_ml=0.61
          Day 25/30: α_short=0.35, α_long=0.65, α_ml=0.59
          Day 30/30: α_short=0.35, α_long=0.65, α_ml=0.56
          Final forecast shape: (2880,)
          Final range: [0.000, 0.589]

[STEP 4/4] Validation...
         ✓ Shape correct (2880 steps)
         ✓ Range valid [0.000, 0.589]
         ✓ All night hours zero
         ✓ Daylight mean: 0.288

[SUCCESS] Hierarchical 30-day forecast complete!
          Total TFT calls: 1 long-head + 30 short-head = 31

[INFO] Hierarchical 30-day forecast starting 2024-03-21 00:00:00+00:00
[INFO] Fetching live weather from OpenMeteo API...
                [Auto-selected ECMWF API for 15-day forecast]
[WeatherClient] Fetching 15-day ECMWF forecast
                Location: (48.6946°N, 12.5976°E)
                Period: 2024-03-21 → 2024-04-05
                Tilt/Azimuth: 25.0° / 180.0°
                API: ECMWF
[ERROR] Live weather fetch failed: OpenMeteo API call failed: {'reason': "Parameter 'start_date' is out of allowed range from 2025-10-06 to 2026-01-22", 'error': True}
[ERROR] Falling back to test weather data if available
       Architecture: Long-head (strategic) + 30× Short-head (tactical) + Physics

[PREP] Preparing data for multi-resolution inference...
       Input frequency detected: 15min
       Resampling to hourly for long-head...
       Hourly shape: historical=(720, 28), weather=(720, 32)

[STEP 1/4] Computing PVLib physics baseline (2880 steps @ 15-min)...
          Weather window: 2880 steps (2024-03-21 00:00:00+00:00 → 2024-04-19 23:45:00+00:00)
          Using pre-computed PVLib baseline (pvlib_ac_kw column)
          PVLib shape: (2880,), range: [0.000, 0.872]

[STEP 2/4] Running long-head TFT (strategic: 720 hours @ 1-hour)...
          Long-head shape: (720,)
          Upsampling long-head to 15-min resolution...
          Long upsampled shape: (2880,)

[STEP 3/4] Rolling short-head refinement (30 days × 96 steps)...
          Day  5/30: α_short=0.65, α_long=0.35, α_ml=0.69
          Day 10/30: α_short=0.50, α_long=0.50, α_ml=0.66
          Day 15/30: α_short=0.35, α_long=0.65, α_ml=0.64
          Day 20/30: α_short=0.35, α_long=0.65, α_ml=0.61
          Day 25/30: α_short=0.35, α_long=0.65, α_ml=0.59
          Day 30/30: α_short=0.35, α_long=0.65, α_ml=0.56
          Final forecast shape: (2880,)
          Final range: [0.000, 0.587]

[STEP 4/4] Validation...
         ✓ Shape correct (2880 steps)
         ✓ Range valid [0.000, 0.587]
         ✓ All night hours zero
         ✓ Daylight mean: 0.287

[SUCCESS] Hierarchical 30-day forecast complete!
          Total TFT calls: 1 long-head + 30 short-head = 31

[INFO] Hierarchical 30-day forecast starting 2024-03-22 00:00:00+00:00
[INFO] Fetching live weather from OpenMeteo API...
                [Auto-selected ECMWF API for 15-day forecast]
[WeatherClient] Fetching 15-day ECMWF forecast
                Location: (48.6946°N, 12.5976°E)
                Period: 2024-03-22 → 2024-04-06
                Tilt/Azimuth: 25.0° / 180.0°
                API: ECMWF
[ERROR] Live weather fetch failed: OpenMeteo API call failed: {'reason': "Parameter 'start_date' is out of allowed range from 2025-10-06 to 2026-01-22", 'error': True}
[ERROR] Falling back to test weather data if available
       Architecture: Long-head (strategic) + 30× Short-head (tactical) + Physics

[PREP] Preparing data for multi-resolution inference...
       Input frequency detected: 15min
       Resampling to hourly for long-head...
       Hourly shape: historical=(720, 28), weather=(720, 32)

[STEP 1/4] Computing PVLib physics baseline (2880 steps @ 15-min)...
          Weather window: 2880 steps (2024-03-22 00:00:00+00:00 → 2024-04-20 23:45:00+00:00)
          Using pre-computed PVLib baseline (pvlib_ac_kw column)
          PVLib shape: (2880,), range: [0.000, 0.872]

[STEP 2/4] Running long-head TFT (strategic: 720 hours @ 1-hour)...
          Long-head shape: (720,)
          Upsampling long-head to 15-min resolution...
          Long upsampled shape: (2880,)

[STEP 3/4] Rolling short-head refinement (30 days × 96 steps)...
          Day  5/30: α_short=0.65, α_long=0.35, α_ml=0.69
          Day 10/30: α_short=0.50, α_long=0.50, α_ml=0.66
/home/dwijenayake/pv_forecast_30d/src/inference/physics_aware_forecaster.py:386: FutureWarning: 'H' is deprecated and will be removed in a future version, please use 'h' instead.
  hourly_hist = historical_df[['timestamp_utc'] + hist_numeric_cols].set_index('timestamp_utc').resample('1H').mean().reset_index()
/home/dwijenayake/pv_forecast_30d/src/inference/physics_aware_forecaster.py:387: FutureWarning: 'H' is deprecated and will be removed in a future version, please use 'h' instead.
  hourly_weather = weather_df[['timestamp_utc'] + weather_numeric_cols].set_index('timestamp_utc').resample('1H').mean().reset_index()
/home/dwijenayake/pv_forecast_30d/src/inference/physics_aware_forecaster.py:386: FutureWarning: 'H' is deprecated and will be removed in a future version, please use 'h' instead.
  hourly_hist = historical_df[['timestamp_utc'] + hist_numeric_cols].set_index('timestamp_utc').resample('1H').mean().reset_index()
/home/dwijenayake/pv_forecast_30d/src/inference/physics_aware_forecaster.py:387: FutureWarning: 'H' is deprecated and will be removed in a future version, please use 'h' instead.
  hourly_weather = weather_df[['timestamp_utc'] + weather_numeric_cols].set_index('timestamp_utc').resample('1H').mean().reset_index()
/home/dwijenayake/pv_forecast_30d/src/inference/physics_aware_forecaster.py:386: FutureWarning: 'H' is deprecated and will be removed in a future version, please use 'h' instead.
  hourly_hist = historical_df[['timestamp_utc'] + hist_numeric_cols].set_index('timestamp_utc').resample('1H').mean().reset_index()
/home/dwijenayake/pv_forecast_30d/src/inference/physics_aware_forecaster.py:387: FutureWarning: 'H' is deprecated and will be removed in a future version, please use 'h' instead.
  hourly_weather = weather_df[['timestamp_utc'] + weather_numeric_cols].set_index('timestamp_utc').resample('1H').mean().reset_index()
/home/dwijenayake/pv_forecast_30d/src/inference/physics_aware_forecaster.py:386: FutureWarning: 'H' is deprecated and will be removed in a future version, please use 'h' instead.
  hourly_hist = historical_df[['timestamp_utc'] + hist_numeric_cols].set_index('timestamp_utc').resample('1H').mean().reset_index()
/home/dwijenayake/pv_forecast_30d/src/inference/physics_aware_forecaster.py:387: FutureWarning: 'H' is deprecated and will be removed in a future version, please use 'h' instead.
  hourly_weather = weather_df[['timestamp_utc'] + weather_numeric_cols].set_index('timestamp_utc').resample('1H').mean().reset_index()
          Day 15/30: α_short=0.35, α_long=0.65, α_ml=0.64
          Day 20/30: α_short=0.35, α_long=0.65, α_ml=0.61
          Day 25/30: α_short=0.35, α_long=0.65, α_ml=0.59
          Day 30/30: α_short=0.35, α_long=0.65, α_ml=0.56
          Final forecast shape: (2880,)
          Final range: [0.000, 0.584]

[STEP 4/4] Validation...
         ✓ Shape correct (2880 steps)
         ✓ Range valid [0.000, 0.584]
         ✓ All night hours zero
         ✓ Daylight mean: 0.290

[SUCCESS] Hierarchical 30-day forecast complete!
          Total TFT calls: 1 long-head + 30 short-head = 31

[INFO] Hierarchical 30-day forecast starting 2024-03-23 00:00:00+00:00
[INFO] Fetching live weather from OpenMeteo API...
                [Auto-selected ECMWF API for 15-day forecast]
[WeatherClient] Fetching 15-day ECMWF forecast
                Location: (48.6946°N, 12.5976°E)
                Period: 2024-03-23 → 2024-04-07
                Tilt/Azimuth: 25.0° / 180.0°
                API: ECMWF
[ERROR] Live weather fetch failed: OpenMeteo API call failed: {'reason': "Parameter 'start_date' is out of allowed range from 2025-10-06 to 2026-01-22", 'error': True}
[ERROR] Falling back to test weather data if available
       Architecture: Long-head (strategic) + 30× Short-head (tactical) + Physics

[PREP] Preparing data for multi-resolution inference...
       Input frequency detected: 15min
       Resampling to hourly for long-head...
       Hourly shape: historical=(720, 28), weather=(720, 32)

[STEP 1/4] Computing PVLib physics baseline (2880 steps @ 15-min)...
          Weather window: 2880 steps (2024-03-23 00:00:00+00:00 → 2024-04-21 23:45:00+00:00)
          Using pre-computed PVLib baseline (pvlib_ac_kw column)
          PVLib shape: (2880,), range: [0.000, 0.872]

[STEP 2/4] Running long-head TFT (strategic: 720 hours @ 1-hour)...
          Long-head shape: (720,)
          Upsampling long-head to 15-min resolution...
          Long upsampled shape: (2880,)

[STEP 3/4] Rolling short-head refinement (30 days × 96 steps)...
          Day  5/30: α_short=0.65, α_long=0.35, α_ml=0.69
          Day 10/30: α_short=0.50, α_long=0.50, α_ml=0.66
          Day 15/30: α_short=0.35, α_long=0.65, α_ml=0.64
          Day 20/30: α_short=0.35, α_long=0.65, α_ml=0.61
          Day 25/30: α_short=0.35, α_long=0.65, α_ml=0.59
          Day 30/30: α_short=0.35, α_long=0.65, α_ml=0.56
          Final forecast shape: (2880,)
          Final range: [0.000, 0.582]

[STEP 4/4] Validation...
         ✓ Shape correct (2880 steps)
         ✓ Range valid [0.000, 0.582]
         ✓ All night hours zero
         ✓ Daylight mean: 0.288

[SUCCESS] Hierarchical 30-day forecast complete!
          Total TFT calls: 1 long-head + 30 short-head = 31

[INFO] Hierarchical 30-day forecast starting 2024-03-24 00:00:00+00:00
[INFO] Fetching live weather from OpenMeteo API...
                [Auto-selected ECMWF API for 15-day forecast]
[WeatherClient] Fetching 15-day ECMWF forecast
                Location: (48.6946°N, 12.5976°E)
                Period: 2024-03-24 → 2024-04-08
                Tilt/Azimuth: 25.0° / 180.0°
                API: ECMWF
[ERROR] Live weather fetch failed: OpenMeteo API call failed: {'reason': "Parameter 'start_date' is out of allowed range from 2025-10-06 to 2026-01-22", 'error': True}
[ERROR] Falling back to test weather data if available
       Architecture: Long-head (strategic) + 30× Short-head (tactical) + Physics

[PREP] Preparing data for multi-resolution inference...
       Input frequency detected: 15min
       Resampling to hourly for long-head...
       Hourly shape: historical=(720, 28), weather=(720, 32)

[STEP 1/4] Computing PVLib physics baseline (2880 steps @ 15-min)...
          Weather window: 2880 steps (2024-03-24 00:00:00+00:00 → 2024-04-22 23:45:00+00:00)
          Using pre-computed PVLib baseline (pvlib_ac_kw column)
          PVLib shape: (2880,), range: [0.000, 0.872]

[STEP 2/4] Running long-head TFT (strategic: 720 hours @ 1-hour)...
          Long-head shape: (720,)
          Upsampling long-head to 15-min resolution...
          Long upsampled shape: (2880,)

[STEP 3/4] Rolling short-head refinement (30 days × 96 steps)...
          Day  5/30: α_short=0.65, α_long=0.35, α_ml=0.69
          Day 10/30: α_short=0.50, α_long=0.50, α_ml=0.66
          Day 15/30: α_short=0.35, α_long=0.65, α_ml=0.64
          Day 20/30: α_short=0.35, α_long=0.65, α_ml=0.61
          Day 25/30: α_short=0.35, α_long=0.65, α_ml=0.59
          Day 30/30: α_short=0.35, α_long=0.65, α_ml=0.56
          Final forecast shape: (2880,)
          Final range: [0.000, 0.580]

[STEP 4/4] Validation...
         ✓ Shape correct (2880 steps)
         ✓ Range valid [0.000, 0.580]
         ✓ All night hours zero
         ✓ Daylight mean: 0.294

[SUCCESS] Hierarchical 30-day forecast complete!
          Total TFT calls: 1 long-head + 30 short-head = 31

[INFO] Hierarchical 30-day forecast starting 2024-03-25 00:00:00+00:00
[INFO] Fetching live weather from OpenMeteo API...
                [Auto-selected ECMWF API for 15-day forecast]
[WeatherClient] Fetching 15-day ECMWF forecast
                Location: (48.6946°N, 12.5976°E)
                Period: 2024-03-25 → 2024-04-09
                Tilt/Azimuth: 25.0° / 180.0°
                API: ECMWF
[ERROR] Live weather fetch failed: OpenMeteo API call failed: {'error': True, 'reason': "Parameter 'start_date' is out of allowed range from 2025-10-06 to 2026-01-22"}
[ERROR] Falling back to test weather data if available
       Architecture: Long-head (strategic) + 30× Short-head (tactical) + Physics

[PREP] Preparing data for multi-resolution inference...
       Input frequency detected: 15min
       Resampling to hourly for long-head...
       Hourly shape: historical=(720, 28), weather=(720, 32)

[STEP 1/4] Computing PVLib physics baseline (2880 steps @ 15-min)...
          Weather window: 2880 steps (2024-03-25 00:00:00+00:00 → 2024-04-23 23:45:00+00:00)
          Using pre-computed PVLib baseline (pvlib_ac_kw column)
          PVLib shape: (2880,), range: [0.000, 0.872]

[STEP 2/4] Running long-head TFT (strategic: 720 hours @ 1-hour)...
          Long-head shape: (720,)
          Upsampling long-head to 15-min resolution...
          Long upsampled shape: (2880,)

[STEP 3/4] Rolling short-head refinement (30 days × 96 steps)...
          Day  5/30: α_short=0.65, α_long=0.35, α_ml=0.69
          Day 10/30: α_short=0.50, α_long=0.50, α_ml=0.66
          Day 15/30: α_short=0.35, α_long=0.65, α_ml=0.64
          Day 20/30: α_short=0.35, α_long=0.65, α_ml=0.61
          Day 25/30: α_short=0.35, α_long=0.65, α_ml=0.59
          Day 30/30: α_short=0.35, α_long=0.65, α_ml=0.56
          Final forecast shape: (2880,)
          Final range: [0.000, 0.577]

[STEP 4/4] Validation...
         ✓ Shape correct (2880 steps)
         ✓ Range valid [0.000, 0.577]
         ✓ All night hours zero
         ✓ Daylight mean: 0.292

[SUCCESS] Hierarchical 30-day forecast complete!
          Total TFT calls: 1 long-head + 30 short-head = 31

[INFO] Hierarchical 30-day forecast starting 2024-03-26 00:00:00+00:00
[INFO] Fetching live weather from OpenMeteo API...
                [Auto-selected ECMWF API for 15-day forecast]
[WeatherClient] Fetching 15-day ECMWF forecast
                Location: (48.6946°N, 12.5976°E)
                Period: 2024-03-26 → 2024-04-10
                Tilt/Azimuth: 25.0° / 180.0°
                API: ECMWF
[ERROR] Live weather fetch failed: OpenMeteo API call failed: {'error': True, 'reason': "Parameter 'start_date' is out of allowed range from 2025-10-06 to 2026-01-22"}
[ERROR] Falling back to test weather data if available
       Architecture: Long-head (strategic) + 30× Short-head (tactical) + Physics

[PREP] Preparing data for multi-resolution inference...
       Input frequency detected: 15min
       Resampling to hourly for long-head...
       Hourly shape: historical=(720, 28), weather=(720, 32)

[STEP 1/4] Computing PVLib physics baseline (2880 steps @ 15-min)...
/home/dwijenayake/pv_forecast_30d/src/inference/physics_aware_forecaster.py:386: FutureWarning: 'H' is deprecated and will be removed in a future version, please use 'h' instead.
  hourly_hist = historical_df[['timestamp_utc'] + hist_numeric_cols].set_index('timestamp_utc').resample('1H').mean().reset_index()
/home/dwijenayake/pv_forecast_30d/src/inference/physics_aware_forecaster.py:387: FutureWarning: 'H' is deprecated and will be removed in a future version, please use 'h' instead.
  hourly_weather = weather_df[['timestamp_utc'] + weather_numeric_cols].set_index('timestamp_utc').resample('1H').mean().reset_index()
/home/dwijenayake/pv_forecast_30d/src/inference/physics_aware_forecaster.py:386: FutureWarning: 'H' is deprecated and will be removed in a future version, please use 'h' instead.
  hourly_hist = historical_df[['timestamp_utc'] + hist_numeric_cols].set_index('timestamp_utc').resample('1H').mean().reset_index()
/home/dwijenayake/pv_forecast_30d/src/inference/physics_aware_forecaster.py:387: FutureWarning: 'H' is deprecated and will be removed in a future version, please use 'h' instead.
  hourly_weather = weather_df[['timestamp_utc'] + weather_numeric_cols].set_index('timestamp_utc').resample('1H').mean().reset_index()
/home/dwijenayake/pv_forecast_30d/src/inference/physics_aware_forecaster.py:386: FutureWarning: 'H' is deprecated and will be removed in a future version, please use 'h' instead.
  hourly_hist = historical_df[['timestamp_utc'] + hist_numeric_cols].set_index('timestamp_utc').resample('1H').mean().reset_index()
/home/dwijenayake/pv_forecast_30d/src/inference/physics_aware_forecaster.py:387: FutureWarning: 'H' is deprecated and will be removed in a future version, please use 'h' instead.
  hourly_weather = weather_df[['timestamp_utc'] + weather_numeric_cols].set_index('timestamp_utc').resample('1H').mean().reset_index()
          Weather window: 2880 steps (2024-03-26 00:00:00+00:00 → 2024-04-24 23:45:00+00:00)
          Using pre-computed PVLib baseline (pvlib_ac_kw column)
          PVLib shape: (2880,), range: [0.000, 0.872]

[STEP 2/4] Running long-head TFT (strategic: 720 hours @ 1-hour)...
          Long-head shape: (720,)
          Upsampling long-head to 15-min resolution...
          Long upsampled shape: (2880,)

[STEP 3/4] Rolling short-head refinement (30 days × 96 steps)...
          Day  5/30: α_short=0.65, α_long=0.35, α_ml=0.69
          Day 10/30: α_short=0.50, α_long=0.50, α_ml=0.66
          Day 15/30: α_short=0.35, α_long=0.65, α_ml=0.64
          Day 20/30: α_short=0.35, α_long=0.65, α_ml=0.61
          Day 25/30: α_short=0.35, α_long=0.65, α_ml=0.59
          Day 30/30: α_short=0.35, α_long=0.65, α_ml=0.56
          Final forecast shape: (2880,)
          Final range: [0.000, 0.575]

[STEP 4/4] Validation...
         ✓ Shape correct (2880 steps)
         ✓ Range valid [0.000, 0.575]
         ✓ All night hours zero
         ✓ Daylight mean: 0.294

[SUCCESS] Hierarchical 30-day forecast complete!
          Total TFT calls: 1 long-head + 30 short-head = 31

[INFO] Hierarchical 30-day forecast starting 2024-03-27 00:00:00+00:00
[INFO] Fetching live weather from OpenMeteo API...
                [Auto-selected ECMWF API for 15-day forecast]
[WeatherClient] Fetching 15-day ECMWF forecast
                Location: (48.6946°N, 12.5976°E)
                Period: 2024-03-27 → 2024-04-11
                Tilt/Azimuth: 25.0° / 180.0°
                API: ECMWF
[ERROR] Live weather fetch failed: OpenMeteo API call failed: {'error': True, 'reason': "Parameter 'start_date' is out of allowed range from 2025-10-06 to 2026-01-22"}
[ERROR] Falling back to test weather data if available
       Architecture: Long-head (strategic) + 30× Short-head (tactical) + Physics

[PREP] Preparing data for multi-resolution inference...
       Input frequency detected: 15min
       Resampling to hourly for long-head...
       Hourly shape: historical=(720, 28), weather=(720, 32)

[STEP 1/4] Computing PVLib physics baseline (2880 steps @ 15-min)...
          Weather window: 2880 steps (2024-03-27 00:00:00+00:00 → 2024-04-25 23:45:00+00:00)
          Using pre-computed PVLib baseline (pvlib_ac_kw column)
          PVLib shape: (2880,), range: [0.000, 0.871]

[STEP 2/4] Running long-head TFT (strategic: 720 hours @ 1-hour)...
          Long-head shape: (720,)
          Upsampling long-head to 15-min resolution...
          Long upsampled shape: (2880,)

[STEP 3/4] Rolling short-head refinement (30 days × 96 steps)...
          Day  5/30: α_short=0.65, α_long=0.35, α_ml=0.69
          Day 10/30: α_short=0.50, α_long=0.50, α_ml=0.66
          Day 15/30: α_short=0.35, α_long=0.65, α_ml=0.64
          Day 20/30: α_short=0.35, α_long=0.65, α_ml=0.61
          Day 25/30: α_short=0.35, α_long=0.65, α_ml=0.59
          Day 30/30: α_short=0.35, α_long=0.65, α_ml=0.56
          Final forecast shape: (2880,)
          Final range: [0.000, 0.563]

[STEP 4/4] Validation...
         ✓ Shape correct (2880 steps)
         ✓ Range valid [0.000, 0.563]
         ✓ All night hours zero
         ✓ Daylight mean: 0.291

[SUCCESS] Hierarchical 30-day forecast complete!
          Total TFT calls: 1 long-head + 30 short-head = 31

[INFO] Hierarchical 30-day forecast starting 2024-03-28 00:00:00+00:00
[INFO] Fetching live weather from OpenMeteo API...
                [Auto-selected ECMWF API for 15-day forecast]
[WeatherClient] Fetching 15-day ECMWF forecast
                Location: (48.6946°N, 12.5976°E)
                Period: 2024-03-28 → 2024-04-12
                Tilt/Azimuth: 25.0° / 180.0°
                API: ECMWF
[ERROR] Live weather fetch failed: OpenMeteo API call failed: {'reason': "Parameter 'start_date' is out of allowed range from 2025-10-06 to 2026-01-22", 'error': True}
[ERROR] Falling back to test weather data if available
       Architecture: Long-head (strategic) + 30× Short-head (tactical) + Physics

[PREP] Preparing data for multi-resolution inference...
       Input frequency detected: 15min
       Resampling to hourly for long-head...
       Hourly shape: historical=(720, 28), weather=(720, 32)

[STEP 1/4] Computing PVLib physics baseline (2880 steps @ 15-min)...
          Weather window: 2880 steps (2024-03-28 00:00:00+00:00 → 2024-04-26 23:45:00+00:00)
          Using pre-computed PVLib baseline (pvlib_ac_kw column)
          PVLib shape: (2880,), range: [0.000, 0.871]

[STEP 2/4] Running long-head TFT (strategic: 720 hours @ 1-hour)...
          Long-head shape: (720,)
          Upsampling long-head to 15-min resolution...
          Long upsampled shape: (2880,)

[STEP 3/4] Rolling short-head refinement (30 days × 96 steps)...
          Day  5/30: α_short=0.65, α_long=0.35, α_ml=0.69
          Day 10/30: α_short=0.50, α_long=0.50, α_ml=0.66
          Day 15/30: α_short=0.35, α_long=0.65, α_ml=0.64
          Day 20/30: α_short=0.35, α_long=0.65, α_ml=0.61
          Day 25/30: α_short=0.35, α_long=0.65, α_ml=0.59
          Day 30/30: α_short=0.35, α_long=0.65, α_ml=0.56
          Final forecast shape: (2880,)
          Final range: [0.000, 0.559]

[STEP 4/4] Validation...
         ✓ Shape correct (2880 steps)
         ✓ Range valid [0.000, 0.559]
         ✓ All night hours zero
         ✓ Daylight mean: 0.295

[SUCCESS] Hierarchical 30-day forecast complete!
          Total TFT calls: 1 long-head + 30 short-head = 31

[INFO] Hierarchical 30-day forecast starting 2024-03-29 00:00:00+00:00
[INFO] Fetching live weather from OpenMeteo API...
                [Auto-selected ECMWF API for 15-day forecast]
[WeatherClient] Fetching 15-day ECMWF forecast
                Location: (48.6946°N, 12.5976°E)
                Period: 2024-03-29 → 2024-04-13
                Tilt/Azimuth: 25.0° / 180.0°
                API: ECMWF
[ERROR] Live weather fetch failed: OpenMeteo API call failed: {'reason': "Parameter 'start_date' is out of allowed range from 2025-10-06 to 2026-01-22", 'error': True}
[ERROR] Falling back to test weather data if available
       Architecture: Long-head (strategic) + 30× Short-head (tactical) + Physics

[PREP] Preparing data for multi-resolution inference...
       Input frequency detected: 15min
       Resampling to hourly for long-head...
       Hourly shape: historical=(720, 28), weather=(720, 32)

[STEP 1/4] Computing PVLib physics baseline (2880 steps @ 15-min)...
          Weather window: 2880 steps (2024-03-29 00:00:00+00:00 → 2024-04-27 23:45:00+00:00)
          Using pre-computed PVLib baseline (pvlib_ac_kw column)
          PVLib shape: (2880,), range: [0.000, 0.908]

[STEP 2/4] Running long-head TFT (strategic: 720 hours @ 1-hour)...
          Long-head shape: (720,)
          Upsampling long-head to 15-min resolution...
          Long upsampled shape: (2880,)

[STEP 3/4] Rolling short-head refinement (30 days × 96 steps)...
          Day  5/30: α_short=0.65, α_long=0.35, α_ml=0.69
          Day 10/30: α_short=0.50, α_long=0.50, α_ml=0.66
          Day 15/30: α_short=0.35, α_long=0.65, α_ml=0.64
          Day 20/30: α_short=0.35, α_long=0.65, α_ml=0.61
          Day 25/30: α_short=0.35, α_long=0.65, α_ml=0.59
          Day 30/30: α_short=0.35, α_long=0.65, α_ml=0.56
          Final forecast shape: (2880,)
          Final range: [0.000, 0.606]

[STEP 4/4] Validation...
         ✓ Shape correct (2880 steps)
         ✓ Range valid [0.000, 0.606]
         ✓ All night hours zero
         ✓ Daylight mean: 0.297

[SUCCESS] Hierarchical 30-day forecast complete!
          Total TFT calls: 1 long-head + 30 short-head = 31

[INFO] Hierarchical 30-day forecast starting 2024-03-30 00:00:00+00:00
[INFO] Fetching live weather from OpenMeteo API...
                [Auto-selected ECMWF API for 15-day forecast]
[WeatherClient] Fetching 15-day ECMWF forecast
                Location: (48.6946°N, 12.5976°E)
                Period: 2024-03-30 → 2024-04-14
                Tilt/Azimuth: 25.0° / 180.0°
                API: ECMWF
/home/dwijenayake/pv_forecast_30d/src/inference/physics_aware_forecaster.py:386: FutureWarning: 'H' is deprecated and will be removed in a future version, please use 'h' instead.
  hourly_hist = historical_df[['timestamp_utc'] + hist_numeric_cols].set_index('timestamp_utc').resample('1H').mean().reset_index()
/home/dwijenayake/pv_forecast_30d/src/inference/physics_aware_forecaster.py:387: FutureWarning: 'H' is deprecated and will be removed in a future version, please use 'h' instead.
  hourly_weather = weather_df[['timestamp_utc'] + weather_numeric_cols].set_index('timestamp_utc').resample('1H').mean().reset_index()
/home/dwijenayake/pv_forecast_30d/src/inference/physics_aware_forecaster.py:386: FutureWarning: 'H' is deprecated and will be removed in a future version, please use 'h' instead.
  hourly_hist = historical_df[['timestamp_utc'] + hist_numeric_cols].set_index('timestamp_utc').resample('1H').mean().reset_index()
/home/dwijenayake/pv_forecast_30d/src/inference/physics_aware_forecaster.py:387: FutureWarning: 'H' is deprecated and will be removed in a future version, please use 'h' instead.
  hourly_weather = weather_df[['timestamp_utc'] + weather_numeric_cols].set_index('timestamp_utc').resample('1H').mean().reset_index()
/home/dwijenayake/pv_forecast_30d/src/inference/physics_aware_forecaster.py:386: FutureWarning: 'H' is deprecated and will be removed in a future version, please use 'h' instead.
  hourly_hist = historical_df[['timestamp_utc'] + hist_numeric_cols].set_index('timestamp_utc').resample('1H').mean().reset_index()
/home/dwijenayake/pv_forecast_30d/src/inference/physics_aware_forecaster.py:387: FutureWarning: 'H' is deprecated and will be removed in a future version, please use 'h' instead.
  hourly_weather = weather_df[['timestamp_utc'] + weather_numeric_cols].set_index('timestamp_utc').resample('1H').mean().reset_index()
/home/dwijenayake/pv_forecast_30d/src/inference/physics_aware_forecaster.py:386: FutureWarning: 'H' is deprecated and will be removed in a future version, please use 'h' instead.
  hourly_hist = historical_df[['timestamp_utc'] + hist_numeric_cols].set_index('timestamp_utc').resample('1H').mean().reset_index()
/home/dwijenayake/pv_forecast_30d/src/inference/physics_aware_forecaster.py:387: FutureWarning: 'H' is deprecated and will be removed in a future version, please use 'h' instead.
  hourly_weather = weather_df[['timestamp_utc'] + weather_numeric_cols].set_index('timestamp_utc').resample('1H').mean().reset_index()
[ERROR] Live weather fetch failed: OpenMeteo API call failed: {'error': True, 'reason': "Parameter 'start_date' is out of allowed range from 2025-10-06 to 2026-01-22"}
[ERROR] Falling back to test weather data if available
       Architecture: Long-head (strategic) + 30× Short-head (tactical) + Physics

[PREP] Preparing data for multi-resolution inference...
       Input frequency detected: 15min
       Resampling to hourly for long-head...
       Hourly shape: historical=(720, 28), weather=(720, 32)

[STEP 1/4] Computing PVLib physics baseline (2880 steps @ 15-min)...
          Weather window: 2880 steps (2024-03-30 00:00:00+00:00 → 2024-04-28 23:45:00+00:00)
          Using pre-computed PVLib baseline (pvlib_ac_kw column)
          PVLib shape: (2880,), range: [0.000, 0.908]

[STEP 2/4] Running long-head TFT (strategic: 720 hours @ 1-hour)...
          Long-head shape: (720,)
          Upsampling long-head to 15-min resolution...
          Long upsampled shape: (2880,)

[STEP 3/4] Rolling short-head refinement (30 days × 96 steps)...
          Day  5/30: α_short=0.65, α_long=0.35, α_ml=0.69
          Day 10/30: α_short=0.50, α_long=0.50, α_ml=0.66
          Day 15/30: α_short=0.35, α_long=0.65, α_ml=0.64
          Day 20/30: α_short=0.35, α_long=0.65, α_ml=0.61
          Day 25/30: α_short=0.35, α_long=0.65, α_ml=0.59
          Day 30/30: α_short=0.35, α_long=0.65, α_ml=0.56
          Final forecast shape: (2880,)
          Final range: [0.000, 0.602]

[STEP 4/4] Validation...
         ✓ Shape correct (2880 steps)
         ✓ Range valid [0.000, 0.602]
         ✓ All night hours zero
         ✓ Daylight mean: 0.302

[SUCCESS] Hierarchical 30-day forecast complete!
          Total TFT calls: 1 long-head + 30 short-head = 31

[INFO] Hierarchical 30-day forecast starting 2024-03-31 00:00:00+00:00
[INFO] Fetching live weather from OpenMeteo API...
                [Auto-selected ECMWF API for 15-day forecast]
[WeatherClient] Fetching 15-day ECMWF forecast
                Location: (48.6946°N, 12.5976°E)
                Period: 2024-03-31 → 2024-04-15
                Tilt/Azimuth: 25.0° / 180.0°
                API: ECMWF
[ERROR] Live weather fetch failed: OpenMeteo API call failed: {'error': True, 'reason': "Parameter 'start_date' is out of allowed range from 2025-10-06 to 2026-01-22"}
[ERROR] Falling back to test weather data if available
       Architecture: Long-head (strategic) + 30× Short-head (tactical) + Physics

[PREP] Preparing data for multi-resolution inference...
       Input frequency detected: 15min
       Resampling to hourly for long-head...
       Hourly shape: historical=(720, 28), weather=(720, 32)

[STEP 1/4] Computing PVLib physics baseline (2880 steps @ 15-min)...
          Weather window: 2880 steps (2024-03-31 00:00:00+00:00 → 2024-04-29 23:45:00+00:00)
          Using pre-computed PVLib baseline (pvlib_ac_kw column)
          PVLib shape: (2880,), range: [0.000, 0.908]

[STEP 2/4] Running long-head TFT (strategic: 720 hours @ 1-hour)...
          Long-head shape: (720,)
          Upsampling long-head to 15-min resolution...
          Long upsampled shape: (2880,)

[STEP 3/4] Rolling short-head refinement (30 days × 96 steps)...
          Day  5/30: α_short=0.65, α_long=0.35, α_ml=0.69
          Day 10/30: α_short=0.50, α_long=0.50, α_ml=0.66
          Day 15/30: α_short=0.35, α_long=0.65, α_ml=0.64
          Day 20/30: α_short=0.35, α_long=0.65, α_ml=0.61
          Day 25/30: α_short=0.35, α_long=0.65, α_ml=0.59
          Day 30/30: α_short=0.35, α_long=0.65, α_ml=0.56
          Final forecast shape: (2880,)
          Final range: [0.000, 0.597]

[STEP 4/4] Validation...
         ✓ Shape correct (2880 steps)
         ✓ Range valid [0.000, 0.597]
         ✓ All night hours zero
         ✓ Daylight mean: 0.307

[SUCCESS] Hierarchical 30-day forecast complete!
          Total TFT calls: 1 long-head + 30 short-head = 31

[INFO] Hierarchical 30-day forecast starting 2024-04-01 00:00:00+00:00
[INFO] Fetching live weather from OpenMeteo API...
                [Auto-selected ECMWF API for 15-day forecast]
[WeatherClient] Fetching 15-day ECMWF forecast
                Location: (48.6946°N, 12.5976°E)
                Period: 2024-04-01 → 2024-04-16
                Tilt/Azimuth: 25.0° / 180.0°
                API: ECMWF
[ERROR] Live weather fetch failed: OpenMeteo API call failed: {'error': True, 'reason': "Parameter 'start_date' is out of allowed range from 2025-10-06 to 2026-01-22"}
[ERROR] Falling back to test weather data if available
       Architecture: Long-head (strategic) + 30× Short-head (tactical) + Physics

[PREP] Preparing data for multi-resolution inference...
       Input frequency detected: 15min
       Resampling to hourly for long-head...
       Hourly shape: historical=(720, 28), weather=(720, 32)

[STEP 1/4] Computing PVLib physics baseline (2880 steps @ 15-min)...
          Weather window: 2880 steps (2024-04-01 00:00:00+00:00 → 2024-04-30 23:45:00+00:00)
          Using pre-computed PVLib baseline (pvlib_ac_kw column)
          PVLib shape: (2880,), range: [0.000, 0.908]

[STEP 2/4] Running long-head TFT (strategic: 720 hours @ 1-hour)...
          Long-head shape: (720,)
          Upsampling long-head to 15-min resolution...
          Long upsampled shape: (2880,)

[STEP 3/4] Rolling short-head refinement (30 days × 96 steps)...
          Day  5/30: α_short=0.65, α_long=0.35, α_ml=0.69
          Day 10/30: α_short=0.50, α_long=0.50, α_ml=0.66
          Day 15/30: α_short=0.35, α_long=0.65, α_ml=0.64
          Day 20/30: α_short=0.35, α_long=0.65, α_ml=0.61
          Day 25/30: α_short=0.35, α_long=0.65, α_ml=0.59
          Day 30/30: α_short=0.35, α_long=0.65, α_ml=0.56
          Final forecast shape: (2880,)
          Final range: [0.000, 0.595]

[STEP 4/4] Validation...
         ✓ Shape correct (2880 steps)
         ✓ Range valid [0.000, 0.595]
         ✓ All night hours zero
         ✓ Daylight mean: 0.311

[SUCCESS] Hierarchical 30-day forecast complete!
          Total TFT calls: 1 long-head + 30 short-head = 31

[INFO] Hierarchical 30-day forecast starting 2024-04-02 00:00:00+00:00
[INFO] Fetching live weather from OpenMeteo API...
                [Auto-selected ECMWF API for 15-day forecast]
[WeatherClient] Fetching 15-day ECMWF forecast
                Location: (48.6946°N, 12.5976°E)
                Period: 2024-04-02 → 2024-04-17
                Tilt/Azimuth: 25.0° / 180.0°
                API: ECMWF
[ERROR] Live weather fetch failed: OpenMeteo API call failed: {'reason': "Parameter 'start_date' is out of allowed range from 2025-10-06 to 2026-01-22", 'error': True}
[ERROR] Falling back to test weather data if available
       Architecture: Long-head (strategic) + 30× Short-head (tactical) + Physics

[PREP] Preparing data for multi-resolution inference...
       Input frequency detected: 15min
       Resampling to hourly for long-head...
       Hourly shape: historical=(720, 28), weather=(720, 32)

[STEP 1/4] Computing PVLib physics baseline (2880 steps @ 15-min)...
          Weather window: 2880 steps (2024-04-02 00:00:00+00:00 → 2024-05-01 23:45:00+00:00)
          Using pre-computed PVLib baseline (pvlib_ac_kw column)
          PVLib shape: (2880,), range: [0.000, 0.908]

[STEP 2/4] Running long-head TFT (strategic: 720 hours @ 1-hour)...
          Long-head shape: (720,)
          Upsampling long-head to 15-min resolution...
          Long upsampled shape: (2880,)

[STEP 3/4] Rolling short-head refinement (30 days × 96 steps)...
          Day  5/30: α_short=0.65, α_long=0.35, α_ml=0.69
          Day 10/30: α_short=0.50, α_long=0.50, α_ml=0.66
          Day 15/30: α_short=0.35, α_long=0.65, α_ml=0.64
          Day 20/30: α_short=0.35, α_long=0.65, α_ml=0.61
          Day 25/30: α_short=0.35, α_long=0.65, α_ml=0.59
          Day 30/30: α_short=0.35, α_long=0.65, α_ml=0.56
          Final forecast shape: (2880,)
          Final range: [0.000, 0.591]

[STEP 4/4] Validation...
         ✓ Shape correct (2880 steps)
         ✓ Range valid [0.000, 0.591]
/home/dwijenayake/pv_forecast_30d/src/inference/physics_aware_forecaster.py:386: FutureWarning: 'H' is deprecated and will be removed in a future version, please use 'h' instead.
  hourly_hist = historical_df[['timestamp_utc'] + hist_numeric_cols].set_index('timestamp_utc').resample('1H').mean().reset_index()
/home/dwijenayake/pv_forecast_30d/src/inference/physics_aware_forecaster.py:387: FutureWarning: 'H' is deprecated and will be removed in a future version, please use 'h' instead.
  hourly_weather = weather_df[['timestamp_utc'] + weather_numeric_cols].set_index('timestamp_utc').resample('1H').mean().reset_index()
/home/dwijenayake/pv_forecast_30d/src/inference/physics_aware_forecaster.py:386: FutureWarning: 'H' is deprecated and will be removed in a future version, please use 'h' instead.
  hourly_hist = historical_df[['timestamp_utc'] + hist_numeric_cols].set_index('timestamp_utc').resample('1H').mean().reset_index()
/home/dwijenayake/pv_forecast_30d/src/inference/physics_aware_forecaster.py:387: FutureWarning: 'H' is deprecated and will be removed in a future version, please use 'h' instead.
  hourly_weather = weather_df[['timestamp_utc'] + weather_numeric_cols].set_index('timestamp_utc').resample('1H').mean().reset_index()
/home/dwijenayake/pv_forecast_30d/src/inference/physics_aware_forecaster.py:386: FutureWarning: 'H' is deprecated and will be removed in a future version, please use 'h' instead.
  hourly_hist = historical_df[['timestamp_utc'] + hist_numeric_cols].set_index('timestamp_utc').resample('1H').mean().reset_index()
/home/dwijenayake/pv_forecast_30d/src/inference/physics_aware_forecaster.py:387: FutureWarning: 'H' is deprecated and will be removed in a future version, please use 'h' instead.
  hourly_weather = weather_df[['timestamp_utc'] + weather_numeric_cols].set_index('timestamp_utc').resample('1H').mean().reset_index()
/home/dwijenayake/pv_forecast_30d/src/inference/physics_aware_forecaster.py:386: FutureWarning: 'H' is deprecated and will be removed in a future version, please use 'h' instead.
  hourly_hist = historical_df[['timestamp_utc'] + hist_numeric_cols].set_index('timestamp_utc').resample('1H').mean().reset_index()
/home/dwijenayake/pv_forecast_30d/src/inference/physics_aware_forecaster.py:387: FutureWarning: 'H' is deprecated and will be removed in a future version, please use 'h' instead.
  hourly_weather = weather_df[['timestamp_utc'] + weather_numeric_cols].set_index('timestamp_utc').resample('1H').mean().reset_index()
         ✓ All night hours zero
         ✓ Daylight mean: 0.315

[SUCCESS] Hierarchical 30-day forecast complete!
          Total TFT calls: 1 long-head + 30 short-head = 31

[INFO] Hierarchical 30-day forecast starting 2024-04-03 00:00:00+00:00
[INFO] Fetching live weather from OpenMeteo API...
                [Auto-selected ECMWF API for 15-day forecast]
[WeatherClient] Fetching 15-day ECMWF forecast
                Location: (48.6946°N, 12.5976°E)
                Period: 2024-04-03 → 2024-04-18
                Tilt/Azimuth: 25.0° / 180.0°
                API: ECMWF
[ERROR] Live weather fetch failed: OpenMeteo API call failed: {'reason': "Parameter 'start_date' is out of allowed range from 2025-10-06 to 2026-01-22", 'error': True}
[ERROR] Falling back to test weather data if available
       Architecture: Long-head (strategic) + 30× Short-head (tactical) + Physics

[PREP] Preparing data for multi-resolution inference...
       Input frequency detected: 15min
       Resampling to hourly for long-head...
       Hourly shape: historical=(720, 28), weather=(720, 32)

[STEP 1/4] Computing PVLib physics baseline (2880 steps @ 15-min)...
          Weather window: 2880 steps (2024-04-03 00:00:00+00:00 → 2024-05-02 23:45:00+00:00)
          Using pre-computed PVLib baseline (pvlib_ac_kw column)
          PVLib shape: (2880,), range: [0.000, 0.908]

[STEP 2/4] Running long-head TFT (strategic: 720 hours @ 1-hour)...
          Long-head shape: (720,)
          Upsampling long-head to 15-min resolution...
          Long upsampled shape: (2880,)

[STEP 3/4] Rolling short-head refinement (30 days × 96 steps)...
          Day  5/30: α_short=0.65, α_long=0.35, α_ml=0.69
          Day 10/30: α_short=0.50, α_long=0.50, α_ml=0.66
          Day 15/30: α_short=0.35, α_long=0.65, α_ml=0.64
          Day 20/30: α_short=0.35, α_long=0.65, α_ml=0.61
          Day 25/30: α_short=0.35, α_long=0.65, α_ml=0.59
          Day 30/30: α_short=0.35, α_long=0.65, α_ml=0.56
          Final forecast shape: (2880,)
          Final range: [0.000, 0.590]

[STEP 4/4] Validation...
         ✓ Shape correct (2880 steps)
         ✓ Range valid [0.000, 0.590]
         ✓ All night hours zero
         ✓ Daylight mean: 0.321

[SUCCESS] Hierarchical 30-day forecast complete!
          Total TFT calls: 1 long-head + 30 short-head = 31

[INFO] Hierarchical 30-day forecast starting 2024-04-04 00:00:00+00:00
[INFO] Fetching live weather from OpenMeteo API...
                [Auto-selected ECMWF API for 15-day forecast]
[WeatherClient] Fetching 15-day ECMWF forecast
                Location: (48.6946°N, 12.5976°E)
                Period: 2024-04-04 → 2024-04-19
                Tilt/Azimuth: 25.0° / 180.0°
                API: ECMWF
[ERROR] Live weather fetch failed: OpenMeteo API call failed: {'error': True, 'reason': "Parameter 'start_date' is out of allowed range from 2025-10-06 to 2026-01-22"}
[ERROR] Falling back to test weather data if available
       Architecture: Long-head (strategic) + 30× Short-head (tactical) + Physics

[PREP] Preparing data for multi-resolution inference...
       Input frequency detected: 15min
       Resampling to hourly for long-head...
       Hourly shape: historical=(720, 28), weather=(720, 32)

[STEP 1/4] Computing PVLib physics baseline (2880 steps @ 15-min)...
          Weather window: 2880 steps (2024-04-04 00:00:00+00:00 → 2024-05-03 23:45:00+00:00)
          Using pre-computed PVLib baseline (pvlib_ac_kw column)
          PVLib shape: (2880,), range: [0.000, 0.908]

[STEP 2/4] Running long-head TFT (strategic: 720 hours @ 1-hour)...
          Long-head shape: (720,)
          Upsampling long-head to 15-min resolution...
          Long upsampled shape: (2880,)

[STEP 3/4] Rolling short-head refinement (30 days × 96 steps)...
          Day  5/30: α_short=0.65, α_long=0.35, α_ml=0.69
          Day 10/30: α_short=0.50, α_long=0.50, α_ml=0.66
          Day 15/30: α_short=0.35, α_long=0.65, α_ml=0.64
          Day 20/30: α_short=0.35, α_long=0.65, α_ml=0.61
          Day 25/30: α_short=0.35, α_long=0.65, α_ml=0.59
          Day 30/30: α_short=0.35, α_long=0.65, α_ml=0.56
          Final forecast shape: (2880,)
          Final range: [0.000, 0.595]

[STEP 4/4] Validation...
         ✓ Shape correct (2880 steps)
         ✓ Range valid [0.000, 0.595]
         ✓ All night hours zero
         ✓ Daylight mean: 0.317

[SUCCESS] Hierarchical 30-day forecast complete!
          Total TFT calls: 1 long-head + 30 short-head = 31

[INFO] Hierarchical 30-day forecast starting 2024-04-05 00:00:00+00:00
[INFO] Fetching live weather from OpenMeteo API...
                [Auto-selected ECMWF API for 15-day forecast]
[WeatherClient] Fetching 15-day ECMWF forecast
                Location: (48.6946°N, 12.5976°E)
                Period: 2024-04-05 → 2024-04-20
                Tilt/Azimuth: 25.0° / 180.0°
                API: ECMWF
[ERROR] Live weather fetch failed: OpenMeteo API call failed: {'reason': "Parameter 'start_date' is out of allowed range from 2025-10-06 to 2026-01-22", 'error': True}
[ERROR] Falling back to test weather data if available
       Architecture: Long-head (strategic) + 30× Short-head (tactical) + Physics

[PREP] Preparing data for multi-resolution inference...
       Input frequency detected: 15min
       Resampling to hourly for long-head...
       Hourly shape: historical=(720, 28), weather=(720, 32)

[STEP 1/4] Computing PVLib physics baseline (2880 steps @ 15-min)...
          Weather window: 2880 steps (2024-04-05 00:00:00+00:00 → 2024-05-04 23:45:00+00:00)
          Using pre-computed PVLib baseline (pvlib_ac_kw column)
          PVLib shape: (2880,), range: [0.000, 0.908]

[STEP 2/4] Running long-head TFT (strategic: 720 hours @ 1-hour)...
          Long-head shape: (720,)
          Upsampling long-head to 15-min resolution...
          Long upsampled shape: (2880,)

[STEP 3/4] Rolling short-head refinement (30 days × 96 steps)...
          Day  5/30: α_short=0.65, α_long=0.35, α_ml=0.69
          Day 10/30: α_short=0.50, α_long=0.50, α_ml=0.66
          Day 15/30: α_short=0.35, α_long=0.65, α_ml=0.64
          Day 20/30: α_short=0.35, α_long=0.65, α_ml=0.61
          Day 25/30: α_short=0.35, α_long=0.65, α_ml=0.59
          Day 30/30: α_short=0.35, α_long=0.65, α_ml=0.56
          Final forecast shape: (2880,)
          Final range: [0.000, 0.654]

[STEP 4/4] Validation...
         ✓ Shape correct (2880 steps)
         ✓ Range valid [0.000, 0.654]
         ✓ All night hours zero
         ✓ Daylight mean: 0.321

[SUCCESS] Hierarchical 30-day forecast complete!
          Total TFT calls: 1 long-head + 30 short-head = 31

[INFO] Hierarchical 30-day forecast starting 2024-04-06 00:00:00+00:00
[INFO] Fetching live weather from OpenMeteo API...
                [Auto-selected ECMWF API for 15-day forecast]
[WeatherClient] Fetching 15-day ECMWF forecast
                Location: (48.6946°N, 12.5976°E)
                Period: 2024-04-06 → 2024-04-21
                Tilt/Azimuth: 25.0° / 180.0°
                API: ECMWF
[ERROR] Live weather fetch failed: OpenMeteo API call failed: {'error': True, 'reason': "Parameter 'start_date' is out of allowed range from 2025-10-06 to 2026-01-22"}
[ERROR] Falling back to test weather data if available
       Architecture: Long-head (strategic) + 30× Short-head (tactical) + Physics

[PREP] Preparing data for multi-resolution inference...
       Input frequency detected: 15min
       Resampling to hourly for long-head...
       Hourly shape: historical=(720, 28), weather=(720, 32)

[STEP 1/4] Computing PVLib physics baseline (2880 steps @ 15-min)...
          Weather window: 2880 steps (2024-04-06 00:00:00+00:00 → 2024-05-05 23:45:00+00:00)
          Using pre-computed PVLib baseline (pvlib_ac_kw column)
          PVLib shape: (2880,), range: [0.000, 0.908]

[STEP 2/4] Running long-head TFT (strategic: 720 hours @ 1-hour)...
          Long-head shape: (720,)
          Upsampling long-head to 15-min resolution...
          Long upsampled shape: (2880,)
/home/dwijenayake/pv_forecast_30d/src/inference/physics_aware_forecaster.py:386: FutureWarning: 'H' is deprecated and will be removed in a future version, please use 'h' instead.
  hourly_hist = historical_df[['timestamp_utc'] + hist_numeric_cols].set_index('timestamp_utc').resample('1H').mean().reset_index()
/home/dwijenayake/pv_forecast_30d/src/inference/physics_aware_forecaster.py:387: FutureWarning: 'H' is deprecated and will be removed in a future version, please use 'h' instead.
  hourly_weather = weather_df[['timestamp_utc'] + weather_numeric_cols].set_index('timestamp_utc').resample('1H').mean().reset_index()
/home/dwijenayake/pv_forecast_30d/src/inference/physics_aware_forecaster.py:386: FutureWarning: 'H' is deprecated and will be removed in a future version, please use 'h' instead.
  hourly_hist = historical_df[['timestamp_utc'] + hist_numeric_cols].set_index('timestamp_utc').resample('1H').mean().reset_index()
/home/dwijenayake/pv_forecast_30d/src/inference/physics_aware_forecaster.py:387: FutureWarning: 'H' is deprecated and will be removed in a future version, please use 'h' instead.
  hourly_weather = weather_df[['timestamp_utc'] + weather_numeric_cols].set_index('timestamp_utc').resample('1H').mean().reset_index()
/home/dwijenayake/pv_forecast_30d/src/inference/physics_aware_forecaster.py:386: FutureWarning: 'H' is deprecated and will be removed in a future version, please use 'h' instead.
  hourly_hist = historical_df[['timestamp_utc'] + hist_numeric_cols].set_index('timestamp_utc').resample('1H').mean().reset_index()
/home/dwijenayake/pv_forecast_30d/src/inference/physics_aware_forecaster.py:387: FutureWarning: 'H' is deprecated and will be removed in a future version, please use 'h' instead.
  hourly_weather = weather_df[['timestamp_utc'] + weather_numeric_cols].set_index('timestamp_utc').resample('1H').mean().reset_index()

[STEP 3/4] Rolling short-head refinement (30 days × 96 steps)...
          Day  5/30: α_short=0.65, α_long=0.35, α_ml=0.69
          Day 10/30: α_short=0.50, α_long=0.50, α_ml=0.66
          Day 15/30: α_short=0.35, α_long=0.65, α_ml=0.64
          Day 20/30: α_short=0.35, α_long=0.65, α_ml=0.61
          Day 25/30: α_short=0.35, α_long=0.65, α_ml=0.59
          Day 30/30: α_short=0.35, α_long=0.65, α_ml=0.56
          Final forecast shape: (2880,)
          Final range: [0.000, 0.653]

[STEP 4/4] Validation...
         ✓ Shape correct (2880 steps)
         ✓ Range valid [0.000, 0.653]
         ✓ All night hours zero
         ✓ Daylight mean: 0.321

[SUCCESS] Hierarchical 30-day forecast complete!
          Total TFT calls: 1 long-head + 30 short-head = 31

[INFO] Hierarchical 30-day forecast starting 2024-04-07 00:00:00+00:00
[INFO] Fetching live weather from OpenMeteo API...
                [Auto-selected ECMWF API for 15-day forecast]
[WeatherClient] Fetching 15-day ECMWF forecast
                Location: (48.6946°N, 12.5976°E)
                Period: 2024-04-07 → 2024-04-22
                Tilt/Azimuth: 25.0° / 180.0°
                API: ECMWF
[ERROR] Live weather fetch failed: OpenMeteo API call failed: {'reason': "Parameter 'start_date' is out of allowed range from 2025-10-06 to 2026-01-22", 'error': True}
[ERROR] Falling back to test weather data if available
       Architecture: Long-head (strategic) + 30× Short-head (tactical) + Physics

[PREP] Preparing data for multi-resolution inference...
       Input frequency detected: 15min
       Resampling to hourly for long-head...
       Hourly shape: historical=(720, 28), weather=(720, 32)

[STEP 1/4] Computing PVLib physics baseline (2880 steps @ 15-min)...
          Weather window: 2880 steps (2024-04-07 00:00:00+00:00 → 2024-05-06 23:45:00+00:00)
          Using pre-computed PVLib baseline (pvlib_ac_kw column)
          PVLib shape: (2880,), range: [0.000, 0.908]

[STEP 2/4] Running long-head TFT (strategic: 720 hours @ 1-hour)...
          Long-head shape: (720,)
          Upsampling long-head to 15-min resolution...
          Long upsampled shape: (2880,)

[STEP 3/4] Rolling short-head refinement (30 days × 96 steps)...
          Day  5/30: α_short=0.65, α_long=0.35, α_ml=0.69
          Day 10/30: α_short=0.50, α_long=0.50, α_ml=0.66
          Day 15/30: α_short=0.35, α_long=0.65, α_ml=0.64
          Day 20/30: α_short=0.35, α_long=0.65, α_ml=0.61
          Day 25/30: α_short=0.35, α_long=0.65, α_ml=0.59
          Day 30/30: α_short=0.35, α_long=0.65, α_ml=0.56
          Final forecast shape: (2880,)
          Final range: [0.000, 0.652]

[STEP 4/4] Validation...
         ✓ Shape correct (2880 steps)
         ✓ Range valid [0.000, 0.652]
         ✓ All night hours zero
         ✓ Daylight mean: 0.319

[SUCCESS] Hierarchical 30-day forecast complete!
          Total TFT calls: 1 long-head + 30 short-head = 31

[INFO] Hierarchical 30-day forecast starting 2024-04-08 00:00:00+00:00
[INFO] Fetching live weather from OpenMeteo API...
                [Auto-selected ECMWF API for 15-day forecast]
[WeatherClient] Fetching 15-day ECMWF forecast
                Location: (48.6946°N, 12.5976°E)
                Period: 2024-04-08 → 2024-04-23
                Tilt/Azimuth: 25.0° / 180.0°
                API: ECMWF
[ERROR] Live weather fetch failed: OpenMeteo API call failed: {'reason': "Parameter 'start_date' is out of allowed range from 2025-10-06 to 2026-01-22", 'error': True}
[ERROR] Falling back to test weather data if available
       Architecture: Long-head (strategic) + 30× Short-head (tactical) + Physics

[PREP] Preparing data for multi-resolution inference...
       Input frequency detected: 15min
       Resampling to hourly for long-head...
       Hourly shape: historical=(720, 28), weather=(720, 32)

[STEP 1/4] Computing PVLib physics baseline (2880 steps @ 15-min)...
          Weather window: 2880 steps (2024-04-08 00:00:00+00:00 → 2024-05-07 23:45:00+00:00)
          Using pre-computed PVLib baseline (pvlib_ac_kw column)
          PVLib shape: (2880,), range: [0.000, 0.908]

[STEP 2/4] Running long-head TFT (strategic: 720 hours @ 1-hour)...
          Long-head shape: (720,)
          Upsampling long-head to 15-min resolution...
          Long upsampled shape: (2880,)

[STEP 3/4] Rolling short-head refinement (30 days × 96 steps)...
          Day  5/30: α_short=0.65, α_long=0.35, α_ml=0.69
          Day 10/30: α_short=0.50, α_long=0.50, α_ml=0.66
          Day 15/30: α_short=0.35, α_long=0.65, α_ml=0.64
          Day 20/30: α_short=0.35, α_long=0.65, α_ml=0.61
          Day 25/30: α_short=0.35, α_long=0.65, α_ml=0.59
          Day 30/30: α_short=0.35, α_long=0.65, α_ml=0.56
          Final forecast shape: (2880,)
          Final range: [0.000, 0.650]

[STEP 4/4] Validation...
         ✓ Shape correct (2880 steps)
         ✓ Range valid [0.000, 0.650]
         ✓ All night hours zero
         ✓ Daylight mean: 0.315

[SUCCESS] Hierarchical 30-day forecast complete!
          Total TFT calls: 1 long-head + 30 short-head = 31

[INFO] Hierarchical 30-day forecast starting 2024-04-09 00:00:00+00:00
[INFO] Fetching live weather from OpenMeteo API...
                [Auto-selected ECMWF API for 15-day forecast]
[WeatherClient] Fetching 15-day ECMWF forecast
                Location: (48.6946°N, 12.5976°E)
                Period: 2024-04-09 → 2024-04-24
                Tilt/Azimuth: 25.0° / 180.0°
                API: ECMWF
[ERROR] Live weather fetch failed: OpenMeteo API call failed: {'error': True, 'reason': "Parameter 'start_date' is out of allowed range from 2025-10-06 to 2026-01-22"}
[ERROR] Falling back to test weather data if available
       Architecture: Long-head (strategic) + 30× Short-head (tactical) + Physics

[PREP] Preparing data for multi-resolution inference...
       Input frequency detected: 15min
       Resampling to hourly for long-head...
       Hourly shape: historical=(720, 28), weather=(720, 32)

[STEP 1/4] Computing PVLib physics baseline (2880 steps @ 15-min)...
          Weather window: 2880 steps (2024-04-09 00:00:00+00:00 → 2024-05-08 23:45:00+00:00)
          Using pre-computed PVLib baseline (pvlib_ac_kw column)
          PVLib shape: (2880,), range: [0.000, 0.908]

[STEP 2/4] Running long-head TFT (strategic: 720 hours @ 1-hour)...
          Long-head shape: (720,)
          Upsampling long-head to 15-min resolution...
          Long upsampled shape: (2880,)

[STEP 3/4] Rolling short-head refinement (30 days × 96 steps)...
          Day  5/30: α_short=0.65, α_long=0.35, α_ml=0.69
          Day 10/30: α_short=0.50, α_long=0.50, α_ml=0.66
          Day 15/30: α_short=0.35, α_long=0.65, α_ml=0.64
          Day 20/30: α_short=0.35, α_long=0.65, α_ml=0.61
          Day 25/30: α_short=0.35, α_long=0.65, α_ml=0.59
          Day 30/30: α_short=0.35, α_long=0.65, α_ml=0.56
          Final forecast shape: (2880,)
          Final range: [0.000, 0.649]

[STEP 4/4] Validation...
         ✓ Shape correct (2880 steps)
         ✓ Range valid [0.000, 0.649]
         ✓ All night hours zero
         ✓ Daylight mean: 0.313

[SUCCESS] Hierarchical 30-day forecast complete!
          Total TFT calls: 1 long-head + 30 short-head = 31

[INFO] Hierarchical 30-day forecast starting 2024-04-10 00:00:00+00:00
[INFO] Fetching live weather from OpenMeteo API...
                [Auto-selected ECMWF API for 15-day forecast]
[WeatherClient] Fetching 15-day ECMWF forecast
                Location: (48.6946°N, 12.5976°E)
                Period: 2024-04-10 → 2024-04-25
                Tilt/Azimuth: 25.0° / 180.0°
                API: ECMWF
[ERROR] Live weather fetch failed: OpenMeteo API call failed: {'error': True, 'reason': "Parameter 'start_date' is out of allowed range from 2025-10-06 to 2026-01-22"}
[ERROR] Falling back to test weather data if available
       Architecture: Long-head (strategic) + 30× Short-head (tactical) + Physics

[PREP] Preparing data for multi-resolution inference...
       Input frequency detected: 15min
/home/dwijenayake/pv_forecast_30d/src/inference/physics_aware_forecaster.py:386: FutureWarning: 'H' is deprecated and will be removed in a future version, please use 'h' instead.
  hourly_hist = historical_df[['timestamp_utc'] + hist_numeric_cols].set_index('timestamp_utc').resample('1H').mean().reset_index()
/home/dwijenayake/pv_forecast_30d/src/inference/physics_aware_forecaster.py:387: FutureWarning: 'H' is deprecated and will be removed in a future version, please use 'h' instead.
  hourly_weather = weather_df[['timestamp_utc'] + weather_numeric_cols].set_index('timestamp_utc').resample('1H').mean().reset_index()
/home/dwijenayake/pv_forecast_30d/src/inference/physics_aware_forecaster.py:386: FutureWarning: 'H' is deprecated and will be removed in a future version, please use 'h' instead.
  hourly_hist = historical_df[['timestamp_utc'] + hist_numeric_cols].set_index('timestamp_utc').resample('1H').mean().reset_index()
/home/dwijenayake/pv_forecast_30d/src/inference/physics_aware_forecaster.py:387: FutureWarning: 'H' is deprecated and will be removed in a future version, please use 'h' instead.
  hourly_weather = weather_df[['timestamp_utc'] + weather_numeric_cols].set_index('timestamp_utc').resample('1H').mean().reset_index()
/home/dwijenayake/pv_forecast_30d/src/inference/physics_aware_forecaster.py:386: FutureWarning: 'H' is deprecated and will be removed in a future version, please use 'h' instead.
  hourly_hist = historical_df[['timestamp_utc'] + hist_numeric_cols].set_index('timestamp_utc').resample('1H').mean().reset_index()
/home/dwijenayake/pv_forecast_30d/src/inference/physics_aware_forecaster.py:387: FutureWarning: 'H' is deprecated and will be removed in a future version, please use 'h' instead.
  hourly_weather = weather_df[['timestamp_utc'] + weather_numeric_cols].set_index('timestamp_utc').resample('1H').mean().reset_index()
/home/dwijenayake/pv_forecast_30d/src/inference/physics_aware_forecaster.py:386: FutureWarning: 'H' is deprecated and will be removed in a future version, please use 'h' instead.
  hourly_hist = historical_df[['timestamp_utc'] + hist_numeric_cols].set_index('timestamp_utc').resample('1H').mean().reset_index()
/home/dwijenayake/pv_forecast_30d/src/inference/physics_aware_forecaster.py:387: FutureWarning: 'H' is deprecated and will be removed in a future version, please use 'h' instead.
  hourly_weather = weather_df[['timestamp_utc'] + weather_numeric_cols].set_index('timestamp_utc').resample('1H').mean().reset_index()
       Resampling to hourly for long-head...
       Hourly shape: historical=(720, 28), weather=(720, 32)

[STEP 1/4] Computing PVLib physics baseline (2880 steps @ 15-min)...
          Weather window: 2880 steps (2024-04-10 00:00:00+00:00 → 2024-05-09 23:45:00+00:00)
          Using pre-computed PVLib baseline (pvlib_ac_kw column)
          PVLib shape: (2880,), range: [0.000, 0.908]

[STEP 2/4] Running long-head TFT (strategic: 720 hours @ 1-hour)...
          Long-head shape: (720,)
          Upsampling long-head to 15-min resolution...
          Long upsampled shape: (2880,)

[STEP 3/4] Rolling short-head refinement (30 days × 96 steps)...
          Day  5/30: α_short=0.65, α_long=0.35, α_ml=0.69
          Day 10/30: α_short=0.50, α_long=0.50, α_ml=0.66
          Day 15/30: α_short=0.35, α_long=0.65, α_ml=0.64
          Day 20/30: α_short=0.35, α_long=0.65, α_ml=0.61
          Day 25/30: α_short=0.35, α_long=0.65, α_ml=0.59
          Day 30/30: α_short=0.35, α_long=0.65, α_ml=0.56
          Final forecast shape: (2880,)
          Final range: [0.000, 0.644]

[STEP 4/4] Validation...
         ✓ Shape correct (2880 steps)
         ✓ Range valid [0.000, 0.644]
         ✓ All night hours zero
         ✓ Daylight mean: 0.312

[SUCCESS] Hierarchical 30-day forecast complete!
          Total TFT calls: 1 long-head + 30 short-head = 31

[INFO] Hierarchical 30-day forecast starting 2024-04-11 00:00:00+00:00
[INFO] Fetching live weather from OpenMeteo API...
                [Auto-selected ECMWF API for 15-day forecast]
[WeatherClient] Fetching 15-day ECMWF forecast
                Location: (48.6946°N, 12.5976°E)
                Period: 2024-04-11 → 2024-04-26
                Tilt/Azimuth: 25.0° / 180.0°
                API: ECMWF
[ERROR] Live weather fetch failed: OpenMeteo API call failed: {'error': True, 'reason': "Parameter 'start_date' is out of allowed range from 2025-10-06 to 2026-01-22"}
[ERROR] Falling back to test weather data if available
       Architecture: Long-head (strategic) + 30× Short-head (tactical) + Physics

[PREP] Preparing data for multi-resolution inference...
       Input frequency detected: 15min
       Resampling to hourly for long-head...
       Hourly shape: historical=(720, 28), weather=(720, 32)

[STEP 1/4] Computing PVLib physics baseline (2880 steps @ 15-min)...
          Weather window: 2880 steps (2024-04-11 00:00:00+00:00 → 2024-05-10 23:45:00+00:00)
          Using pre-computed PVLib baseline (pvlib_ac_kw column)
          PVLib shape: (2880,), range: [0.000, 0.908]

[STEP 2/4] Running long-head TFT (strategic: 720 hours @ 1-hour)...
          Long-head shape: (720,)
          Upsampling long-head to 15-min resolution...
          Long upsampled shape: (2880,)

[STEP 3/4] Rolling short-head refinement (30 days × 96 steps)...
          Day  5/30: α_short=0.65, α_long=0.35, α_ml=0.69
          Day 10/30: α_short=0.50, α_long=0.50, α_ml=0.66
          Day 15/30: α_short=0.35, α_long=0.65, α_ml=0.64
          Day 20/30: α_short=0.35, α_long=0.65, α_ml=0.61
          Day 25/30: α_short=0.35, α_long=0.65, α_ml=0.59
          Day 30/30: α_short=0.35, α_long=0.65, α_ml=0.56
          Final forecast shape: (2880,)
          Final range: [0.000, 0.652]

[STEP 4/4] Validation...
         ✓ Shape correct (2880 steps)
         ✓ Range valid [0.000, 0.652]
         ✓ All night hours zero
         ✓ Daylight mean: 0.319

[SUCCESS] Hierarchical 30-day forecast complete!
          Total TFT calls: 1 long-head + 30 short-head = 31

[INFO] Hierarchical 30-day forecast starting 2024-04-12 00:00:00+00:00
[INFO] Fetching live weather from OpenMeteo API...
                [Auto-selected ECMWF API for 15-day forecast]
[WeatherClient] Fetching 15-day ECMWF forecast
                Location: (48.6946°N, 12.5976°E)
                Period: 2024-04-12 → 2024-04-27
                Tilt/Azimuth: 25.0° / 180.0°
                API: ECMWF
[ERROR] Live weather fetch failed: OpenMeteo API call failed: {'reason': "Parameter 'start_date' is out of allowed range from 2025-10-06 to 2026-01-22", 'error': True}
[ERROR] Falling back to test weather data if available
       Architecture: Long-head (strategic) + 30× Short-head (tactical) + Physics

[PREP] Preparing data for multi-resolution inference...
       Input frequency detected: 15min
       Resampling to hourly for long-head...
       Hourly shape: historical=(720, 28), weather=(720, 32)

[STEP 1/4] Computing PVLib physics baseline (2880 steps @ 15-min)...
          Weather window: 2880 steps (2024-04-12 00:00:00+00:00 → 2024-05-11 23:45:00+00:00)
          Using pre-computed PVLib baseline (pvlib_ac_kw column)
          PVLib shape: (2880,), range: [0.000, 0.908]

[STEP 2/4] Running long-head TFT (strategic: 720 hours @ 1-hour)...
          Long-head shape: (720,)
          Upsampling long-head to 15-min resolution...
          Long upsampled shape: (2880,)

[STEP 3/4] Rolling short-head refinement (30 days × 96 steps)...
          Day  5/30: α_short=0.65, α_long=0.35, α_ml=0.69
          Day 10/30: α_short=0.50, α_long=0.50, α_ml=0.66
          Day 15/30: α_short=0.35, α_long=0.65, α_ml=0.64
          Day 20/30: α_short=0.35, α_long=0.65, α_ml=0.61
          Day 25/30: α_short=0.35, α_long=0.65, α_ml=0.59
          Day 30/30: α_short=0.35, α_long=0.65, α_ml=0.56
          Final forecast shape: (2880,)
          Final range: [0.000, 0.619]

[STEP 4/4] Validation...
         ✓ Shape correct (2880 steps)
         ✓ Range valid [0.000, 0.619]
         ✓ All night hours zero
         ✓ Daylight mean: 0.316

[SUCCESS] Hierarchical 30-day forecast complete!
          Total TFT calls: 1 long-head + 30 short-head = 31

[INFO] Hierarchical 30-day forecast starting 2024-04-13 00:00:00+00:00
[INFO] Fetching live weather from OpenMeteo API...
                [Auto-selected ECMWF API for 15-day forecast]
[WeatherClient] Fetching 15-day ECMWF forecast
                Location: (48.6946°N, 12.5976°E)
                Period: 2024-04-13 → 2024-04-28
                Tilt/Azimuth: 25.0° / 180.0°
                API: ECMWF
[ERROR] Live weather fetch failed: OpenMeteo API call failed: {'error': True, 'reason': "Parameter 'start_date' is out of allowed range from 2025-10-06 to 2026-01-22"}
[ERROR] Falling back to test weather data if available
       Architecture: Long-head (strategic) + 30× Short-head (tactical) + Physics

[PREP] Preparing data for multi-resolution inference...
       Input frequency detected: 15min
       Resampling to hourly for long-head...
       Hourly shape: historical=(720, 28), weather=(720, 32)

[STEP 1/4] Computing PVLib physics baseline (2880 steps @ 15-min)...
          Weather window: 2880 steps (2024-04-13 00:00:00+00:00 → 2024-05-12 23:45:00+00:00)
          Using pre-computed PVLib baseline (pvlib_ac_kw column)
          PVLib shape: (2880,), range: [0.000, 0.908]

[STEP 2/4] Running long-head TFT (strategic: 720 hours @ 1-hour)...
          Long-head shape: (720,)
          Upsampling long-head to 15-min resolution...
          Long upsampled shape: (2880,)

[STEP 3/4] Rolling short-head refinement (30 days × 96 steps)...
          Day  5/30: α_short=0.65, α_long=0.35, α_ml=0.69
          Day 10/30: α_short=0.50, α_long=0.50, α_ml=0.66
          Day 15/30: α_short=0.35, α_long=0.65, α_ml=0.64
          Day 20/30: α_short=0.35, α_long=0.65, α_ml=0.61
          Day 25/30: α_short=0.35, α_long=0.65, α_ml=0.59
          Day 30/30: α_short=0.35, α_long=0.65, α_ml=0.56
          Final forecast shape: (2880,)
          Final range: [0.000, 0.617]

[STEP 4/4] Validation...
         ✓ Shape correct (2880 steps)
         ✓ Range valid [0.000, 0.617]
         ✓ All night hours zero
         ✓ Daylight mean: 0.318

[SUCCESS] Hierarchical 30-day forecast complete!
          Total TFT calls: 1 long-head + 30 short-head = 31

[INFO] Hierarchical 30-day forecast starting 2024-04-14 00:00:00+00:00
[INFO] Fetching live weather from OpenMeteo API...
                [Auto-selected ECMWF API for 15-day forecast]
[WeatherClient] Fetching 15-day ECMWF forecast
/home/dwijenayake/pv_forecast_30d/src/inference/physics_aware_forecaster.py:386: FutureWarning: 'H' is deprecated and will be removed in a future version, please use 'h' instead.
  hourly_hist = historical_df[['timestamp_utc'] + hist_numeric_cols].set_index('timestamp_utc').resample('1H').mean().reset_index()
/home/dwijenayake/pv_forecast_30d/src/inference/physics_aware_forecaster.py:387: FutureWarning: 'H' is deprecated and will be removed in a future version, please use 'h' instead.
  hourly_weather = weather_df[['timestamp_utc'] + weather_numeric_cols].set_index('timestamp_utc').resample('1H').mean().reset_index()
/home/dwijenayake/pv_forecast_30d/src/inference/physics_aware_forecaster.py:386: FutureWarning: 'H' is deprecated and will be removed in a future version, please use 'h' instead.
  hourly_hist = historical_df[['timestamp_utc'] + hist_numeric_cols].set_index('timestamp_utc').resample('1H').mean().reset_index()
/home/dwijenayake/pv_forecast_30d/src/inference/physics_aware_forecaster.py:387: FutureWarning: 'H' is deprecated and will be removed in a future version, please use 'h' instead.
  hourly_weather = weather_df[['timestamp_utc'] + weather_numeric_cols].set_index('timestamp_utc').resample('1H').mean().reset_index()
/home/dwijenayake/pv_forecast_30d/src/inference/physics_aware_forecaster.py:386: FutureWarning: 'H' is deprecated and will be removed in a future version, please use 'h' instead.
  hourly_hist = historical_df[['timestamp_utc'] + hist_numeric_cols].set_index('timestamp_utc').resample('1H').mean().reset_index()
/home/dwijenayake/pv_forecast_30d/src/inference/physics_aware_forecaster.py:387: FutureWarning: 'H' is deprecated and will be removed in a future version, please use 'h' instead.
  hourly_weather = weather_df[['timestamp_utc'] + weather_numeric_cols].set_index('timestamp_utc').resample('1H').mean().reset_index()
/home/dwijenayake/pv_forecast_30d/src/inference/physics_aware_forecaster.py:386: FutureWarning: 'H' is deprecated and will be removed in a future version, please use 'h' instead.
  hourly_hist = historical_df[['timestamp_utc'] + hist_numeric_cols].set_index('timestamp_utc').resample('1H').mean().reset_index()
/home/dwijenayake/pv_forecast_30d/src/inference/physics_aware_forecaster.py:387: FutureWarning: 'H' is deprecated and will be removed in a future version, please use 'h' instead.
  hourly_weather = weather_df[['timestamp_utc'] + weather_numeric_cols].set_index('timestamp_utc').resample('1H').mean().reset_index()
                Location: (48.6946°N, 12.5976°E)
                Period: 2024-04-14 → 2024-04-29
                Tilt/Azimuth: 25.0° / 180.0°
                API: ECMWF
[ERROR] Live weather fetch failed: OpenMeteo API call failed: {'error': True, 'reason': "Parameter 'start_date' is out of allowed range from 2025-10-06 to 2026-01-22"}
[ERROR] Falling back to test weather data if available
       Architecture: Long-head (strategic) + 30× Short-head (tactical) + Physics

[PREP] Preparing data for multi-resolution inference...
       Input frequency detected: 15min
       Resampling to hourly for long-head...
       Hourly shape: historical=(720, 28), weather=(720, 32)

[STEP 1/4] Computing PVLib physics baseline (2880 steps @ 15-min)...
          Weather window: 2880 steps (2024-04-14 00:00:00+00:00 → 2024-05-13 23:45:00+00:00)
          Using pre-computed PVLib baseline (pvlib_ac_kw column)
          PVLib shape: (2880,), range: [0.000, 0.908]

[STEP 2/4] Running long-head TFT (strategic: 720 hours @ 1-hour)...
          Long-head shape: (720,)
          Upsampling long-head to 15-min resolution...
          Long upsampled shape: (2880,)

[STEP 3/4] Rolling short-head refinement (30 days × 96 steps)...
          Day  5/30: α_short=0.65, α_long=0.35, α_ml=0.69
          Day 10/30: α_short=0.50, α_long=0.50, α_ml=0.66
          Day 15/30: α_short=0.35, α_long=0.65, α_ml=0.64
          Day 20/30: α_short=0.35, α_long=0.65, α_ml=0.61
          Day 25/30: α_short=0.35, α_long=0.65, α_ml=0.59
          Day 30/30: α_short=0.35, α_long=0.65, α_ml=0.56
          Final forecast shape: (2880,)
          Final range: [0.000, 0.650]

[STEP 4/4] Validation...
         ✓ Shape correct (2880 steps)
         ✓ Range valid [0.000, 0.650]
         ✓ All night hours zero
         ✓ Daylight mean: 0.324

[SUCCESS] Hierarchical 30-day forecast complete!
          Total TFT calls: 1 long-head + 30 short-head = 31

[INFO] Hierarchical 30-day forecast starting 2024-04-15 00:00:00+00:00
[INFO] Fetching live weather from OpenMeteo API...
                [Auto-selected ECMWF API for 15-day forecast]
[WeatherClient] Fetching 15-day ECMWF forecast
                Location: (48.6946°N, 12.5976°E)
                Period: 2024-04-15 → 2024-04-30
                Tilt/Azimuth: 25.0° / 180.0°
                API: ECMWF
[ERROR] Live weather fetch failed: OpenMeteo API call failed: {'error': True, 'reason': "Parameter 'start_date' is out of allowed range from 2025-10-06 to 2026-01-22"}
[ERROR] Falling back to test weather data if available
       Architecture: Long-head (strategic) + 30× Short-head (tactical) + Physics

[PREP] Preparing data for multi-resolution inference...
       Input frequency detected: 15min
       Resampling to hourly for long-head...
       Hourly shape: historical=(720, 28), weather=(720, 32)

[STEP 1/4] Computing PVLib physics baseline (2880 steps @ 15-min)...
          Weather window: 2880 steps (2024-04-15 00:00:00+00:00 → 2024-05-14 23:45:00+00:00)
          Using pre-computed PVLib baseline (pvlib_ac_kw column)
          PVLib shape: (2880,), range: [0.000, 0.908]

[STEP 2/4] Running long-head TFT (strategic: 720 hours @ 1-hour)...
          Long-head shape: (720,)
          Upsampling long-head to 15-min resolution...
          Long upsampled shape: (2880,)

[STEP 3/4] Rolling short-head refinement (30 days × 96 steps)...
          Day  5/30: α_short=0.65, α_long=0.35, α_ml=0.69
          Day 10/30: α_short=0.50, α_long=0.50, α_ml=0.66
          Day 15/30: α_short=0.35, α_long=0.65, α_ml=0.64
          Day 20/30: α_short=0.35, α_long=0.65, α_ml=0.61
          Day 25/30: α_short=0.35, α_long=0.65, α_ml=0.59
          Day 30/30: α_short=0.35, α_long=0.65, α_ml=0.56
          Final forecast shape: (2880,)
          Final range: [0.000, 0.648]

[STEP 4/4] Validation...
         ✓ Shape correct (2880 steps)
         ✓ Range valid [0.000, 0.648]
         ✓ All night hours zero
         ✓ Daylight mean: 0.329

[SUCCESS] Hierarchical 30-day forecast complete!
          Total TFT calls: 1 long-head + 30 short-head = 31

[INFO] Hierarchical 30-day forecast starting 2024-04-16 00:00:00+00:00
[INFO] Fetching live weather from OpenMeteo API...
                [Auto-selected ECMWF API for 15-day forecast]
[WeatherClient] Fetching 15-day ECMWF forecast
                Location: (48.6946°N, 12.5976°E)
                Period: 2024-04-16 → 2024-05-01
                Tilt/Azimuth: 25.0° / 180.0°
                API: ECMWF
[ERROR] Live weather fetch failed: OpenMeteo API call failed: {'error': True, 'reason': "Parameter 'start_date' is out of allowed range from 2025-10-06 to 2026-01-22"}
[ERROR] Falling back to test weather data if available
       Architecture: Long-head (strategic) + 30× Short-head (tactical) + Physics

[PREP] Preparing data for multi-resolution inference...
       Input frequency detected: 15min
       Resampling to hourly for long-head...
       Hourly shape: historical=(720, 28), weather=(720, 32)

[STEP 1/4] Computing PVLib physics baseline (2880 steps @ 15-min)...
          Weather window: 2880 steps (2024-04-16 00:00:00+00:00 → 2024-05-15 23:45:00+00:00)
          Using pre-computed PVLib baseline (pvlib_ac_kw column)
          PVLib shape: (2880,), range: [0.000, 0.908]

[STEP 2/4] Running long-head TFT (strategic: 720 hours @ 1-hour)...
          Long-head shape: (720,)
          Upsampling long-head to 15-min resolution...
          Long upsampled shape: (2880,)

[STEP 3/4] Rolling short-head refinement (30 days × 96 steps)...
          Day  5/30: α_short=0.65, α_long=0.35, α_ml=0.69
          Day 10/30: α_short=0.50, α_long=0.50, α_ml=0.66
          Day 15/30: α_short=0.35, α_long=0.65, α_ml=0.64
          Day 20/30: α_short=0.35, α_long=0.65, α_ml=0.61
          Day 25/30: α_short=0.35, α_long=0.65, α_ml=0.59
          Day 30/30: α_short=0.35, α_long=0.65, α_ml=0.56
          Final forecast shape: (2880,)
          Final range: [0.000, 0.646]

[STEP 4/4] Validation...
         ✓ Shape correct (2880 steps)
         ✓ Range valid [0.000, 0.646]
         ✓ All night hours zero
         ✓ Daylight mean: 0.335

[SUCCESS] Hierarchical 30-day forecast complete!
          Total TFT calls: 1 long-head + 30 short-head = 31

[INFO] Hierarchical 30-day forecast starting 2024-04-17 00:00:00+00:00
[INFO] Fetching live weather from OpenMeteo API...
                [Auto-selected ECMWF API for 15-day forecast]
[WeatherClient] Fetching 15-day ECMWF forecast
                Location: (48.6946°N, 12.5976°E)
                Period: 2024-04-17 → 2024-05-02
                Tilt/Azimuth: 25.0° / 180.0°
                API: ECMWF
[ERROR] Live weather fetch failed: OpenMeteo API call failed: {'reason': "Parameter 'start_date' is out of allowed range from 2025-10-06 to 2026-01-22", 'error': True}
[ERROR] Falling back to test weather data if available
       Architecture: Long-head (strategic) + 30× Short-head (tactical) + Physics

[PREP] Preparing data for multi-resolution inference...
       Input frequency detected: 15min
       Resampling to hourly for long-head...
       Hourly shape: historical=(720, 28), weather=(720, 32)

[STEP 1/4] Computing PVLib physics baseline (2880 steps @ 15-min)...
          Weather window: 2880 steps (2024-04-17 00:00:00+00:00 → 2024-05-16 23:45:00+00:00)
          Using pre-computed PVLib baseline (pvlib_ac_kw column)
          PVLib shape: (2880,), range: [0.000, 0.908]

[STEP 2/4] Running long-head TFT (strategic: 720 hours @ 1-hour)...
          Long-head shape: (720,)
          Upsampling long-head to 15-min resolution...
          Long upsampled shape: (2880,)

[STEP 3/4] Rolling short-head refinement (30 days × 96 steps)...
          Day  5/30: α_short=0.65, α_long=0.35, α_ml=0.69
          Day 10/30: α_short=0.50, α_long=0.50, α_ml=0.66
          Day 15/30: α_short=0.35, α_long=0.65, α_ml=0.64
          Day 20/30: α_short=0.35, α_long=0.65, α_ml=0.61
          Day 25/30: α_short=0.35, α_long=0.65, α_ml=0.59
          Day 30/30: α_short=0.35, α_long=0.65, α_ml=0.56
/home/dwijenayake/pv_forecast_30d/src/inference/physics_aware_forecaster.py:386: FutureWarning: 'H' is deprecated and will be removed in a future version, please use 'h' instead.
  hourly_hist = historical_df[['timestamp_utc'] + hist_numeric_cols].set_index('timestamp_utc').resample('1H').mean().reset_index()
/home/dwijenayake/pv_forecast_30d/src/inference/physics_aware_forecaster.py:387: FutureWarning: 'H' is deprecated and will be removed in a future version, please use 'h' instead.
  hourly_weather = weather_df[['timestamp_utc'] + weather_numeric_cols].set_index('timestamp_utc').resample('1H').mean().reset_index()
/home/dwijenayake/pv_forecast_30d/src/inference/physics_aware_forecaster.py:386: FutureWarning: 'H' is deprecated and will be removed in a future version, please use 'h' instead.
  hourly_hist = historical_df[['timestamp_utc'] + hist_numeric_cols].set_index('timestamp_utc').resample('1H').mean().reset_index()
/home/dwijenayake/pv_forecast_30d/src/inference/physics_aware_forecaster.py:387: FutureWarning: 'H' is deprecated and will be removed in a future version, please use 'h' instead.
  hourly_weather = weather_df[['timestamp_utc'] + weather_numeric_cols].set_index('timestamp_utc').resample('1H').mean().reset_index()
/home/dwijenayake/pv_forecast_30d/src/inference/physics_aware_forecaster.py:386: FutureWarning: 'H' is deprecated and will be removed in a future version, please use 'h' instead.
  hourly_hist = historical_df[['timestamp_utc'] + hist_numeric_cols].set_index('timestamp_utc').resample('1H').mean().reset_index()
/home/dwijenayake/pv_forecast_30d/src/inference/physics_aware_forecaster.py:387: FutureWarning: 'H' is deprecated and will be removed in a future version, please use 'h' instead.
  hourly_weather = weather_df[['timestamp_utc'] + weather_numeric_cols].set_index('timestamp_utc').resample('1H').mean().reset_index()
/home/dwijenayake/pv_forecast_30d/src/inference/physics_aware_forecaster.py:386: FutureWarning: 'H' is deprecated and will be removed in a future version, please use 'h' instead.
  hourly_hist = historical_df[['timestamp_utc'] + hist_numeric_cols].set_index('timestamp_utc').resample('1H').mean().reset_index()
/home/dwijenayake/pv_forecast_30d/src/inference/physics_aware_forecaster.py:387: FutureWarning: 'H' is deprecated and will be removed in a future version, please use 'h' instead.
  hourly_weather = weather_df[['timestamp_utc'] + weather_numeric_cols].set_index('timestamp_utc').resample('1H').mean().reset_index()
          Final forecast shape: (2880,)
          Final range: [0.000, 0.643]

[STEP 4/4] Validation...
         ✓ Shape correct (2880 steps)
         ✓ Range valid [0.000, 0.643]
         ✓ All night hours zero
         ✓ Daylight mean: 0.336

[SUCCESS] Hierarchical 30-day forecast complete!
          Total TFT calls: 1 long-head + 30 short-head = 31

[INFO] Hierarchical 30-day forecast starting 2024-04-18 00:00:00+00:00
[INFO] Fetching live weather from OpenMeteo API...
                [Auto-selected ECMWF API for 15-day forecast]
[WeatherClient] Fetching 15-day ECMWF forecast
                Location: (48.6946°N, 12.5976°E)
                Period: 2024-04-18 → 2024-05-03
                Tilt/Azimuth: 25.0° / 180.0°
                API: ECMWF
[ERROR] Live weather fetch failed: OpenMeteo API call failed: {'error': True, 'reason': "Parameter 'start_date' is out of allowed range from 2025-10-06 to 2026-01-22"}
[ERROR] Falling back to test weather data if available
       Architecture: Long-head (strategic) + 30× Short-head (tactical) + Physics

[PREP] Preparing data for multi-resolution inference...
       Input frequency detected: 15min
       Resampling to hourly for long-head...
       Hourly shape: historical=(720, 28), weather=(720, 32)

[STEP 1/4] Computing PVLib physics baseline (2880 steps @ 15-min)...
          Weather window: 2880 steps (2024-04-18 00:00:00+00:00 → 2024-05-17 23:45:00+00:00)
          Using pre-computed PVLib baseline (pvlib_ac_kw column)
          PVLib shape: (2880,), range: [0.000, 0.908]

[STEP 2/4] Running long-head TFT (strategic: 720 hours @ 1-hour)...
          Long-head shape: (720,)
          Upsampling long-head to 15-min resolution...
          Long upsampled shape: (2880,)

[STEP 3/4] Rolling short-head refinement (30 days × 96 steps)...
          Day  5/30: α_short=0.65, α_long=0.35, α_ml=0.69
          Day 10/30: α_short=0.50, α_long=0.50, α_ml=0.66
          Day 15/30: α_short=0.35, α_long=0.65, α_ml=0.64
          Day 20/30: α_short=0.35, α_long=0.65, α_ml=0.61
          Day 25/30: α_short=0.35, α_long=0.65, α_ml=0.59
          Day 30/30: α_short=0.35, α_long=0.65, α_ml=0.56
          Final forecast shape: (2880,)
          Final range: [0.000, 0.641]

[STEP 4/4] Validation...
         ✓ Shape correct (2880 steps)
         ✓ Range valid [0.000, 0.641]
         ✓ All night hours zero
         ✓ Daylight mean: 0.336

[SUCCESS] Hierarchical 30-day forecast complete!
          Total TFT calls: 1 long-head + 30 short-head = 31

[INFO] Hierarchical 30-day forecast starting 2024-04-19 00:00:00+00:00
[INFO] Fetching live weather from OpenMeteo API...
                [Auto-selected ECMWF API for 15-day forecast]
[WeatherClient] Fetching 15-day ECMWF forecast
                Location: (48.6946°N, 12.5976°E)
                Period: 2024-04-19 → 2024-05-04
                Tilt/Azimuth: 25.0° / 180.0°
                API: ECMWF
[ERROR] Live weather fetch failed: OpenMeteo API call failed: {'reason': "Parameter 'start_date' is out of allowed range from 2025-10-06 to 2026-01-22", 'error': True}
[ERROR] Falling back to test weather data if available
       Architecture: Long-head (strategic) + 30× Short-head (tactical) + Physics

[PREP] Preparing data for multi-resolution inference...
       Input frequency detected: 15min
       Resampling to hourly for long-head...
       Hourly shape: historical=(720, 28), weather=(720, 32)

[STEP 1/4] Computing PVLib physics baseline (2880 steps @ 15-min)...
          Weather window: 2880 steps (2024-04-19 00:00:00+00:00 → 2024-05-18 23:45:00+00:00)
          Using pre-computed PVLib baseline (pvlib_ac_kw column)
          PVLib shape: (2880,), range: [0.000, 0.908]

[STEP 2/4] Running long-head TFT (strategic: 720 hours @ 1-hour)...
          Long-head shape: (720,)
          Upsampling long-head to 15-min resolution...
          Long upsampled shape: (2880,)

[STEP 3/4] Rolling short-head refinement (30 days × 96 steps)...
          Day  5/30: α_short=0.65, α_long=0.35, α_ml=0.69
          Day 10/30: α_short=0.50, α_long=0.50, α_ml=0.66
          Day 15/30: α_short=0.35, α_long=0.65, α_ml=0.64
          Day 20/30: α_short=0.35, α_long=0.65, α_ml=0.61
          Day 25/30: α_short=0.35, α_long=0.65, α_ml=0.59
          Day 30/30: α_short=0.35, α_long=0.65, α_ml=0.56
          Final forecast shape: (2880,)
          Final range: [0.000, 0.639]

[STEP 4/4] Validation...
         ✓ Shape correct (2880 steps)
         ✓ Range valid [0.000, 0.639]
         ✓ All night hours zero
         ✓ Daylight mean: 0.338

[SUCCESS] Hierarchical 30-day forecast complete!
          Total TFT calls: 1 long-head + 30 short-head = 31

[INFO] Hierarchical 30-day forecast starting 2024-04-20 00:00:00+00:00
[INFO] Fetching live weather from OpenMeteo API...
                [Auto-selected ECMWF API for 15-day forecast]
[WeatherClient] Fetching 15-day ECMWF forecast
                Location: (48.6946°N, 12.5976°E)
                Period: 2024-04-20 → 2024-05-05
                Tilt/Azimuth: 25.0° / 180.0°
                API: ECMWF
[ERROR] Live weather fetch failed: OpenMeteo API call failed: {'error': True, 'reason': "Parameter 'start_date' is out of allowed range from 2025-10-06 to 2026-01-22"}
[ERROR] Falling back to test weather data if available
       Architecture: Long-head (strategic) + 30× Short-head (tactical) + Physics

[PREP] Preparing data for multi-resolution inference...
       Input frequency detected: 15min
       Resampling to hourly for long-head...
       Hourly shape: historical=(720, 28), weather=(720, 32)

[STEP 1/4] Computing PVLib physics baseline (2880 steps @ 15-min)...
          Weather window: 2880 steps (2024-04-20 00:00:00+00:00 → 2024-05-19 23:45:00+00:00)
          Using pre-computed PVLib baseline (pvlib_ac_kw column)
          PVLib shape: (2880,), range: [0.000, 0.908]

[STEP 2/4] Running long-head TFT (strategic: 720 hours @ 1-hour)...
          Long-head shape: (720,)
          Upsampling long-head to 15-min resolution...
          Long upsampled shape: (2880,)

[STEP 3/4] Rolling short-head refinement (30 days × 96 steps)...
          Day  5/30: α_short=0.65, α_long=0.35, α_ml=0.69
          Day 10/30: α_short=0.50, α_long=0.50, α_ml=0.66
          Day 15/30: α_short=0.35, α_long=0.65, α_ml=0.64
          Day 20/30: α_short=0.35, α_long=0.65, α_ml=0.61
          Day 25/30: α_short=0.35, α_long=0.65, α_ml=0.59
          Day 30/30: α_short=0.35, α_long=0.65, α_ml=0.56
          Final forecast shape: (2880,)
          Final range: [0.000, 0.638]

[STEP 4/4] Validation...
         ✓ Shape correct (2880 steps)
         ✓ Range valid [0.000, 0.638]
         ✓ All night hours zero
         ✓ Daylight mean: 0.342

[SUCCESS] Hierarchical 30-day forecast complete!
          Total TFT calls: 1 long-head + 30 short-head = 31

[INFO] Hierarchical 30-day forecast starting 2024-04-21 00:00:00+00:00
[INFO] Fetching live weather from OpenMeteo API...
                [Auto-selected ECMWF API for 15-day forecast]
[WeatherClient] Fetching 15-day ECMWF forecast
                Location: (48.6946°N, 12.5976°E)
                Period: 2024-04-21 → 2024-05-06
                Tilt/Azimuth: 25.0° / 180.0°
                API: ECMWF
[ERROR] Live weather fetch failed: OpenMeteo API call failed: {'error': True, 'reason': "Parameter 'start_date' is out of allowed range from 2025-10-06 to 2026-01-22"}
[ERROR] Falling back to test weather data if available
       Architecture: Long-head (strategic) + 30× Short-head (tactical) + Physics

[PREP] Preparing data for multi-resolution inference...
       Input frequency detected: 15min
       Resampling to hourly for long-head...
       Hourly shape: historical=(720, 28), weather=(720, 32)

[STEP 1/4] Computing PVLib physics baseline (2880 steps @ 15-min)...
          Weather window: 2880 steps (2024-04-21 00:00:00+00:00 → 2024-05-20 23:45:00+00:00)
          Using pre-computed PVLib baseline (pvlib_ac_kw column)
          PVLib shape: (2880,), range: [0.000, 0.908]
/home/dwijenayake/pv_forecast_30d/src/inference/physics_aware_forecaster.py:386: FutureWarning: 'H' is deprecated and will be removed in a future version, please use 'h' instead.
  hourly_hist = historical_df[['timestamp_utc'] + hist_numeric_cols].set_index('timestamp_utc').resample('1H').mean().reset_index()
/home/dwijenayake/pv_forecast_30d/src/inference/physics_aware_forecaster.py:387: FutureWarning: 'H' is deprecated and will be removed in a future version, please use 'h' instead.
  hourly_weather = weather_df[['timestamp_utc'] + weather_numeric_cols].set_index('timestamp_utc').resample('1H').mean().reset_index()
/home/dwijenayake/pv_forecast_30d/src/inference/physics_aware_forecaster.py:386: FutureWarning: 'H' is deprecated and will be removed in a future version, please use 'h' instead.
  hourly_hist = historical_df[['timestamp_utc'] + hist_numeric_cols].set_index('timestamp_utc').resample('1H').mean().reset_index()
/home/dwijenayake/pv_forecast_30d/src/inference/physics_aware_forecaster.py:387: FutureWarning: 'H' is deprecated and will be removed in a future version, please use 'h' instead.
  hourly_weather = weather_df[['timestamp_utc'] + weather_numeric_cols].set_index('timestamp_utc').resample('1H').mean().reset_index()
/home/dwijenayake/pv_forecast_30d/src/inference/physics_aware_forecaster.py:386: FutureWarning: 'H' is deprecated and will be removed in a future version, please use 'h' instead.
  hourly_hist = historical_df[['timestamp_utc'] + hist_numeric_cols].set_index('timestamp_utc').resample('1H').mean().reset_index()
/home/dwijenayake/pv_forecast_30d/src/inference/physics_aware_forecaster.py:387: FutureWarning: 'H' is deprecated and will be removed in a future version, please use 'h' instead.
  hourly_weather = weather_df[['timestamp_utc'] + weather_numeric_cols].set_index('timestamp_utc').resample('1H').mean().reset_index()

[STEP 2/4] Running long-head TFT (strategic: 720 hours @ 1-hour)...
          Long-head shape: (720,)
          Upsampling long-head to 15-min resolution...
          Long upsampled shape: (2880,)

[STEP 3/4] Rolling short-head refinement (30 days × 96 steps)...
          Day  5/30: α_short=0.65, α_long=0.35, α_ml=0.69
          Day 10/30: α_short=0.50, α_long=0.50, α_ml=0.66
          Day 15/30: α_short=0.35, α_long=0.65, α_ml=0.64
          Day 20/30: α_short=0.35, α_long=0.65, α_ml=0.61
          Day 25/30: α_short=0.35, α_long=0.65, α_ml=0.59
          Day 30/30: α_short=0.35, α_long=0.65, α_ml=0.56
          Final forecast shape: (2880,)
          Final range: [0.000, 0.648]

[STEP 4/4] Validation...
         ✓ Shape correct (2880 steps)
         ✓ Range valid [0.000, 0.648]
         ✓ All night hours zero
         ✓ Daylight mean: 0.345

[SUCCESS] Hierarchical 30-day forecast complete!
          Total TFT calls: 1 long-head + 30 short-head = 31

[INFO] Hierarchical 30-day forecast starting 2024-04-22 00:00:00+00:00
[INFO] Fetching live weather from OpenMeteo API...
                [Auto-selected ECMWF API for 15-day forecast]
[WeatherClient] Fetching 15-day ECMWF forecast
                Location: (48.6946°N, 12.5976°E)
                Period: 2024-04-22 → 2024-05-07
                Tilt/Azimuth: 25.0° / 180.0°
                API: ECMWF
[ERROR] Live weather fetch failed: OpenMeteo API call failed: {'error': True, 'reason': "Parameter 'start_date' is out of allowed range from 2025-10-06 to 2026-01-22"}
[ERROR] Falling back to test weather data if available
       Architecture: Long-head (strategic) + 30× Short-head (tactical) + Physics

[PREP] Preparing data for multi-resolution inference...
       Input frequency detected: 15min
       Resampling to hourly for long-head...
       Hourly shape: historical=(720, 28), weather=(720, 32)

[STEP 1/4] Computing PVLib physics baseline (2880 steps @ 15-min)...
          Weather window: 2880 steps (2024-04-22 00:00:00+00:00 → 2024-05-21 23:45:00+00:00)
          Using pre-computed PVLib baseline (pvlib_ac_kw column)
          PVLib shape: (2880,), range: [0.000, 0.908]

[STEP 2/4] Running long-head TFT (strategic: 720 hours @ 1-hour)...
          Long-head shape: (720,)
          Upsampling long-head to 15-min resolution...
          Long upsampled shape: (2880,)

[STEP 3/4] Rolling short-head refinement (30 days × 96 steps)...
          Day  5/30: α_short=0.65, α_long=0.35, α_ml=0.69
          Day 10/30: α_short=0.50, α_long=0.50, α_ml=0.66
          Day 15/30: α_short=0.35, α_long=0.65, α_ml=0.64
          Day 20/30: α_short=0.35, α_long=0.65, α_ml=0.61
          Day 25/30: α_short=0.35, α_long=0.65, α_ml=0.59
          Day 30/30: α_short=0.35, α_long=0.65, α_ml=0.56
          Final forecast shape: (2880,)
          Final range: [0.000, 0.655]

[STEP 4/4] Validation...
         ✓ Shape correct (2880 steps)
         ✓ Range valid [0.000, 0.655]
         ✓ All night hours zero
         ✓ Daylight mean: 0.345

[SUCCESS] Hierarchical 30-day forecast complete!
          Total TFT calls: 1 long-head + 30 short-head = 31

[INFO] Hierarchical 30-day forecast starting 2024-04-23 00:00:00+00:00
[INFO] Fetching live weather from OpenMeteo API...
                [Auto-selected ECMWF API for 15-day forecast]
[WeatherClient] Fetching 15-day ECMWF forecast
                Location: (48.6946°N, 12.5976°E)
                Period: 2024-04-23 → 2024-05-08
                Tilt/Azimuth: 25.0° / 180.0°
                API: ECMWF
[ERROR] Live weather fetch failed: OpenMeteo API call failed: {'reason': "Parameter 'start_date' is out of allowed range from 2025-10-06 to 2026-01-22", 'error': True}
[ERROR] Falling back to test weather data if available
       Architecture: Long-head (strategic) + 30× Short-head (tactical) + Physics

[PREP] Preparing data for multi-resolution inference...
       Input frequency detected: 15min
       Resampling to hourly for long-head...
       Hourly shape: historical=(720, 28), weather=(720, 32)

[STEP 1/4] Computing PVLib physics baseline (2880 steps @ 15-min)...
          Weather window: 2880 steps (2024-04-23 00:00:00+00:00 → 2024-05-22 23:45:00+00:00)
          Using pre-computed PVLib baseline (pvlib_ac_kw column)
          PVLib shape: (2880,), range: [0.000, 0.908]

[STEP 2/4] Running long-head TFT (strategic: 720 hours @ 1-hour)...
          Long-head shape: (720,)
          Upsampling long-head to 15-min resolution...
          Long upsampled shape: (2880,)

[STEP 3/4] Rolling short-head refinement (30 days × 96 steps)...
          Day  5/30: α_short=0.65, α_long=0.35, α_ml=0.69
          Day 10/30: α_short=0.50, α_long=0.50, α_ml=0.66
          Day 15/30: α_short=0.35, α_long=0.65, α_ml=0.64
          Day 20/30: α_short=0.35, α_long=0.65, α_ml=0.61
          Day 25/30: α_short=0.35, α_long=0.65, α_ml=0.59
          Day 30/30: α_short=0.35, α_long=0.65, α_ml=0.56
          Final forecast shape: (2880,)
          Final range: [0.000, 0.667]

[STEP 4/4] Validation...
         ✓ Shape correct (2880 steps)
         ✓ Range valid [0.000, 0.667]
         ✓ All night hours zero
         ✓ Daylight mean: 0.341

[SUCCESS] Hierarchical 30-day forecast complete!
          Total TFT calls: 1 long-head + 30 short-head = 31

[INFO] Hierarchical 30-day forecast starting 2024-04-24 00:00:00+00:00
[INFO] Fetching live weather from OpenMeteo API...
                [Auto-selected ECMWF API for 15-day forecast]
[WeatherClient] Fetching 15-day ECMWF forecast
                Location: (48.6946°N, 12.5976°E)
                Period: 2024-04-24 → 2024-05-09
                Tilt/Azimuth: 25.0° / 180.0°
                API: ECMWF
[ERROR] Live weather fetch failed: OpenMeteo API call failed: {'error': True, 'reason': "Parameter 'start_date' is out of allowed range from 2025-10-06 to 2026-01-22"}
[ERROR] Falling back to test weather data if available
       Architecture: Long-head (strategic) + 30× Short-head (tactical) + Physics

[PREP] Preparing data for multi-resolution inference...
       Input frequency detected: 15min
       Resampling to hourly for long-head...
       Hourly shape: historical=(720, 28), weather=(720, 32)

[STEP 1/4] Computing PVLib physics baseline (2880 steps @ 15-min)...
          Weather window: 2880 steps (2024-04-24 00:00:00+00:00 → 2024-05-23 23:45:00+00:00)
          Using pre-computed PVLib baseline (pvlib_ac_kw column)
          PVLib shape: (2880,), range: [0.000, 0.908]

[STEP 2/4] Running long-head TFT (strategic: 720 hours @ 1-hour)...
          Long-head shape: (720,)
          Upsampling long-head to 15-min resolution...
          Long upsampled shape: (2880,)

[STEP 3/4] Rolling short-head refinement (30 days × 96 steps)...
          Day  5/30: α_short=0.65, α_long=0.35, α_ml=0.69
          Day 10/30: α_short=0.50, α_long=0.50, α_ml=0.66
          Day 15/30: α_short=0.35, α_long=0.65, α_ml=0.64
          Day 20/30: α_short=0.35, α_long=0.65, α_ml=0.61
          Day 25/30: α_short=0.35, α_long=0.65, α_ml=0.59
          Day 30/30: α_short=0.35, α_long=0.65, α_ml=0.56
          Final forecast shape: (2880,)
          Final range: [0.000, 0.665]

[STEP 4/4] Validation...
         ✓ Shape correct (2880 steps)
         ✓ Range valid [0.000, 0.665]
         ✓ All night hours zero
         ✓ Daylight mean: 0.344

[SUCCESS] Hierarchical 30-day forecast complete!
          Total TFT calls: 1 long-head + 30 short-head = 31

[INFO] Hierarchical 30-day forecast starting 2024-04-25 00:00:00+00:00
[INFO] Fetching live weather from OpenMeteo API...
                [Auto-selected ECMWF API for 15-day forecast]
[WeatherClient] Fetching 15-day ECMWF forecast
                Location: (48.6946°N, 12.5976°E)
                Period: 2024-04-25 → 2024-05-10
                Tilt/Azimuth: 25.0° / 180.0°
                API: ECMWF
[ERROR] Live weather fetch failed: OpenMeteo API call failed: {'error': True, 'reason': "Parameter 'start_date' is out of allowed range from 2025-10-06 to 2026-01-22"}
/home/dwijenayake/pv_forecast_30d/src/inference/physics_aware_forecaster.py:386: FutureWarning: 'H' is deprecated and will be removed in a future version, please use 'h' instead.
  hourly_hist = historical_df[['timestamp_utc'] + hist_numeric_cols].set_index('timestamp_utc').resample('1H').mean().reset_index()
/home/dwijenayake/pv_forecast_30d/src/inference/physics_aware_forecaster.py:387: FutureWarning: 'H' is deprecated and will be removed in a future version, please use 'h' instead.
  hourly_weather = weather_df[['timestamp_utc'] + weather_numeric_cols].set_index('timestamp_utc').resample('1H').mean().reset_index()
/home/dwijenayake/pv_forecast_30d/src/inference/physics_aware_forecaster.py:386: FutureWarning: 'H' is deprecated and will be removed in a future version, please use 'h' instead.
  hourly_hist = historical_df[['timestamp_utc'] + hist_numeric_cols].set_index('timestamp_utc').resample('1H').mean().reset_index()
/home/dwijenayake/pv_forecast_30d/src/inference/physics_aware_forecaster.py:387: FutureWarning: 'H' is deprecated and will be removed in a future version, please use 'h' instead.
  hourly_weather = weather_df[['timestamp_utc'] + weather_numeric_cols].set_index('timestamp_utc').resample('1H').mean().reset_index()
/home/dwijenayake/pv_forecast_30d/src/inference/physics_aware_forecaster.py:386: FutureWarning: 'H' is deprecated and will be removed in a future version, please use 'h' instead.
  hourly_hist = historical_df[['timestamp_utc'] + hist_numeric_cols].set_index('timestamp_utc').resample('1H').mean().reset_index()
/home/dwijenayake/pv_forecast_30d/src/inference/physics_aware_forecaster.py:387: FutureWarning: 'H' is deprecated and will be removed in a future version, please use 'h' instead.
  hourly_weather = weather_df[['timestamp_utc'] + weather_numeric_cols].set_index('timestamp_utc').resample('1H').mean().reset_index()
/home/dwijenayake/pv_forecast_30d/src/inference/physics_aware_forecaster.py:386: FutureWarning: 'H' is deprecated and will be removed in a future version, please use 'h' instead.
  hourly_hist = historical_df[['timestamp_utc'] + hist_numeric_cols].set_index('timestamp_utc').resample('1H').mean().reset_index()
/home/dwijenayake/pv_forecast_30d/src/inference/physics_aware_forecaster.py:387: FutureWarning: 'H' is deprecated and will be removed in a future version, please use 'h' instead.
  hourly_weather = weather_df[['timestamp_utc'] + weather_numeric_cols].set_index('timestamp_utc').resample('1H').mean().reset_index()
[ERROR] Falling back to test weather data if available
       Architecture: Long-head (strategic) + 30× Short-head (tactical) + Physics

[PREP] Preparing data for multi-resolution inference...
       Input frequency detected: 15min
       Resampling to hourly for long-head...
       Hourly shape: historical=(720, 28), weather=(720, 32)

[STEP 1/4] Computing PVLib physics baseline (2880 steps @ 15-min)...
          Weather window: 2880 steps (2024-04-25 00:00:00+00:00 → 2024-05-24 23:45:00+00:00)
          Using pre-computed PVLib baseline (pvlib_ac_kw column)
          PVLib shape: (2880,), range: [0.000, 0.908]

[STEP 2/4] Running long-head TFT (strategic: 720 hours @ 1-hour)...
          Long-head shape: (720,)
          Upsampling long-head to 15-min resolution...
          Long upsampled shape: (2880,)

[STEP 3/4] Rolling short-head refinement (30 days × 96 steps)...
          Day  5/30: α_short=0.65, α_long=0.35, α_ml=0.69
          Day 10/30: α_short=0.50, α_long=0.50, α_ml=0.66
          Day 15/30: α_short=0.35, α_long=0.65, α_ml=0.64
          Day 20/30: α_short=0.35, α_long=0.65, α_ml=0.61
          Day 25/30: α_short=0.35, α_long=0.65, α_ml=0.59
          Day 30/30: α_short=0.35, α_long=0.65, α_ml=0.56
          Final forecast shape: (2880,)
          Final range: [0.000, 0.664]

[STEP 4/4] Validation...
         ✓ Shape correct (2880 steps)
         ✓ Range valid [0.000, 0.664]
         ✓ All night hours zero
         ✓ Daylight mean: 0.343

[SUCCESS] Hierarchical 30-day forecast complete!
          Total TFT calls: 1 long-head + 30 short-head = 31

[INFO] Hierarchical 30-day forecast starting 2024-04-26 00:00:00+00:00
[INFO] Fetching live weather from OpenMeteo API...
                [Auto-selected ECMWF API for 15-day forecast]
[WeatherClient] Fetching 15-day ECMWF forecast
                Location: (48.6946°N, 12.5976°E)
                Period: 2024-04-26 → 2024-05-11
                Tilt/Azimuth: 25.0° / 180.0°
                API: ECMWF
[ERROR] Live weather fetch failed: OpenMeteo API call failed: {'error': True, 'reason': "Parameter 'start_date' is out of allowed range from 2025-10-06 to 2026-01-22"}
[ERROR] Falling back to test weather data if available
       Architecture: Long-head (strategic) + 30× Short-head (tactical) + Physics

[PREP] Preparing data for multi-resolution inference...
       Input frequency detected: 15min
       Resampling to hourly for long-head...
       Hourly shape: historical=(720, 28), weather=(720, 32)

[STEP 1/4] Computing PVLib physics baseline (2880 steps @ 15-min)...
          Weather window: 2880 steps (2024-04-26 00:00:00+00:00 → 2024-05-25 23:45:00+00:00)
          Using pre-computed PVLib baseline (pvlib_ac_kw column)
          PVLib shape: (2880,), range: [0.000, 0.908]

[STEP 2/4] Running long-head TFT (strategic: 720 hours @ 1-hour)...
          Long-head shape: (720,)
          Upsampling long-head to 15-min resolution...
          Long upsampled shape: (2880,)

[STEP 3/4] Rolling short-head refinement (30 days × 96 steps)...
          Day  5/30: α_short=0.65, α_long=0.35, α_ml=0.69
          Day 10/30: α_short=0.50, α_long=0.50, α_ml=0.66
          Day 15/30: α_short=0.35, α_long=0.65, α_ml=0.64
          Day 20/30: α_short=0.35, α_long=0.65, α_ml=0.61
          Day 25/30: α_short=0.35, α_long=0.65, α_ml=0.59
          Day 30/30: α_short=0.35, α_long=0.65, α_ml=0.56
          Final forecast shape: (2880,)
          Final range: [0.000, 0.662]

[STEP 4/4] Validation...
         ✓ Shape correct (2880 steps)
         ✓ Range valid [0.000, 0.662]
         ✓ All night hours zero
         ✓ Daylight mean: 0.345

[SUCCESS] Hierarchical 30-day forecast complete!
          Total TFT calls: 1 long-head + 30 short-head = 31

[INFO] Hierarchical 30-day forecast starting 2024-04-27 00:00:00+00:00
[INFO] Fetching live weather from OpenMeteo API...
                [Auto-selected ECMWF API for 15-day forecast]
[WeatherClient] Fetching 15-day ECMWF forecast
                Location: (48.6946°N, 12.5976°E)
                Period: 2024-04-27 → 2024-05-12
                Tilt/Azimuth: 25.0° / 180.0°
                API: ECMWF
[ERROR] Live weather fetch failed: OpenMeteo API call failed: {'error': True, 'reason': "Parameter 'start_date' is out of allowed range from 2025-10-06 to 2026-01-22"}
[ERROR] Falling back to test weather data if available
       Architecture: Long-head (strategic) + 30× Short-head (tactical) + Physics

[PREP] Preparing data for multi-resolution inference...
       Input frequency detected: 15min
       Resampling to hourly for long-head...
       Hourly shape: historical=(720, 28), weather=(720, 32)

[STEP 1/4] Computing PVLib physics baseline (2880 steps @ 15-min)...
          Weather window: 2880 steps (2024-04-27 00:00:00+00:00 → 2024-05-26 23:45:00+00:00)
          Using pre-computed PVLib baseline (pvlib_ac_kw column)
          PVLib shape: (2880,), range: [0.000, 0.908]

[STEP 2/4] Running long-head TFT (strategic: 720 hours @ 1-hour)...
          Long-head shape: (720,)
          Upsampling long-head to 15-min resolution...
          Long upsampled shape: (2880,)

[STEP 3/4] Rolling short-head refinement (30 days × 96 steps)...
          Day  5/30: α_short=0.65, α_long=0.35, α_ml=0.69
          Day 10/30: α_short=0.50, α_long=0.50, α_ml=0.66
          Day 15/30: α_short=0.35, α_long=0.65, α_ml=0.64
          Day 20/30: α_short=0.35, α_long=0.65, α_ml=0.61
          Day 25/30: α_short=0.35, α_long=0.65, α_ml=0.59
          Day 30/30: α_short=0.35, α_long=0.65, α_ml=0.56
          Final forecast shape: (2880,)
          Final range: [0.000, 0.660]

[STEP 4/4] Validation...
         ✓ Shape correct (2880 steps)
         ✓ Range valid [0.000, 0.660]
         ✓ All night hours zero
         ✓ Daylight mean: 0.345

[SUCCESS] Hierarchical 30-day forecast complete!
          Total TFT calls: 1 long-head + 30 short-head = 31

[INFO] Hierarchical 30-day forecast starting 2024-04-28 00:00:00+00:00
[INFO] Fetching live weather from OpenMeteo API...
                [Auto-selected ECMWF API for 15-day forecast]
[WeatherClient] Fetching 15-day ECMWF forecast
                Location: (48.6946°N, 12.5976°E)
                Period: 2024-04-28 → 2024-05-13
                Tilt/Azimuth: 25.0° / 180.0°
                API: ECMWF
[ERROR] Live weather fetch failed: OpenMeteo API call failed: {'error': True, 'reason': "Parameter 'start_date' is out of allowed range from 2025-10-06 to 2026-01-22"}
[ERROR] Falling back to test weather data if available
       Architecture: Long-head (strategic) + 30× Short-head (tactical) + Physics

[PREP] Preparing data for multi-resolution inference...
       Input frequency detected: 15min
       Resampling to hourly for long-head...
       Hourly shape: historical=(720, 28), weather=(720, 32)

[STEP 1/4] Computing PVLib physics baseline (2880 steps @ 15-min)...
          Weather window: 2880 steps (2024-04-28 00:00:00+00:00 → 2024-05-27 23:45:00+00:00)
          Using pre-computed PVLib baseline (pvlib_ac_kw column)
          PVLib shape: (2880,), range: [0.000, 0.900]

[STEP 2/4] Running long-head TFT (strategic: 720 hours @ 1-hour)...
          Long-head shape: (720,)
          Upsampling long-head to 15-min resolution...
          Long upsampled shape: (2880,)

[STEP 3/4] Rolling short-head refinement (30 days × 96 steps)...
          Day  5/30: α_short=0.65, α_long=0.35, α_ml=0.69
          Day 10/30: α_short=0.50, α_long=0.50, α_ml=0.66
          Day 15/30: α_short=0.35, α_long=0.65, α_ml=0.64
          Day 20/30: α_short=0.35, α_long=0.65, α_ml=0.61
          Day 25/30: α_short=0.35, α_long=0.65, α_ml=0.59
          Day 30/30: α_short=0.35, α_long=0.65, α_ml=0.56
          Final forecast shape: (2880,)
          Final range: [0.000, 0.662]

[STEP 4/4] Validation...
         ✓ Shape correct (2880 steps)
         ✓ Range valid [0.000, 0.662]
         ✓ All night hours zero
         ✓ Daylight mean: 0.344

[SUCCESS] Hierarchical 30-day forecast complete!
          Total TFT calls: 1 long-head + 30 short-head = 31
/home/dwijenayake/pv_forecast_30d/src/inference/physics_aware_forecaster.py:386: FutureWarning: 'H' is deprecated and will be removed in a future version, please use 'h' instead.
  hourly_hist = historical_df[['timestamp_utc'] + hist_numeric_cols].set_index('timestamp_utc').resample('1H').mean().reset_index()
/home/dwijenayake/pv_forecast_30d/src/inference/physics_aware_forecaster.py:387: FutureWarning: 'H' is deprecated and will be removed in a future version, please use 'h' instead.
  hourly_weather = weather_df[['timestamp_utc'] + weather_numeric_cols].set_index('timestamp_utc').resample('1H').mean().reset_index()
/home/dwijenayake/pv_forecast_30d/src/inference/physics_aware_forecaster.py:386: FutureWarning: 'H' is deprecated and will be removed in a future version, please use 'h' instead.
  hourly_hist = historical_df[['timestamp_utc'] + hist_numeric_cols].set_index('timestamp_utc').resample('1H').mean().reset_index()
/home/dwijenayake/pv_forecast_30d/src/inference/physics_aware_forecaster.py:387: FutureWarning: 'H' is deprecated and will be removed in a future version, please use 'h' instead.
  hourly_weather = weather_df[['timestamp_utc'] + weather_numeric_cols].set_index('timestamp_utc').resample('1H').mean().reset_index()
/home/dwijenayake/pv_forecast_30d/src/inference/physics_aware_forecaster.py:386: FutureWarning: 'H' is deprecated and will be removed in a future version, please use 'h' instead.
  hourly_hist = historical_df[['timestamp_utc'] + hist_numeric_cols].set_index('timestamp_utc').resample('1H').mean().reset_index()
/home/dwijenayake/pv_forecast_30d/src/inference/physics_aware_forecaster.py:387: FutureWarning: 'H' is deprecated and will be removed in a future version, please use 'h' instead.
  hourly_weather = weather_df[['timestamp_utc'] + weather_numeric_cols].set_index('timestamp_utc').resample('1H').mean().reset_index()
/home/dwijenayake/pv_forecast_30d/src/inference/physics_aware_forecaster.py:386: FutureWarning: 'H' is deprecated and will be removed in a future version, please use 'h' instead.
  hourly_hist = historical_df[['timestamp_utc'] + hist_numeric_cols].set_index('timestamp_utc').resample('1H').mean().reset_index()
/home/dwijenayake/pv_forecast_30d/src/inference/physics_aware_forecaster.py:387: FutureWarning: 'H' is deprecated and will be removed in a future version, please use 'h' instead.
  hourly_weather = weather_df[['timestamp_utc'] + weather_numeric_cols].set_index('timestamp_utc').resample('1H').mean().reset_index()

[INFO] Hierarchical 30-day forecast starting 2024-04-29 00:00:00+00:00
[INFO] Fetching live weather from OpenMeteo API...
                [Auto-selected ECMWF API for 15-day forecast]
[WeatherClient] Fetching 15-day ECMWF forecast
                Location: (48.6946°N, 12.5976°E)
                Period: 2024-04-29 → 2024-05-14
                Tilt/Azimuth: 25.0° / 180.0°
                API: ECMWF
[ERROR] Live weather fetch failed: OpenMeteo API call failed: {'reason': "Parameter 'start_date' is out of allowed range from 2025-10-06 to 2026-01-22", 'error': True}
[ERROR] Falling back to test weather data if available
       Architecture: Long-head (strategic) + 30× Short-head (tactical) + Physics

[PREP] Preparing data for multi-resolution inference...
       Input frequency detected: 15min
       Resampling to hourly for long-head...
       Hourly shape: historical=(720, 28), weather=(720, 32)

[STEP 1/4] Computing PVLib physics baseline (2880 steps @ 15-min)...
          Weather window: 2880 steps (2024-04-29 00:00:00+00:00 → 2024-05-28 23:45:00+00:00)
          Using pre-computed PVLib baseline (pvlib_ac_kw column)
          PVLib shape: (2880,), range: [0.000, 0.900]

[STEP 2/4] Running long-head TFT (strategic: 720 hours @ 1-hour)...
          Long-head shape: (720,)
          Upsampling long-head to 15-min resolution...
          Long upsampled shape: (2880,)

[STEP 3/4] Rolling short-head refinement (30 days × 96 steps)...
          Day  5/30: α_short=0.65, α_long=0.35, α_ml=0.69
          Day 10/30: α_short=0.50, α_long=0.50, α_ml=0.66
          Day 15/30: α_short=0.35, α_long=0.65, α_ml=0.64
          Day 20/30: α_short=0.35, α_long=0.65, α_ml=0.61
          Day 25/30: α_short=0.35, α_long=0.65, α_ml=0.59
          Day 30/30: α_short=0.35, α_long=0.65, α_ml=0.56
          Final forecast shape: (2880,)
          Final range: [0.000, 0.660]

[STEP 4/4] Validation...
         ✓ Shape correct (2880 steps)
         ✓ Range valid [0.000, 0.660]
         ✓ All night hours zero
         ✓ Daylight mean: 0.343

[SUCCESS] Hierarchical 30-day forecast complete!
          Total TFT calls: 1 long-head + 30 short-head = 31

[INFO] Hierarchical 30-day forecast starting 2024-04-30 00:00:00+00:00
[INFO] Fetching live weather from OpenMeteo API...
                [Auto-selected ECMWF API for 15-day forecast]
[WeatherClient] Fetching 15-day ECMWF forecast
                Location: (48.6946°N, 12.5976°E)
                Period: 2024-04-30 → 2024-05-15
                Tilt/Azimuth: 25.0° / 180.0°
                API: ECMWF
[ERROR] Live weather fetch failed: OpenMeteo API call failed: {'error': True, 'reason': "Parameter 'start_date' is out of allowed range from 2025-10-06 to 2026-01-22"}
[ERROR] Falling back to test weather data if available
       Architecture: Long-head (strategic) + 30× Short-head (tactical) + Physics

[PREP] Preparing data for multi-resolution inference...
       Input frequency detected: 15min
       Resampling to hourly for long-head...
       Hourly shape: historical=(720, 28), weather=(720, 32)

[STEP 1/4] Computing PVLib physics baseline (2880 steps @ 15-min)...
          Weather window: 2880 steps (2024-04-30 00:00:00+00:00 → 2024-05-29 23:45:00+00:00)
          Using pre-computed PVLib baseline (pvlib_ac_kw column)
          PVLib shape: (2880,), range: [0.000, 0.900]

[STEP 2/4] Running long-head TFT (strategic: 720 hours @ 1-hour)...
          Long-head shape: (720,)
          Upsampling long-head to 15-min resolution...
          Long upsampled shape: (2880,)

[STEP 3/4] Rolling short-head refinement (30 days × 96 steps)...
          Day  5/30: α_short=0.65, α_long=0.35, α_ml=0.69
          Day 10/30: α_short=0.50, α_long=0.50, α_ml=0.66
          Day 15/30: α_short=0.35, α_long=0.65, α_ml=0.64
          Day 20/30: α_short=0.35, α_long=0.65, α_ml=0.61
          Day 25/30: α_short=0.35, α_long=0.65, α_ml=0.59
          Day 30/30: α_short=0.35, α_long=0.65, α_ml=0.56
          Final forecast shape: (2880,)
          Final range: [0.000, 0.685]

[STEP 4/4] Validation...
         ✓ Shape correct (2880 steps)
         ✓ Range valid [0.000, 0.685]
         ✓ All night hours zero
         ✓ Daylight mean: 0.342

[SUCCESS] Hierarchical 30-day forecast complete!
          Total TFT calls: 1 long-head + 30 short-head = 31

[INFO] Hierarchical 30-day forecast starting 2024-05-01 00:00:00+00:00
[INFO] Fetching live weather from OpenMeteo API...
                [Auto-selected ECMWF API for 15-day forecast]
[WeatherClient] Fetching 15-day ECMWF forecast
                Location: (48.6946°N, 12.5976°E)
                Period: 2024-05-01 → 2024-05-16
                Tilt/Azimuth: 25.0° / 180.0°
                API: ECMWF
[ERROR] Live weather fetch failed: OpenMeteo API call failed: {'error': True, 'reason': "Parameter 'start_date' is out of allowed range from 2025-10-06 to 2026-01-22"}
[ERROR] Falling back to test weather data if available
       Architecture: Long-head (strategic) + 30× Short-head (tactical) + Physics

[PREP] Preparing data for multi-resolution inference...
       Input frequency detected: 15min
       Resampling to hourly for long-head...
       Hourly shape: historical=(720, 28), weather=(720, 32)

[STEP 1/4] Computing PVLib physics baseline (2880 steps @ 15-min)...
          Weather window: 2880 steps (2024-05-01 00:00:00+00:00 → 2024-05-30 23:45:00+00:00)
          Using pre-computed PVLib baseline (pvlib_ac_kw column)
          PVLib shape: (2880,), range: [0.000, 0.900]

[STEP 2/4] Running long-head TFT (strategic: 720 hours @ 1-hour)...
          Long-head shape: (720,)
          Upsampling long-head to 15-min resolution...
          Long upsampled shape: (2880,)

[STEP 3/4] Rolling short-head refinement (30 days × 96 steps)...
          Day  5/30: α_short=0.65, α_long=0.35, α_ml=0.69
          Day 10/30: α_short=0.50, α_long=0.50, α_ml=0.66
          Day 15/30: α_short=0.35, α_long=0.65, α_ml=0.64
          Day 20/30: α_short=0.35, α_long=0.65, α_ml=0.61
          Day 25/30: α_short=0.35, α_long=0.65, α_ml=0.59
          Day 30/30: α_short=0.35, α_long=0.65, α_ml=0.56
          Final forecast shape: (2880,)
          Final range: [0.000, 0.683]

[STEP 4/4] Validation...
         ✓ Shape correct (2880 steps)
         ✓ Range valid [0.000, 0.683]
         ✓ All night hours zero
         ✓ Daylight mean: 0.339

[SUCCESS] Hierarchical 30-day forecast complete!
          Total TFT calls: 1 long-head + 30 short-head = 31

[INFO] Hierarchical 30-day forecast starting 2024-05-02 00:00:00+00:00
[INFO] Fetching live weather from OpenMeteo API...
                [Auto-selected ECMWF API for 15-day forecast]
[WeatherClient] Fetching 15-day ECMWF forecast
                Location: (48.6946°N, 12.5976°E)
                Period: 2024-05-02 → 2024-05-17
                Tilt/Azimuth: 25.0° / 180.0°
                API: ECMWF
[ERROR] Live weather fetch failed: OpenMeteo API call failed: {'error': True, 'reason': "Parameter 'start_date' is out of allowed range from 2025-10-06 to 2026-01-22"}
[ERROR] Falling back to test weather data if available
       Architecture: Long-head (strategic) + 30× Short-head (tactical) + Physics

[PREP] Preparing data for multi-resolution inference...
       Input frequency detected: 15min
       Resampling to hourly for long-head...
       Hourly shape: historical=(720, 28), weather=(720, 32)

[STEP 1/4] Computing PVLib physics baseline (2880 steps @ 15-min)...
          Weather window: 2880 steps (2024-05-02 00:00:00+00:00 → 2024-05-31 23:45:00+00:00)
          Using pre-computed PVLib baseline (pvlib_ac_kw column)
          PVLib shape: (2880,), range: [0.000, 0.900]

[STEP 2/4] Running long-head TFT (strategic: 720 hours @ 1-hour)...
          Long-head shape: (720,)
          Upsampling long-head to 15-min resolution...
          Long upsampled shape: (2880,)

[STEP 3/4] Rolling short-head refinement (30 days × 96 steps)...
          Day  5/30: α_short=0.65, α_long=0.35, α_ml=0.69
          Day 10/30: α_short=0.50, α_long=0.50, α_ml=0.66
/home/dwijenayake/pv_forecast_30d/src/inference/physics_aware_forecaster.py:386: FutureWarning: 'H' is deprecated and will be removed in a future version, please use 'h' instead.
  hourly_hist = historical_df[['timestamp_utc'] + hist_numeric_cols].set_index('timestamp_utc').resample('1H').mean().reset_index()
/home/dwijenayake/pv_forecast_30d/src/inference/physics_aware_forecaster.py:387: FutureWarning: 'H' is deprecated and will be removed in a future version, please use 'h' instead.
  hourly_weather = weather_df[['timestamp_utc'] + weather_numeric_cols].set_index('timestamp_utc').resample('1H').mean().reset_index()
/home/dwijenayake/pv_forecast_30d/src/inference/physics_aware_forecaster.py:386: FutureWarning: 'H' is deprecated and will be removed in a future version, please use 'h' instead.
  hourly_hist = historical_df[['timestamp_utc'] + hist_numeric_cols].set_index('timestamp_utc').resample('1H').mean().reset_index()
/home/dwijenayake/pv_forecast_30d/src/inference/physics_aware_forecaster.py:387: FutureWarning: 'H' is deprecated and will be removed in a future version, please use 'h' instead.
  hourly_weather = weather_df[['timestamp_utc'] + weather_numeric_cols].set_index('timestamp_utc').resample('1H').mean().reset_index()
/home/dwijenayake/pv_forecast_30d/src/inference/physics_aware_forecaster.py:386: FutureWarning: 'H' is deprecated and will be removed in a future version, please use 'h' instead.
  hourly_hist = historical_df[['timestamp_utc'] + hist_numeric_cols].set_index('timestamp_utc').resample('1H').mean().reset_index()
/home/dwijenayake/pv_forecast_30d/src/inference/physics_aware_forecaster.py:387: FutureWarning: 'H' is deprecated and will be removed in a future version, please use 'h' instead.
  hourly_weather = weather_df[['timestamp_utc'] + weather_numeric_cols].set_index('timestamp_utc').resample('1H').mean().reset_index()
/home/dwijenayake/pv_forecast_30d/src/inference/physics_aware_forecaster.py:386: FutureWarning: 'H' is deprecated and will be removed in a future version, please use 'h' instead.
  hourly_hist = historical_df[['timestamp_utc'] + hist_numeric_cols].set_index('timestamp_utc').resample('1H').mean().reset_index()
/home/dwijenayake/pv_forecast_30d/src/inference/physics_aware_forecaster.py:387: FutureWarning: 'H' is deprecated and will be removed in a future version, please use 'h' instead.
  hourly_weather = weather_df[['timestamp_utc'] + weather_numeric_cols].set_index('timestamp_utc').resample('1H').mean().reset_index()
          Day 15/30: α_short=0.35, α_long=0.65, α_ml=0.64
          Day 20/30: α_short=0.35, α_long=0.65, α_ml=0.61
          Day 25/30: α_short=0.35, α_long=0.65, α_ml=0.59
          Day 30/30: α_short=0.35, α_long=0.65, α_ml=0.56
          Final forecast shape: (2880,)
          Final range: [0.000, 0.681]

[STEP 4/4] Validation...
         ✓ Shape correct (2880 steps)
         ✓ Range valid [0.000, 0.681]
         ✓ All night hours zero
         ✓ Daylight mean: 0.338

[SUCCESS] Hierarchical 30-day forecast complete!
          Total TFT calls: 1 long-head + 30 short-head = 31

[INFO] Hierarchical 30-day forecast starting 2024-05-03 00:00:00+00:00
[INFO] Fetching live weather from OpenMeteo API...
                [Auto-selected ECMWF API for 15-day forecast]
[WeatherClient] Fetching 15-day ECMWF forecast
                Location: (48.6946°N, 12.5976°E)
                Period: 2024-05-03 → 2024-05-18
                Tilt/Azimuth: 25.0° / 180.0°
                API: ECMWF
[ERROR] Live weather fetch failed: OpenMeteo API call failed: {'error': True, 'reason': "Parameter 'start_date' is out of allowed range from 2025-10-06 to 2026-01-22"}
[ERROR] Falling back to test weather data if available
       Architecture: Long-head (strategic) + 30× Short-head (tactical) + Physics

[PREP] Preparing data for multi-resolution inference...
       Input frequency detected: 15min
       Resampling to hourly for long-head...
       Hourly shape: historical=(720, 28), weather=(720, 32)

[STEP 1/4] Computing PVLib physics baseline (2880 steps @ 15-min)...
          Weather window: 2880 steps (2024-05-03 00:00:00+00:00 → 2024-06-01 23:45:00+00:00)
          Using pre-computed PVLib baseline (pvlib_ac_kw column)
          PVLib shape: (2880,), range: [0.000, 0.900]

[STEP 2/4] Running long-head TFT (strategic: 720 hours @ 1-hour)...
          Long-head shape: (720,)
          Upsampling long-head to 15-min resolution...
          Long upsampled shape: (2880,)

[STEP 3/4] Rolling short-head refinement (30 days × 96 steps)...
          Day  5/30: α_short=0.65, α_long=0.35, α_ml=0.69
          Day 10/30: α_short=0.50, α_long=0.50, α_ml=0.66
          Day 15/30: α_short=0.35, α_long=0.65, α_ml=0.64
          Day 20/30: α_short=0.35, α_long=0.65, α_ml=0.61
          Day 25/30: α_short=0.35, α_long=0.65, α_ml=0.59
          Day 30/30: α_short=0.35, α_long=0.65, α_ml=0.56
          Final forecast shape: (2880,)
          Final range: [0.000, 0.674]

[STEP 4/4] Validation...
         ✓ Shape correct (2880 steps)
         ✓ Range valid [0.000, 0.674]
         ✓ All night hours zero
         ✓ Daylight mean: 0.334

[SUCCESS] Hierarchical 30-day forecast complete!
          Total TFT calls: 1 long-head + 30 short-head = 31

[INFO] Hierarchical 30-day forecast starting 2024-05-04 00:00:00+00:00
[INFO] Fetching live weather from OpenMeteo API...
                [Auto-selected ECMWF API for 15-day forecast]
[WeatherClient] Fetching 15-day ECMWF forecast
                Location: (48.6946°N, 12.5976°E)
                Period: 2024-05-04 → 2024-05-19
                Tilt/Azimuth: 25.0° / 180.0°
                API: ECMWF
[ERROR] Live weather fetch failed: OpenMeteo API call failed: {'error': True, 'reason': "Parameter 'start_date' is out of allowed range from 2025-10-06 to 2026-01-22"}
[ERROR] Falling back to test weather data if available
       Architecture: Long-head (strategic) + 30× Short-head (tactical) + Physics

[PREP] Preparing data for multi-resolution inference...
       Input frequency detected: 15min
       Resampling to hourly for long-head...
       Hourly shape: historical=(720, 28), weather=(720, 32)

[STEP 1/4] Computing PVLib physics baseline (2880 steps @ 15-min)...
          Weather window: 2880 steps (2024-05-04 00:00:00+00:00 → 2024-06-02 23:45:00+00:00)
          Using pre-computed PVLib baseline (pvlib_ac_kw column)
          PVLib shape: (2880,), range: [0.000, 0.900]

[STEP 2/4] Running long-head TFT (strategic: 720 hours @ 1-hour)...
          Long-head shape: (720,)
          Upsampling long-head to 15-min resolution...
          Long upsampled shape: (2880,)

[STEP 3/4] Rolling short-head refinement (30 days × 96 steps)...
          Day  5/30: α_short=0.65, α_long=0.35, α_ml=0.69
          Day 10/30: α_short=0.50, α_long=0.50, α_ml=0.66
          Day 15/30: α_short=0.35, α_long=0.65, α_ml=0.64
          Day 20/30: α_short=0.35, α_long=0.65, α_ml=0.61
          Day 25/30: α_short=0.35, α_long=0.65, α_ml=0.59
          Day 30/30: α_short=0.35, α_long=0.65, α_ml=0.56
          Final forecast shape: (2880,)
          Final range: [0.000, 0.678]

[STEP 4/4] Validation...
         ✓ Shape correct (2880 steps)
         ✓ Range valid [0.000, 0.678]
         ✓ All night hours zero
         ✓ Daylight mean: 0.341

[SUCCESS] Hierarchical 30-day forecast complete!
          Total TFT calls: 1 long-head + 30 short-head = 31

[INFO] Hierarchical 30-day forecast starting 2024-05-05 00:00:00+00:00
[INFO] Fetching live weather from OpenMeteo API...
                [Auto-selected ECMWF API for 15-day forecast]
[WeatherClient] Fetching 15-day ECMWF forecast
                Location: (48.6946°N, 12.5976°E)
                Period: 2024-05-05 → 2024-05-20
                Tilt/Azimuth: 25.0° / 180.0°
                API: ECMWF
[ERROR] Live weather fetch failed: OpenMeteo API call failed: {'reason': "Parameter 'start_date' is out of allowed range from 2025-10-06 to 2026-01-22", 'error': True}
[ERROR] Falling back to test weather data if available
       Architecture: Long-head (strategic) + 30× Short-head (tactical) + Physics

[PREP] Preparing data for multi-resolution inference...
       Input frequency detected: 15min
       Resampling to hourly for long-head...
       Hourly shape: historical=(720, 28), weather=(720, 32)

[STEP 1/4] Computing PVLib physics baseline (2880 steps @ 15-min)...
          Weather window: 2880 steps (2024-05-05 00:00:00+00:00 → 2024-06-03 23:45:00+00:00)
          Using pre-computed PVLib baseline (pvlib_ac_kw column)
          PVLib shape: (2880,), range: [0.000, 0.900]

[STEP 2/4] Running long-head TFT (strategic: 720 hours @ 1-hour)...
          Long-head shape: (720,)
          Upsampling long-head to 15-min resolution...
          Long upsampled shape: (2880,)

[STEP 3/4] Rolling short-head refinement (30 days × 96 steps)...
          Day  5/30: α_short=0.65, α_long=0.35, α_ml=0.69
          Day 10/30: α_short=0.50, α_long=0.50, α_ml=0.66
          Day 15/30: α_short=0.35, α_long=0.65, α_ml=0.64
          Day 20/30: α_short=0.35, α_long=0.65, α_ml=0.61
          Day 25/30: α_short=0.35, α_long=0.65, α_ml=0.59
          Day 30/30: α_short=0.35, α_long=0.65, α_ml=0.56
          Final forecast shape: (2880,)
          Final range: [0.000, 0.727]

[STEP 4/4] Validation...
         ✓ Shape correct (2880 steps)
         ✓ Range valid [0.000, 0.727]
         ✓ All night hours zero
         ✓ Daylight mean: 0.340

[SUCCESS] Hierarchical 30-day forecast complete!
          Total TFT calls: 1 long-head + 30 short-head = 31

[INFO] Hierarchical 30-day forecast starting 2024-05-06 00:00:00+00:00
[INFO] Fetching live weather from OpenMeteo API...
                [Auto-selected ECMWF API for 15-day forecast]
[WeatherClient] Fetching 15-day ECMWF forecast
                Location: (48.6946°N, 12.5976°E)
                Period: 2024-05-06 → 2024-05-21
                Tilt/Azimuth: 25.0° / 180.0°
                API: ECMWF
[ERROR] Live weather fetch failed: OpenMeteo API call failed: {'reason': "Parameter 'start_date' is out of allowed range from 2025-10-06 to 2026-01-22", 'error': True}
[ERROR] Falling back to test weather data if available
       Architecture: Long-head (strategic) + 30× Short-head (tactical) + Physics

[PREP] Preparing data for multi-resolution inference...
       Input frequency detected: 15min
       Resampling to hourly for long-head...
       Hourly shape: historical=(720, 28), weather=(720, 32)

[STEP 1/4] Computing PVLib physics baseline (2880 steps @ 15-min)...
/home/dwijenayake/pv_forecast_30d/src/inference/physics_aware_forecaster.py:386: FutureWarning: 'H' is deprecated and will be removed in a future version, please use 'h' instead.
  hourly_hist = historical_df[['timestamp_utc'] + hist_numeric_cols].set_index('timestamp_utc').resample('1H').mean().reset_index()
/home/dwijenayake/pv_forecast_30d/src/inference/physics_aware_forecaster.py:387: FutureWarning: 'H' is deprecated and will be removed in a future version, please use 'h' instead.
  hourly_weather = weather_df[['timestamp_utc'] + weather_numeric_cols].set_index('timestamp_utc').resample('1H').mean().reset_index()
/home/dwijenayake/pv_forecast_30d/src/inference/physics_aware_forecaster.py:386: FutureWarning: 'H' is deprecated and will be removed in a future version, please use 'h' instead.
  hourly_hist = historical_df[['timestamp_utc'] + hist_numeric_cols].set_index('timestamp_utc').resample('1H').mean().reset_index()
/home/dwijenayake/pv_forecast_30d/src/inference/physics_aware_forecaster.py:387: FutureWarning: 'H' is deprecated and will be removed in a future version, please use 'h' instead.
  hourly_weather = weather_df[['timestamp_utc'] + weather_numeric_cols].set_index('timestamp_utc').resample('1H').mean().reset_index()
/home/dwijenayake/pv_forecast_30d/src/inference/physics_aware_forecaster.py:386: FutureWarning: 'H' is deprecated and will be removed in a future version, please use 'h' instead.
  hourly_hist = historical_df[['timestamp_utc'] + hist_numeric_cols].set_index('timestamp_utc').resample('1H').mean().reset_index()
/home/dwijenayake/pv_forecast_30d/src/inference/physics_aware_forecaster.py:387: FutureWarning: 'H' is deprecated and will be removed in a future version, please use 'h' instead.
  hourly_weather = weather_df[['timestamp_utc'] + weather_numeric_cols].set_index('timestamp_utc').resample('1H').mean().reset_index()
          Weather window: 2880 steps (2024-05-06 00:00:00+00:00 → 2024-06-04 23:45:00+00:00)
          Using pre-computed PVLib baseline (pvlib_ac_kw column)
          PVLib shape: (2880,), range: [0.000, 0.900]

[STEP 2/4] Running long-head TFT (strategic: 720 hours @ 1-hour)...
          Long-head shape: (720,)
          Upsampling long-head to 15-min resolution...
          Long upsampled shape: (2880,)

[STEP 3/4] Rolling short-head refinement (30 days × 96 steps)...
          Day  5/30: α_short=0.65, α_long=0.35, α_ml=0.69
          Day 10/30: α_short=0.50, α_long=0.50, α_ml=0.66
          Day 15/30: α_short=0.35, α_long=0.65, α_ml=0.64
          Day 20/30: α_short=0.35, α_long=0.65, α_ml=0.61
          Day 25/30: α_short=0.35, α_long=0.65, α_ml=0.59
          Day 30/30: α_short=0.35, α_long=0.65, α_ml=0.56
          Final forecast shape: (2880,)
          Final range: [0.000, 0.727]

[STEP 4/4] Validation...
         ✓ Shape correct (2880 steps)
         ✓ Range valid [0.000, 0.727]
         ✓ All night hours zero
         ✓ Daylight mean: 0.340

[SUCCESS] Hierarchical 30-day forecast complete!
          Total TFT calls: 1 long-head + 30 short-head = 31

[INFO] Hierarchical 30-day forecast starting 2024-05-07 00:00:00+00:00
[INFO] Fetching live weather from OpenMeteo API...
                [Auto-selected ECMWF API for 15-day forecast]
[WeatherClient] Fetching 15-day ECMWF forecast
                Location: (48.6946°N, 12.5976°E)
                Period: 2024-05-07 → 2024-05-22
                Tilt/Azimuth: 25.0° / 180.0°
                API: ECMWF
[ERROR] Live weather fetch failed: OpenMeteo API call failed: {'error': True, 'reason': "Parameter 'start_date' is out of allowed range from 2025-10-06 to 2026-01-22"}
[ERROR] Falling back to test weather data if available
       Architecture: Long-head (strategic) + 30× Short-head (tactical) + Physics

[PREP] Preparing data for multi-resolution inference...
       Input frequency detected: 15min
       Resampling to hourly for long-head...
       Hourly shape: historical=(720, 28), weather=(720, 32)

[STEP 1/4] Computing PVLib physics baseline (2880 steps @ 15-min)...
          Weather window: 2880 steps (2024-05-07 00:00:00+00:00 → 2024-06-05 23:45:00+00:00)
          Using pre-computed PVLib baseline (pvlib_ac_kw column)
          PVLib shape: (2880,), range: [0.000, 0.900]

[STEP 2/4] Running long-head TFT (strategic: 720 hours @ 1-hour)...
          Long-head shape: (720,)
          Upsampling long-head to 15-min resolution...
          Long upsampled shape: (2880,)

[STEP 3/4] Rolling short-head refinement (30 days × 96 steps)...
          Day  5/30: α_short=0.65, α_long=0.35, α_ml=0.69
          Day 10/30: α_short=0.50, α_long=0.50, α_ml=0.66
          Day 15/30: α_short=0.35, α_long=0.65, α_ml=0.64
          Day 20/30: α_short=0.35, α_long=0.65, α_ml=0.61
          Day 25/30: α_short=0.35, α_long=0.65, α_ml=0.59
          Day 30/30: α_short=0.35, α_long=0.65, α_ml=0.56
          Final forecast shape: (2880,)
          Final range: [0.000, 0.749]

[STEP 4/4] Validation...
         ✓ Shape correct (2880 steps)
         ✓ Range valid [0.000, 0.749]
         ✓ All night hours zero
         ✓ Daylight mean: 0.341

[SUCCESS] Hierarchical 30-day forecast complete!
          Total TFT calls: 1 long-head + 30 short-head = 31

[INFO] Hierarchical 30-day forecast starting 2024-05-08 00:00:00+00:00
[INFO] Fetching live weather from OpenMeteo API...
                [Auto-selected ECMWF API for 15-day forecast]
[WeatherClient] Fetching 15-day ECMWF forecast
                Location: (48.6946°N, 12.5976°E)
                Period: 2024-05-08 → 2024-05-23
                Tilt/Azimuth: 25.0° / 180.0°
                API: ECMWF
[ERROR] Live weather fetch failed: OpenMeteo API call failed: {'reason': "Parameter 'start_date' is out of allowed range from 2025-10-06 to 2026-01-22", 'error': True}
[ERROR] Falling back to test weather data if available
       Architecture: Long-head (strategic) + 30× Short-head (tactical) + Physics

[PREP] Preparing data for multi-resolution inference...
       Input frequency detected: 15min
       Resampling to hourly for long-head...
       Hourly shape: historical=(720, 28), weather=(720, 32)

[STEP 1/4] Computing PVLib physics baseline (2880 steps @ 15-min)...
          Weather window: 2880 steps (2024-05-08 00:00:00+00:00 → 2024-06-06 23:45:00+00:00)
          Using pre-computed PVLib baseline (pvlib_ac_kw column)
          PVLib shape: (2880,), range: [0.000, 0.900]

[STEP 2/4] Running long-head TFT (strategic: 720 hours @ 1-hour)...
          Long-head shape: (720,)
          Upsampling long-head to 15-min resolution...
          Long upsampled shape: (2880,)

[STEP 3/4] Rolling short-head refinement (30 days × 96 steps)...
          Day  5/30: α_short=0.65, α_long=0.35, α_ml=0.69
          Day 10/30: α_short=0.50, α_long=0.50, α_ml=0.66
          Day 15/30: α_short=0.35, α_long=0.65, α_ml=0.64
          Day 20/30: α_short=0.35, α_long=0.65, α_ml=0.61
          Day 25/30: α_short=0.35, α_long=0.65, α_ml=0.59
          Day 30/30: α_short=0.35, α_long=0.65, α_ml=0.56
          Final forecast shape: (2880,)
          Final range: [0.000, 0.748]

[STEP 4/4] Validation...
         ✓ Shape correct (2880 steps)
         ✓ Range valid [0.000, 0.748]
         ✓ All night hours zero
         ✓ Daylight mean: 0.346

[SUCCESS] Hierarchical 30-day forecast complete!
          Total TFT calls: 1 long-head + 30 short-head = 31

[INFO] Hierarchical 30-day forecast starting 2024-05-09 00:00:00+00:00
[INFO] Fetching live weather from OpenMeteo API...
                [Auto-selected ECMWF API for 15-day forecast]
[WeatherClient] Fetching 15-day ECMWF forecast
                Location: (48.6946°N, 12.5976°E)
                Period: 2024-05-09 → 2024-05-24
                Tilt/Azimuth: 25.0° / 180.0°
                API: ECMWF
[ERROR] Live weather fetch failed: OpenMeteo API call failed: {'reason': "Parameter 'start_date' is out of allowed range from 2025-10-06 to 2026-01-22", 'error': True}
[ERROR] Falling back to test weather data if available
       Architecture: Long-head (strategic) + 30× Short-head (tactical) + Physics

[PREP] Preparing data for multi-resolution inference...
       Input frequency detected: 15min
       Resampling to hourly for long-head...
       Hourly shape: historical=(720, 28), weather=(720, 32)

[STEP 1/4] Computing PVLib physics baseline (2880 steps @ 15-min)...
          Weather window: 2880 steps (2024-05-09 00:00:00+00:00 → 2024-06-07 23:45:00+00:00)
          Using pre-computed PVLib baseline (pvlib_ac_kw column)
          PVLib shape: (2880,), range: [0.000, 0.900]

[STEP 2/4] Running long-head TFT (strategic: 720 hours @ 1-hour)...
          Long-head shape: (720,)
          Upsampling long-head to 15-min resolution...
          Long upsampled shape: (2880,)

[STEP 3/4] Rolling short-head refinement (30 days × 96 steps)...
          Day  5/30: α_short=0.65, α_long=0.35, α_ml=0.69
          Day 10/30: α_short=0.50, α_long=0.50, α_ml=0.66
          Day 15/30: α_short=0.35, α_long=0.65, α_ml=0.64
          Day 20/30: α_short=0.35, α_long=0.65, α_ml=0.61
          Day 25/30: α_short=0.35, α_long=0.65, α_ml=0.59
          Day 30/30: α_short=0.35, α_long=0.65, α_ml=0.56
          Final forecast shape: (2880,)
          Final range: [0.000, 0.747]

[STEP 4/4] Validation...
         ✓ Shape correct (2880 steps)
         ✓ Range valid [0.000, 0.747]
         ✓ All night hours zero
         ✓ Daylight mean: 0.350

[SUCCESS] Hierarchical 30-day forecast complete!
          Total TFT calls: 1 long-head + 30 short-head = 31

[INFO] Hierarchical 30-day forecast starting 2024-05-10 00:00:00+00:00
[INFO] Fetching live weather from OpenMeteo API...
                [Auto-selected ECMWF API for 15-day forecast]
[WeatherClient] Fetching 15-day ECMWF forecast
                Location: (48.6946°N, 12.5976°E)
                Period: 2024-05-10 → 2024-05-25
                Tilt/Azimuth: 25.0° / 180.0°
                API: ECMWF
/home/dwijenayake/pv_forecast_30d/src/inference/physics_aware_forecaster.py:386: FutureWarning: 'H' is deprecated and will be removed in a future version, please use 'h' instead.
  hourly_hist = historical_df[['timestamp_utc'] + hist_numeric_cols].set_index('timestamp_utc').resample('1H').mean().reset_index()
/home/dwijenayake/pv_forecast_30d/src/inference/physics_aware_forecaster.py:387: FutureWarning: 'H' is deprecated and will be removed in a future version, please use 'h' instead.
  hourly_weather = weather_df[['timestamp_utc'] + weather_numeric_cols].set_index('timestamp_utc').resample('1H').mean().reset_index()
/home/dwijenayake/pv_forecast_30d/src/inference/physics_aware_forecaster.py:386: FutureWarning: 'H' is deprecated and will be removed in a future version, please use 'h' instead.
  hourly_hist = historical_df[['timestamp_utc'] + hist_numeric_cols].set_index('timestamp_utc').resample('1H').mean().reset_index()
/home/dwijenayake/pv_forecast_30d/src/inference/physics_aware_forecaster.py:387: FutureWarning: 'H' is deprecated and will be removed in a future version, please use 'h' instead.
  hourly_weather = weather_df[['timestamp_utc'] + weather_numeric_cols].set_index('timestamp_utc').resample('1H').mean().reset_index()
/home/dwijenayake/pv_forecast_30d/src/inference/physics_aware_forecaster.py:386: FutureWarning: 'H' is deprecated and will be removed in a future version, please use 'h' instead.
  hourly_hist = historical_df[['timestamp_utc'] + hist_numeric_cols].set_index('timestamp_utc').resample('1H').mean().reset_index()
/home/dwijenayake/pv_forecast_30d/src/inference/physics_aware_forecaster.py:387: FutureWarning: 'H' is deprecated and will be removed in a future version, please use 'h' instead.
  hourly_weather = weather_df[['timestamp_utc'] + weather_numeric_cols].set_index('timestamp_utc').resample('1H').mean().reset_index()
/home/dwijenayake/pv_forecast_30d/src/inference/physics_aware_forecaster.py:386: FutureWarning: 'H' is deprecated and will be removed in a future version, please use 'h' instead.
  hourly_hist = historical_df[['timestamp_utc'] + hist_numeric_cols].set_index('timestamp_utc').resample('1H').mean().reset_index()
/home/dwijenayake/pv_forecast_30d/src/inference/physics_aware_forecaster.py:387: FutureWarning: 'H' is deprecated and will be removed in a future version, please use 'h' instead.
  hourly_weather = weather_df[['timestamp_utc'] + weather_numeric_cols].set_index('timestamp_utc').resample('1H').mean().reset_index()
[ERROR] Live weather fetch failed: OpenMeteo API call failed: {'error': True, 'reason': "Parameter 'start_date' is out of allowed range from 2025-10-06 to 2026-01-22"}
[ERROR] Falling back to test weather data if available
       Architecture: Long-head (strategic) + 30× Short-head (tactical) + Physics

[PREP] Preparing data for multi-resolution inference...
       Input frequency detected: 15min
       Resampling to hourly for long-head...
       Hourly shape: historical=(720, 28), weather=(720, 32)

[STEP 1/4] Computing PVLib physics baseline (2880 steps @ 15-min)...
          Weather window: 2880 steps (2024-05-10 00:00:00+00:00 → 2024-06-08 23:45:00+00:00)
          Using pre-computed PVLib baseline (pvlib_ac_kw column)
          PVLib shape: (2880,), range: [0.000, 0.900]

[STEP 2/4] Running long-head TFT (strategic: 720 hours @ 1-hour)...
          Long-head shape: (720,)
          Upsampling long-head to 15-min resolution...
          Long upsampled shape: (2880,)

[STEP 3/4] Rolling short-head refinement (30 days × 96 steps)...
          Day  5/30: α_short=0.65, α_long=0.35, α_ml=0.69
          Day 10/30: α_short=0.50, α_long=0.50, α_ml=0.66
          Day 15/30: α_short=0.35, α_long=0.65, α_ml=0.64
          Day 20/30: α_short=0.35, α_long=0.65, α_ml=0.61
          Day 25/30: α_short=0.35, α_long=0.65, α_ml=0.59
          Day 30/30: α_short=0.35, α_long=0.65, α_ml=0.56
          Final forecast shape: (2880,)
          Final range: [0.000, 0.745]

[STEP 4/4] Validation...
         ✓ Shape correct (2880 steps)
         ✓ Range valid [0.000, 0.745]
         ✓ All night hours zero
         ✓ Daylight mean: 0.350

[SUCCESS] Hierarchical 30-day forecast complete!
          Total TFT calls: 1 long-head + 30 short-head = 31

[INFO] Hierarchical 30-day forecast starting 2024-05-11 00:00:00+00:00
[INFO] Fetching live weather from OpenMeteo API...
                [Auto-selected ECMWF API for 15-day forecast]
[WeatherClient] Fetching 15-day ECMWF forecast
                Location: (48.6946°N, 12.5976°E)
                Period: 2024-05-11 → 2024-05-26
                Tilt/Azimuth: 25.0° / 180.0°
                API: ECMWF
[ERROR] Live weather fetch failed: OpenMeteo API call failed: {'reason': "Parameter 'start_date' is out of allowed range from 2025-10-06 to 2026-01-22", 'error': True}
[ERROR] Falling back to test weather data if available
       Architecture: Long-head (strategic) + 30× Short-head (tactical) + Physics

[PREP] Preparing data for multi-resolution inference...
       Input frequency detected: 15min
       Resampling to hourly for long-head...
       Hourly shape: historical=(720, 28), weather=(720, 32)

[STEP 1/4] Computing PVLib physics baseline (2880 steps @ 15-min)...
          Weather window: 2880 steps (2024-05-11 00:00:00+00:00 → 2024-06-09 23:45:00+00:00)
          Using pre-computed PVLib baseline (pvlib_ac_kw column)
          PVLib shape: (2880,), range: [0.000, 0.900]

[STEP 2/4] Running long-head TFT (strategic: 720 hours @ 1-hour)...
          Long-head shape: (720,)
          Upsampling long-head to 15-min resolution...
          Long upsampled shape: (2880,)

[STEP 3/4] Rolling short-head refinement (30 days × 96 steps)...
          Day  5/30: α_short=0.65, α_long=0.35, α_ml=0.69
          Day 10/30: α_short=0.50, α_long=0.50, α_ml=0.66
          Day 15/30: α_short=0.35, α_long=0.65, α_ml=0.64
          Day 20/30: α_short=0.35, α_long=0.65, α_ml=0.61
          Day 25/30: α_short=0.35, α_long=0.65, α_ml=0.59
          Day 30/30: α_short=0.35, α_long=0.65, α_ml=0.56
          Final forecast shape: (2880,)
          Final range: [0.000, 0.744]

[STEP 4/4] Validation...
         ✓ Shape correct (2880 steps)
         ✓ Range valid [0.000, 0.744]
         ✓ All night hours zero
         ✓ Daylight mean: 0.345

[SUCCESS] Hierarchical 30-day forecast complete!
          Total TFT calls: 1 long-head + 30 short-head = 31

[INFO] Hierarchical 30-day forecast starting 2024-05-12 00:00:00+00:00
[INFO] Fetching live weather from OpenMeteo API...
                [Auto-selected ECMWF API for 15-day forecast]
[WeatherClient] Fetching 15-day ECMWF forecast
                Location: (48.6946°N, 12.5976°E)
                Period: 2024-05-12 → 2024-05-27
                Tilt/Azimuth: 25.0° / 180.0°
                API: ECMWF
[ERROR] Live weather fetch failed: OpenMeteo API call failed: {'error': True, 'reason': "Parameter 'start_date' is out of allowed range from 2025-10-06 to 2026-01-22"}
[ERROR] Falling back to test weather data if available
       Architecture: Long-head (strategic) + 30× Short-head (tactical) + Physics

[PREP] Preparing data for multi-resolution inference...
       Input frequency detected: 15min
       Resampling to hourly for long-head...
       Hourly shape: historical=(720, 28), weather=(720, 32)

[STEP 1/4] Computing PVLib physics baseline (2880 steps @ 15-min)...
          Weather window: 2880 steps (2024-05-12 00:00:00+00:00 → 2024-06-10 23:45:00+00:00)
          Using pre-computed PVLib baseline (pvlib_ac_kw column)
          PVLib shape: (2880,), range: [0.000, 0.900]

[STEP 2/4] Running long-head TFT (strategic: 720 hours @ 1-hour)...
          Long-head shape: (720,)
          Upsampling long-head to 15-min resolution...
          Long upsampled shape: (2880,)

[STEP 3/4] Rolling short-head refinement (30 days × 96 steps)...
          Day  5/30: α_short=0.65, α_long=0.35, α_ml=0.69
          Day 10/30: α_short=0.50, α_long=0.50, α_ml=0.66
          Day 15/30: α_short=0.35, α_long=0.65, α_ml=0.64
          Day 20/30: α_short=0.35, α_long=0.65, α_ml=0.61
          Day 25/30: α_short=0.35, α_long=0.65, α_ml=0.59
          Day 30/30: α_short=0.35, α_long=0.65, α_ml=0.56
          Final forecast shape: (2880,)
          Final range: [0.000, 0.743]

[STEP 4/4] Validation...
         ✓ Shape correct (2880 steps)
         ✓ Range valid [0.000, 0.743]
         ✓ All night hours zero
         ✓ Daylight mean: 0.339

[SUCCESS] Hierarchical 30-day forecast complete!
          Total TFT calls: 1 long-head + 30 short-head = 31

[INFO] Hierarchical 30-day forecast starting 2024-05-13 00:00:00+00:00
[INFO] Fetching live weather from OpenMeteo API...
                [Auto-selected ECMWF API for 15-day forecast]
[WeatherClient] Fetching 15-day ECMWF forecast
                Location: (48.6946°N, 12.5976°E)
                Period: 2024-05-13 → 2024-05-28
                Tilt/Azimuth: 25.0° / 180.0°
                API: ECMWF
[ERROR] Live weather fetch failed: OpenMeteo API call failed: {'error': True, 'reason': "Parameter 'start_date' is out of allowed range from 2025-10-06 to 2026-01-22"}
[ERROR] Falling back to test weather data if available
       Architecture: Long-head (strategic) + 30× Short-head (tactical) + Physics

[PREP] Preparing data for multi-resolution inference...
       Input frequency detected: 15min
       Resampling to hourly for long-head...
       Hourly shape: historical=(720, 28), weather=(720, 32)

[STEP 1/4] Computing PVLib physics baseline (2880 steps @ 15-min)...
          Weather window: 2880 steps (2024-05-13 00:00:00+00:00 → 2024-06-11 23:45:00+00:00)
          Using pre-computed PVLib baseline (pvlib_ac_kw column)
          PVLib shape: (2880,), range: [0.000, 0.900]

[STEP 2/4] Running long-head TFT (strategic: 720 hours @ 1-hour)...
          Long-head shape: (720,)
          Upsampling long-head to 15-min resolution...
          Long upsampled shape: (2880,)

[STEP 3/4] Rolling short-head refinement (30 days × 96 steps)...
          Day  5/30: α_short=0.65, α_long=0.35, α_ml=0.69
          Day 10/30: α_short=0.50, α_long=0.50, α_ml=0.66
          Day 15/30: α_short=0.35, α_long=0.65, α_ml=0.64
          Day 20/30: α_short=0.35, α_long=0.65, α_ml=0.61
          Day 25/30: α_short=0.35, α_long=0.65, α_ml=0.59
          Day 30/30: α_short=0.35, α_long=0.65, α_ml=0.56
          Final forecast shape: (2880,)
          Final range: [0.000, 0.739]

[STEP 4/4] Validation...
         ✓ Shape correct (2880 steps)
         ✓ Range valid [0.000, 0.739]
/home/dwijenayake/pv_forecast_30d/src/inference/physics_aware_forecaster.py:386: FutureWarning: 'H' is deprecated and will be removed in a future version, please use 'h' instead.
  hourly_hist = historical_df[['timestamp_utc'] + hist_numeric_cols].set_index('timestamp_utc').resample('1H').mean().reset_index()
/home/dwijenayake/pv_forecast_30d/src/inference/physics_aware_forecaster.py:387: FutureWarning: 'H' is deprecated and will be removed in a future version, please use 'h' instead.
  hourly_weather = weather_df[['timestamp_utc'] + weather_numeric_cols].set_index('timestamp_utc').resample('1H').mean().reset_index()
/home/dwijenayake/pv_forecast_30d/src/inference/physics_aware_forecaster.py:386: FutureWarning: 'H' is deprecated and will be removed in a future version, please use 'h' instead.
  hourly_hist = historical_df[['timestamp_utc'] + hist_numeric_cols].set_index('timestamp_utc').resample('1H').mean().reset_index()
/home/dwijenayake/pv_forecast_30d/src/inference/physics_aware_forecaster.py:387: FutureWarning: 'H' is deprecated and will be removed in a future version, please use 'h' instead.
  hourly_weather = weather_df[['timestamp_utc'] + weather_numeric_cols].set_index('timestamp_utc').resample('1H').mean().reset_index()
/home/dwijenayake/pv_forecast_30d/src/inference/physics_aware_forecaster.py:386: FutureWarning: 'H' is deprecated and will be removed in a future version, please use 'h' instead.
  hourly_hist = historical_df[['timestamp_utc'] + hist_numeric_cols].set_index('timestamp_utc').resample('1H').mean().reset_index()
/home/dwijenayake/pv_forecast_30d/src/inference/physics_aware_forecaster.py:387: FutureWarning: 'H' is deprecated and will be removed in a future version, please use 'h' instead.
  hourly_weather = weather_df[['timestamp_utc'] + weather_numeric_cols].set_index('timestamp_utc').resample('1H').mean().reset_index()
/home/dwijenayake/pv_forecast_30d/src/inference/physics_aware_forecaster.py:386: FutureWarning: 'H' is deprecated and will be removed in a future version, please use 'h' instead.
  hourly_hist = historical_df[['timestamp_utc'] + hist_numeric_cols].set_index('timestamp_utc').resample('1H').mean().reset_index()
/home/dwijenayake/pv_forecast_30d/src/inference/physics_aware_forecaster.py:387: FutureWarning: 'H' is deprecated and will be removed in a future version, please use 'h' instead.
  hourly_weather = weather_df[['timestamp_utc'] + weather_numeric_cols].set_index('timestamp_utc').resample('1H').mean().reset_index()
         ✓ All night hours zero
         ✓ Daylight mean: 0.333

[SUCCESS] Hierarchical 30-day forecast complete!
          Total TFT calls: 1 long-head + 30 short-head = 31

[INFO] Hierarchical 30-day forecast starting 2024-05-14 00:00:00+00:00
[INFO] Fetching live weather from OpenMeteo API...
                [Auto-selected ECMWF API for 15-day forecast]
[WeatherClient] Fetching 15-day ECMWF forecast
                Location: (48.6946°N, 12.5976°E)
                Period: 2024-05-14 → 2024-05-29
                Tilt/Azimuth: 25.0° / 180.0°
                API: ECMWF
[ERROR] Live weather fetch failed: OpenMeteo API call failed: {'reason': "Parameter 'start_date' is out of allowed range from 2025-10-06 to 2026-01-22", 'error': True}
[ERROR] Falling back to test weather data if available
       Architecture: Long-head (strategic) + 30× Short-head (tactical) + Physics

[PREP] Preparing data for multi-resolution inference...
       Input frequency detected: 15min
       Resampling to hourly for long-head...
       Hourly shape: historical=(720, 28), weather=(720, 32)

[STEP 1/4] Computing PVLib physics baseline (2880 steps @ 15-min)...
          Weather window: 2880 steps (2024-05-14 00:00:00+00:00 → 2024-06-12 23:45:00+00:00)
          Using pre-computed PVLib baseline (pvlib_ac_kw column)
          PVLib shape: (2880,), range: [0.000, 0.879]

[STEP 2/4] Running long-head TFT (strategic: 720 hours @ 1-hour)...
          Long-head shape: (720,)
          Upsampling long-head to 15-min resolution...
          Long upsampled shape: (2880,)

[STEP 3/4] Rolling short-head refinement (30 days × 96 steps)...
          Day  5/30: α_short=0.65, α_long=0.35, α_ml=0.69
          Day 10/30: α_short=0.50, α_long=0.50, α_ml=0.66
          Day 15/30: α_short=0.35, α_long=0.65, α_ml=0.64
          Day 20/30: α_short=0.35, α_long=0.65, α_ml=0.61
          Day 25/30: α_short=0.35, α_long=0.65, α_ml=0.59
          Day 30/30: α_short=0.35, α_long=0.65, α_ml=0.56
          Final forecast shape: (2880,)
          Final range: [0.000, 0.676]

[STEP 4/4] Validation...
         ✓ Shape correct (2880 steps)
         ✓ Range valid [0.000, 0.676]
         ✓ All night hours zero
         ✓ Daylight mean: 0.328

[SUCCESS] Hierarchical 30-day forecast complete!
          Total TFT calls: 1 long-head + 30 short-head = 31

[INFO] Hierarchical 30-day forecast starting 2024-05-15 00:00:00+00:00
[INFO] Fetching live weather from OpenMeteo API...
                [Auto-selected ECMWF API for 15-day forecast]
[WeatherClient] Fetching 15-day ECMWF forecast
                Location: (48.6946°N, 12.5976°E)
                Period: 2024-05-15 → 2024-05-30
                Tilt/Azimuth: 25.0° / 180.0°
                API: ECMWF
[ERROR] Live weather fetch failed: OpenMeteo API call failed: {'error': True, 'reason': "Parameter 'start_date' is out of allowed range from 2025-10-06 to 2026-01-22"}
[ERROR] Falling back to test weather data if available
       Architecture: Long-head (strategic) + 30× Short-head (tactical) + Physics

[PREP] Preparing data for multi-resolution inference...
       Input frequency detected: 15min
       Resampling to hourly for long-head...
       Hourly shape: historical=(720, 28), weather=(720, 32)

[STEP 1/4] Computing PVLib physics baseline (2880 steps @ 15-min)...
          Weather window: 2880 steps (2024-05-15 00:00:00+00:00 → 2024-06-13 23:45:00+00:00)
          Using pre-computed PVLib baseline (pvlib_ac_kw column)
          PVLib shape: (2880,), range: [0.000, 0.879]

[STEP 2/4] Running long-head TFT (strategic: 720 hours @ 1-hour)...
          Long-head shape: (720,)
          Upsampling long-head to 15-min resolution...
          Long upsampled shape: (2880,)

[STEP 3/4] Rolling short-head refinement (30 days × 96 steps)...
          Day  5/30: α_short=0.65, α_long=0.35, α_ml=0.69
          Day 10/30: α_short=0.50, α_long=0.50, α_ml=0.66
          Day 15/30: α_short=0.35, α_long=0.65, α_ml=0.64
          Day 20/30: α_short=0.35, α_long=0.65, α_ml=0.61
          Day 25/30: α_short=0.35, α_long=0.65, α_ml=0.59
          Day 30/30: α_short=0.35, α_long=0.65, α_ml=0.56
          Final forecast shape: (2880,)
          Final range: [0.000, 0.675]

[STEP 4/4] Validation...
         ✓ Shape correct (2880 steps)
         ✓ Range valid [0.000, 0.675]
         ✓ All night hours zero
         ✓ Daylight mean: 0.327

[SUCCESS] Hierarchical 30-day forecast complete!
          Total TFT calls: 1 long-head + 30 short-head = 31

[INFO] Hierarchical 30-day forecast starting 2024-05-16 00:00:00+00:00
[INFO] Fetching live weather from OpenMeteo API...
                [Auto-selected ECMWF API for 15-day forecast]
[WeatherClient] Fetching 15-day ECMWF forecast
                Location: (48.6946°N, 12.5976°E)
                Period: 2024-05-16 → 2024-05-31
                Tilt/Azimuth: 25.0° / 180.0°
                API: ECMWF
[ERROR] Live weather fetch failed: OpenMeteo API call failed: {'reason': "Parameter 'start_date' is out of allowed range from 2025-10-06 to 2026-01-22", 'error': True}
[ERROR] Falling back to test weather data if available
       Architecture: Long-head (strategic) + 30× Short-head (tactical) + Physics

[PREP] Preparing data for multi-resolution inference...
       Input frequency detected: 15min
       Resampling to hourly for long-head...
       Hourly shape: historical=(720, 28), weather=(720, 32)

[STEP 1/4] Computing PVLib physics baseline (2880 steps @ 15-min)...
          Weather window: 2880 steps (2024-05-16 00:00:00+00:00 → 2024-06-14 23:45:00+00:00)
          Using pre-computed PVLib baseline (pvlib_ac_kw column)
          PVLib shape: (2880,), range: [0.000, 0.865]

[STEP 2/4] Running long-head TFT (strategic: 720 hours @ 1-hour)...
          Long-head shape: (720,)
          Upsampling long-head to 15-min resolution...
          Long upsampled shape: (2880,)

[STEP 3/4] Rolling short-head refinement (30 days × 96 steps)...
          Day  5/30: α_short=0.65, α_long=0.35, α_ml=0.69
          Day 10/30: α_short=0.50, α_long=0.50, α_ml=0.66
          Day 15/30: α_short=0.35, α_long=0.65, α_ml=0.64
          Day 20/30: α_short=0.35, α_long=0.65, α_ml=0.61
          Day 25/30: α_short=0.35, α_long=0.65, α_ml=0.59
          Day 30/30: α_short=0.35, α_long=0.65, α_ml=0.56
          Final forecast shape: (2880,)
          Final range: [0.000, 0.671]

[STEP 4/4] Validation...
         ✓ Shape correct (2880 steps)
         ✓ Range valid [0.000, 0.671]
         ✓ All night hours zero
         ✓ Daylight mean: 0.321

[SUCCESS] Hierarchical 30-day forecast complete!
          Total TFT calls: 1 long-head + 30 short-head = 31

[INFO] Hierarchical 30-day forecast starting 2024-05-17 00:00:00+00:00
[INFO] Fetching live weather from OpenMeteo API...
                [Auto-selected ECMWF API for 15-day forecast]
[WeatherClient] Fetching 15-day ECMWF forecast
                Location: (48.6946°N, 12.5976°E)
                Period: 2024-05-17 → 2024-06-01
                Tilt/Azimuth: 25.0° / 180.0°
                API: ECMWF
[ERROR] Live weather fetch failed: OpenMeteo API call failed: {'reason': "Parameter 'start_date' is out of allowed range from 2025-10-06 to 2026-01-22", 'error': True}
[ERROR] Falling back to test weather data if available
       Architecture: Long-head (strategic) + 30× Short-head (tactical) + Physics

[PREP] Preparing data for multi-resolution inference...
       Input frequency detected: 15min
       Resampling to hourly for long-head...
       Hourly shape: historical=(720, 28), weather=(720, 32)

[STEP 1/4] Computing PVLib physics baseline (2880 steps @ 15-min)...
          Weather window: 2880 steps (2024-05-17 00:00:00+00:00 → 2024-06-15 23:45:00+00:00)
          Using pre-computed PVLib baseline (pvlib_ac_kw column)
          PVLib shape: (2880,), range: [0.000, 0.865]

[STEP 2/4] Running long-head TFT (strategic: 720 hours @ 1-hour)...
          Long-head shape: (720,)
          Upsampling long-head to 15-min resolution...
          Long upsampled shape: (2880,)
/home/dwijenayake/pv_forecast_30d/src/inference/physics_aware_forecaster.py:386: FutureWarning: 'H' is deprecated and will be removed in a future version, please use 'h' instead.
  hourly_hist = historical_df[['timestamp_utc'] + hist_numeric_cols].set_index('timestamp_utc').resample('1H').mean().reset_index()
/home/dwijenayake/pv_forecast_30d/src/inference/physics_aware_forecaster.py:387: FutureWarning: 'H' is deprecated and will be removed in a future version, please use 'h' instead.
  hourly_weather = weather_df[['timestamp_utc'] + weather_numeric_cols].set_index('timestamp_utc').resample('1H').mean().reset_index()
/home/dwijenayake/pv_forecast_30d/src/inference/physics_aware_forecaster.py:386: FutureWarning: 'H' is deprecated and will be removed in a future version, please use 'h' instead.
  hourly_hist = historical_df[['timestamp_utc'] + hist_numeric_cols].set_index('timestamp_utc').resample('1H').mean().reset_index()
/home/dwijenayake/pv_forecast_30d/src/inference/physics_aware_forecaster.py:387: FutureWarning: 'H' is deprecated and will be removed in a future version, please use 'h' instead.
  hourly_weather = weather_df[['timestamp_utc'] + weather_numeric_cols].set_index('timestamp_utc').resample('1H').mean().reset_index()
/home/dwijenayake/pv_forecast_30d/src/inference/physics_aware_forecaster.py:386: FutureWarning: 'H' is deprecated and will be removed in a future version, please use 'h' instead.
  hourly_hist = historical_df[['timestamp_utc'] + hist_numeric_cols].set_index('timestamp_utc').resample('1H').mean().reset_index()
/home/dwijenayake/pv_forecast_30d/src/inference/physics_aware_forecaster.py:387: FutureWarning: 'H' is deprecated and will be removed in a future version, please use 'h' instead.
  hourly_weather = weather_df[['timestamp_utc'] + weather_numeric_cols].set_index('timestamp_utc').resample('1H').mean().reset_index()

[STEP 3/4] Rolling short-head refinement (30 days × 96 steps)...
          Day  5/30: α_short=0.65, α_long=0.35, α_ml=0.69
          Day 10/30: α_short=0.50, α_long=0.50, α_ml=0.66
          Day 15/30: α_short=0.35, α_long=0.65, α_ml=0.64
          Day 20/30: α_short=0.35, α_long=0.65, α_ml=0.61
          Day 25/30: α_short=0.35, α_long=0.65, α_ml=0.59
          Day 30/30: α_short=0.35, α_long=0.65, α_ml=0.56
          Final forecast shape: (2880,)
          Final range: [0.000, 0.696]

[STEP 4/4] Validation...
         ✓ Shape correct (2880 steps)
         ✓ Range valid [0.000, 0.696]
         ✓ All night hours zero
         ✓ Daylight mean: 0.316

[SUCCESS] Hierarchical 30-day forecast complete!
          Total TFT calls: 1 long-head + 30 short-head = 31

[INFO] Hierarchical 30-day forecast starting 2024-05-18 00:00:00+00:00
[INFO] Fetching live weather from OpenMeteo API...
                [Auto-selected ECMWF API for 15-day forecast]
[WeatherClient] Fetching 15-day ECMWF forecast
                Location: (48.6946°N, 12.5976°E)
                Period: 2024-05-18 → 2024-06-02
                Tilt/Azimuth: 25.0° / 180.0°
                API: ECMWF
[ERROR] Live weather fetch failed: OpenMeteo API call failed: {'error': True, 'reason': "Parameter 'start_date' is out of allowed range from 2025-10-06 to 2026-01-22"}
[ERROR] Falling back to test weather data if available
       Architecture: Long-head (strategic) + 30× Short-head (tactical) + Physics

[PREP] Preparing data for multi-resolution inference...
       Input frequency detected: 15min
       Resampling to hourly for long-head...
       Hourly shape: historical=(720, 28), weather=(720, 32)

[STEP 1/4] Computing PVLib physics baseline (2880 steps @ 15-min)...
          Weather window: 2880 steps (2024-05-18 00:00:00+00:00 → 2024-06-16 23:45:00+00:00)
          Using pre-computed PVLib baseline (pvlib_ac_kw column)
          PVLib shape: (2880,), range: [0.000, 0.865]

[STEP 2/4] Running long-head TFT (strategic: 720 hours @ 1-hour)...
          Long-head shape: (720,)
          Upsampling long-head to 15-min resolution...
          Long upsampled shape: (2880,)

[STEP 3/4] Rolling short-head refinement (30 days × 96 steps)...
          Day  5/30: α_short=0.65, α_long=0.35, α_ml=0.69
          Day 10/30: α_short=0.50, α_long=0.50, α_ml=0.66
          Day 15/30: α_short=0.35, α_long=0.65, α_ml=0.64
          Day 20/30: α_short=0.35, α_long=0.65, α_ml=0.61
          Day 25/30: α_short=0.35, α_long=0.65, α_ml=0.59
          Day 30/30: α_short=0.35, α_long=0.65, α_ml=0.56
          Final forecast shape: (2880,)
          Final range: [0.000, 0.696]

[STEP 4/4] Validation...
         ✓ Shape correct (2880 steps)
         ✓ Range valid [0.000, 0.696]
         ✓ All night hours zero
         ✓ Daylight mean: 0.320

[SUCCESS] Hierarchical 30-day forecast complete!
          Total TFT calls: 1 long-head + 30 short-head = 31

[INFO] Hierarchical 30-day forecast starting 2024-05-19 00:00:00+00:00
[INFO] Fetching live weather from OpenMeteo API...
                [Auto-selected ECMWF API for 15-day forecast]
[WeatherClient] Fetching 15-day ECMWF forecast
                Location: (48.6946°N, 12.5976°E)
                Period: 2024-05-19 → 2024-06-03
                Tilt/Azimuth: 25.0° / 180.0°
                API: ECMWF
[ERROR] Live weather fetch failed: OpenMeteo API call failed: {'reason': "Parameter 'start_date' is out of allowed range from 2025-10-06 to 2026-01-22", 'error': True}
[ERROR] Falling back to test weather data if available
       Architecture: Long-head (strategic) + 30× Short-head (tactical) + Physics

[PREP] Preparing data for multi-resolution inference...
       Input frequency detected: 15min
       Resampling to hourly for long-head...
       Hourly shape: historical=(720, 28), weather=(720, 32)

[STEP 1/4] Computing PVLib physics baseline (2880 steps @ 15-min)...
          Weather window: 2880 steps (2024-05-19 00:00:00+00:00 → 2024-06-17 23:45:00+00:00)
          Using pre-computed PVLib baseline (pvlib_ac_kw column)
          PVLib shape: (2880,), range: [0.000, 0.865]

[STEP 2/4] Running long-head TFT (strategic: 720 hours @ 1-hour)...
          Long-head shape: (720,)
          Upsampling long-head to 15-min resolution...
          Long upsampled shape: (2880,)

[STEP 3/4] Rolling short-head refinement (30 days × 96 steps)...
          Day  5/30: α_short=0.65, α_long=0.35, α_ml=0.69
          Day 10/30: α_short=0.50, α_long=0.50, α_ml=0.66
          Day 15/30: α_short=0.35, α_long=0.65, α_ml=0.64
          Day 20/30: α_short=0.35, α_long=0.65, α_ml=0.61
          Day 25/30: α_short=0.35, α_long=0.65, α_ml=0.59
          Day 30/30: α_short=0.35, α_long=0.65, α_ml=0.56
          Final forecast shape: (2880,)
          Final range: [0.000, 0.695]

[STEP 4/4] Validation...
         ✓ Shape correct (2880 steps)
         ✓ Range valid [0.000, 0.695]
         ✓ All night hours zero
         ✓ Daylight mean: 0.320

[SUCCESS] Hierarchical 30-day forecast complete!
          Total TFT calls: 1 long-head + 30 short-head = 31

[INFO] Hierarchical 30-day forecast starting 2024-05-20 00:00:00+00:00
[INFO] Fetching live weather from OpenMeteo API...
                [Auto-selected ECMWF API for 15-day forecast]
[WeatherClient] Fetching 15-day ECMWF forecast
                Location: (48.6946°N, 12.5976°E)
                Period: 2024-05-20 → 2024-06-04
                Tilt/Azimuth: 25.0° / 180.0°
                API: ECMWF
[ERROR] Live weather fetch failed: OpenMeteo API call failed: {'reason': "Parameter 'start_date' is out of allowed range from 2025-10-06 to 2026-01-22", 'error': True}
[ERROR] Falling back to test weather data if available
       Architecture: Long-head (strategic) + 30× Short-head (tactical) + Physics

[PREP] Preparing data for multi-resolution inference...
       Input frequency detected: 15min
       Resampling to hourly for long-head...
       Hourly shape: historical=(720, 28), weather=(720, 32)

[STEP 1/4] Computing PVLib physics baseline (2880 steps @ 15-min)...
          Weather window: 2880 steps (2024-05-20 00:00:00+00:00 → 2024-06-18 23:45:00+00:00)
          Using pre-computed PVLib baseline (pvlib_ac_kw column)
          PVLib shape: (2880,), range: [0.000, 0.865]

[STEP 2/4] Running long-head TFT (strategic: 720 hours @ 1-hour)...
          Long-head shape: (720,)
          Upsampling long-head to 15-min resolution...
          Long upsampled shape: (2880,)

[STEP 3/4] Rolling short-head refinement (30 days × 96 steps)...
          Day  5/30: α_short=0.65, α_long=0.35, α_ml=0.69
          Day 10/30: α_short=0.50, α_long=0.50, α_ml=0.66
          Day 15/30: α_short=0.35, α_long=0.65, α_ml=0.64
          Day 20/30: α_short=0.35, α_long=0.65, α_ml=0.61
          Day 25/30: α_short=0.35, α_long=0.65, α_ml=0.59
          Day 30/30: α_short=0.35, α_long=0.65, α_ml=0.56
          Final forecast shape: (2880,)
          Final range: [0.000, 0.740]

[STEP 4/4] Validation...
         ✓ Shape correct (2880 steps)
         ✓ Range valid [0.000, 0.740]
         ✓ All night hours zero
         ✓ Daylight mean: 0.321

[SUCCESS] Hierarchical 30-day forecast complete!
          Total TFT calls: 1 long-head + 30 short-head = 31

[INFO] Hierarchical 30-day forecast starting 2024-05-21 00:00:00+00:00
[INFO] Fetching live weather from OpenMeteo API...
                [Auto-selected ECMWF API for 15-day forecast]
[WeatherClient] Fetching 15-day ECMWF forecast
                Location: (48.6946°N, 12.5976°E)
                Period: 2024-05-21 → 2024-06-05
                Tilt/Azimuth: 25.0° / 180.0°
                API: ECMWF
[ERROR] Live weather fetch failed: OpenMeteo API call failed: {'error': True, 'reason': "Parameter 'start_date' is out of allowed range from 2025-10-06 to 2026-01-22"}
[ERROR] Falling back to test weather data if available
       Architecture: Long-head (strategic) + 30× Short-head (tactical) + Physics

[PREP] Preparing data for multi-resolution inference...
       Input frequency detected: 15min
/home/dwijenayake/pv_forecast_30d/src/inference/physics_aware_forecaster.py:386: FutureWarning: 'H' is deprecated and will be removed in a future version, please use 'h' instead.
  hourly_hist = historical_df[['timestamp_utc'] + hist_numeric_cols].set_index('timestamp_utc').resample('1H').mean().reset_index()
/home/dwijenayake/pv_forecast_30d/src/inference/physics_aware_forecaster.py:387: FutureWarning: 'H' is deprecated and will be removed in a future version, please use 'h' instead.
  hourly_weather = weather_df[['timestamp_utc'] + weather_numeric_cols].set_index('timestamp_utc').resample('1H').mean().reset_index()
/home/dwijenayake/pv_forecast_30d/src/inference/physics_aware_forecaster.py:386: FutureWarning: 'H' is deprecated and will be removed in a future version, please use 'h' instead.
  hourly_hist = historical_df[['timestamp_utc'] + hist_numeric_cols].set_index('timestamp_utc').resample('1H').mean().reset_index()
/home/dwijenayake/pv_forecast_30d/src/inference/physics_aware_forecaster.py:387: FutureWarning: 'H' is deprecated and will be removed in a future version, please use 'h' instead.
  hourly_weather = weather_df[['timestamp_utc'] + weather_numeric_cols].set_index('timestamp_utc').resample('1H').mean().reset_index()
/home/dwijenayake/pv_forecast_30d/src/inference/physics_aware_forecaster.py:386: FutureWarning: 'H' is deprecated and will be removed in a future version, please use 'h' instead.
  hourly_hist = historical_df[['timestamp_utc'] + hist_numeric_cols].set_index('timestamp_utc').resample('1H').mean().reset_index()
/home/dwijenayake/pv_forecast_30d/src/inference/physics_aware_forecaster.py:387: FutureWarning: 'H' is deprecated and will be removed in a future version, please use 'h' instead.
  hourly_weather = weather_df[['timestamp_utc'] + weather_numeric_cols].set_index('timestamp_utc').resample('1H').mean().reset_index()
/home/dwijenayake/pv_forecast_30d/src/inference/physics_aware_forecaster.py:386: FutureWarning: 'H' is deprecated and will be removed in a future version, please use 'h' instead.
  hourly_hist = historical_df[['timestamp_utc'] + hist_numeric_cols].set_index('timestamp_utc').resample('1H').mean().reset_index()
/home/dwijenayake/pv_forecast_30d/src/inference/physics_aware_forecaster.py:387: FutureWarning: 'H' is deprecated and will be removed in a future version, please use 'h' instead.
  hourly_weather = weather_df[['timestamp_utc'] + weather_numeric_cols].set_index('timestamp_utc').resample('1H').mean().reset_index()
       Resampling to hourly for long-head...
       Hourly shape: historical=(720, 28), weather=(720, 32)

[STEP 1/4] Computing PVLib physics baseline (2880 steps @ 15-min)...
          Weather window: 2880 steps (2024-05-21 00:00:00+00:00 → 2024-06-19 23:45:00+00:00)
          Using pre-computed PVLib baseline (pvlib_ac_kw column)
          PVLib shape: (2880,), range: [0.000, 0.865]

[STEP 2/4] Running long-head TFT (strategic: 720 hours @ 1-hour)...
          Long-head shape: (720,)
          Upsampling long-head to 15-min resolution...
          Long upsampled shape: (2880,)

[STEP 3/4] Rolling short-head refinement (30 days × 96 steps)...
          Day  5/30: α_short=0.65, α_long=0.35, α_ml=0.69
          Day 10/30: α_short=0.50, α_long=0.50, α_ml=0.66
          Day 15/30: α_short=0.35, α_long=0.65, α_ml=0.64
          Day 20/30: α_short=0.35, α_long=0.65, α_ml=0.61
          Day 25/30: α_short=0.35, α_long=0.65, α_ml=0.59
          Day 30/30: α_short=0.35, α_long=0.65, α_ml=0.56
          Final forecast shape: (2880,)
          Final range: [0.000, 0.739]

[STEP 4/4] Validation...
         ✓ Shape correct (2880 steps)
         ✓ Range valid [0.000, 0.739]
         ✓ All night hours zero
         ✓ Daylight mean: 0.323

[SUCCESS] Hierarchical 30-day forecast complete!
          Total TFT calls: 1 long-head + 30 short-head = 31

[INFO] Hierarchical 30-day forecast starting 2024-05-22 00:00:00+00:00
[INFO] Fetching live weather from OpenMeteo API...
                [Auto-selected ECMWF API for 15-day forecast]
[WeatherClient] Fetching 15-day ECMWF forecast
                Location: (48.6946°N, 12.5976°E)
                Period: 2024-05-22 → 2024-06-06
                Tilt/Azimuth: 25.0° / 180.0°
                API: ECMWF
[ERROR] Live weather fetch failed: OpenMeteo API call failed: {'error': True, 'reason': "Parameter 'start_date' is out of allowed range from 2025-10-06 to 2026-01-22"}
[ERROR] Falling back to test weather data if available
       Architecture: Long-head (strategic) + 30× Short-head (tactical) + Physics

[PREP] Preparing data for multi-resolution inference...
       Input frequency detected: 15min
       Resampling to hourly for long-head...
       Hourly shape: historical=(720, 28), weather=(720, 32)

[STEP 1/4] Computing PVLib physics baseline (2880 steps @ 15-min)...
          Weather window: 2880 steps (2024-05-22 00:00:00+00:00 → 2024-06-20 23:45:00+00:00)
          Using pre-computed PVLib baseline (pvlib_ac_kw column)
          PVLib shape: (2880,), range: [0.000, 0.865]

[STEP 2/4] Running long-head TFT (strategic: 720 hours @ 1-hour)...
          Long-head shape: (720,)
          Upsampling long-head to 15-min resolution...
          Long upsampled shape: (2880,)

[STEP 3/4] Rolling short-head refinement (30 days × 96 steps)...
          Day  5/30: α_short=0.65, α_long=0.35, α_ml=0.69
          Day 10/30: α_short=0.50, α_long=0.50, α_ml=0.66
          Day 15/30: α_short=0.35, α_long=0.65, α_ml=0.64
          Day 20/30: α_short=0.35, α_long=0.65, α_ml=0.61
          Day 25/30: α_short=0.35, α_long=0.65, α_ml=0.59
          Day 30/30: α_short=0.35, α_long=0.65, α_ml=0.56
          Final forecast shape: (2880,)
          Final range: [0.000, 0.738]

[STEP 4/4] Validation...
         ✓ Shape correct (2880 steps)
         ✓ Range valid [0.000, 0.738]
         ✓ All night hours zero
         ✓ Daylight mean: 0.324

[SUCCESS] Hierarchical 30-day forecast complete!
          Total TFT calls: 1 long-head + 30 short-head = 31

[INFO] Hierarchical 30-day forecast starting 2024-05-23 00:00:00+00:00
[INFO] Fetching live weather from OpenMeteo API...
                [Auto-selected ECMWF API for 15-day forecast]
[WeatherClient] Fetching 15-day ECMWF forecast
                Location: (48.6946°N, 12.5976°E)
                Period: 2024-05-23 → 2024-06-07
                Tilt/Azimuth: 25.0° / 180.0°
                API: ECMWF
[ERROR] Live weather fetch failed: OpenMeteo API call failed: {'error': True, 'reason': "Parameter 'start_date' is out of allowed range from 2025-10-06 to 2026-01-22"}
[ERROR] Falling back to test weather data if available
       Architecture: Long-head (strategic) + 30× Short-head (tactical) + Physics

[PREP] Preparing data for multi-resolution inference...
       Input frequency detected: 15min
       Resampling to hourly for long-head...
       Hourly shape: historical=(720, 28), weather=(720, 32)

[STEP 1/4] Computing PVLib physics baseline (2880 steps @ 15-min)...
          Weather window: 2880 steps (2024-05-23 00:00:00+00:00 → 2024-06-21 23:45:00+00:00)
          Using pre-computed PVLib baseline (pvlib_ac_kw column)
          PVLib shape: (2880,), range: [0.000, 0.865]

[STEP 2/4] Running long-head TFT (strategic: 720 hours @ 1-hour)...
          Long-head shape: (720,)
          Upsampling long-head to 15-min resolution...
          Long upsampled shape: (2880,)

[STEP 3/4] Rolling short-head refinement (30 days × 96 steps)...
          Day  5/30: α_short=0.65, α_long=0.35, α_ml=0.69
          Day 10/30: α_short=0.50, α_long=0.50, α_ml=0.66
          Day 15/30: α_short=0.35, α_long=0.65, α_ml=0.64
          Day 20/30: α_short=0.35, α_long=0.65, α_ml=0.61
          Day 25/30: α_short=0.35, α_long=0.65, α_ml=0.59
          Day 30/30: α_short=0.35, α_long=0.65, α_ml=0.56
          Final forecast shape: (2880,)
          Final range: [0.000, 0.737]

[STEP 4/4] Validation...
         ✓ Shape correct (2880 steps)
         ✓ Range valid [0.000, 0.737]
         ✓ All night hours zero
         ✓ Daylight mean: 0.325

[SUCCESS] Hierarchical 30-day forecast complete!
          Total TFT calls: 1 long-head + 30 short-head = 31

[INFO] Hierarchical 30-day forecast starting 2024-05-24 00:00:00+00:00
[INFO] Fetching live weather from OpenMeteo API...
                [Auto-selected ECMWF API for 15-day forecast]
[WeatherClient] Fetching 15-day ECMWF forecast
                Location: (48.6946°N, 12.5976°E)
                Period: 2024-05-24 → 2024-06-08
                Tilt/Azimuth: 25.0° / 180.0°
                API: ECMWF
[ERROR] Live weather fetch failed: OpenMeteo API call failed: {'reason': "Parameter 'start_date' is out of allowed range from 2025-10-06 to 2026-01-22", 'error': True}
[ERROR] Falling back to test weather data if available
       Architecture: Long-head (strategic) + 30× Short-head (tactical) + Physics

[PREP] Preparing data for multi-resolution inference...
       Input frequency detected: 15min
       Resampling to hourly for long-head...
       Hourly shape: historical=(720, 28), weather=(720, 32)

[STEP 1/4] Computing PVLib physics baseline (2880 steps @ 15-min)...
          Weather window: 2880 steps (2024-05-24 00:00:00+00:00 → 2024-06-22 23:45:00+00:00)
          Using pre-computed PVLib baseline (pvlib_ac_kw column)
          PVLib shape: (2880,), range: [0.000, 0.886]

[STEP 2/4] Running long-head TFT (strategic: 720 hours @ 1-hour)...
          Long-head shape: (720,)
          Upsampling long-head to 15-min resolution...
          Long upsampled shape: (2880,)

[STEP 3/4] Rolling short-head refinement (30 days × 96 steps)...
          Day  5/30: α_short=0.65, α_long=0.35, α_ml=0.69
          Day 10/30: α_short=0.50, α_long=0.50, α_ml=0.66
          Day 15/30: α_short=0.35, α_long=0.65, α_ml=0.64
          Day 20/30: α_short=0.35, α_long=0.65, α_ml=0.61
          Day 25/30: α_short=0.35, α_long=0.65, α_ml=0.59
          Day 30/30: α_short=0.35, α_long=0.65, α_ml=0.56
          Final forecast shape: (2880,)
          Final range: [0.000, 0.736]

[STEP 4/4] Validation...
         ✓ Shape correct (2880 steps)
         ✓ Range valid [0.000, 0.736]
         ✓ All night hours zero
         ✓ Daylight mean: 0.323

[SUCCESS] Hierarchical 30-day forecast complete!
          Total TFT calls: 1 long-head + 30 short-head = 31

[INFO] Hierarchical 30-day forecast starting 2024-05-25 00:00:00+00:00
[INFO] Fetching live weather from OpenMeteo API...
                [Auto-selected ECMWF API for 15-day forecast]
[WeatherClient] Fetching 15-day ECMWF forecast
/home/dwijenayake/pv_forecast_30d/src/inference/physics_aware_forecaster.py:386: FutureWarning: 'H' is deprecated and will be removed in a future version, please use 'h' instead.
  hourly_hist = historical_df[['timestamp_utc'] + hist_numeric_cols].set_index('timestamp_utc').resample('1H').mean().reset_index()
/home/dwijenayake/pv_forecast_30d/src/inference/physics_aware_forecaster.py:387: FutureWarning: 'H' is deprecated and will be removed in a future version, please use 'h' instead.
  hourly_weather = weather_df[['timestamp_utc'] + weather_numeric_cols].set_index('timestamp_utc').resample('1H').mean().reset_index()
/home/dwijenayake/pv_forecast_30d/src/inference/physics_aware_forecaster.py:386: FutureWarning: 'H' is deprecated and will be removed in a future version, please use 'h' instead.
  hourly_hist = historical_df[['timestamp_utc'] + hist_numeric_cols].set_index('timestamp_utc').resample('1H').mean().reset_index()
/home/dwijenayake/pv_forecast_30d/src/inference/physics_aware_forecaster.py:387: FutureWarning: 'H' is deprecated and will be removed in a future version, please use 'h' instead.
  hourly_weather = weather_df[['timestamp_utc'] + weather_numeric_cols].set_index('timestamp_utc').resample('1H').mean().reset_index()
/home/dwijenayake/pv_forecast_30d/src/inference/physics_aware_forecaster.py:386: FutureWarning: 'H' is deprecated and will be removed in a future version, please use 'h' instead.
  hourly_hist = historical_df[['timestamp_utc'] + hist_numeric_cols].set_index('timestamp_utc').resample('1H').mean().reset_index()
/home/dwijenayake/pv_forecast_30d/src/inference/physics_aware_forecaster.py:387: FutureWarning: 'H' is deprecated and will be removed in a future version, please use 'h' instead.
  hourly_weather = weather_df[['timestamp_utc'] + weather_numeric_cols].set_index('timestamp_utc').resample('1H').mean().reset_index()
/home/dwijenayake/pv_forecast_30d/src/inference/physics_aware_forecaster.py:386: FutureWarning: 'H' is deprecated and will be removed in a future version, please use 'h' instead.
  hourly_hist = historical_df[['timestamp_utc'] + hist_numeric_cols].set_index('timestamp_utc').resample('1H').mean().reset_index()
/home/dwijenayake/pv_forecast_30d/src/inference/physics_aware_forecaster.py:387: FutureWarning: 'H' is deprecated and will be removed in a future version, please use 'h' instead.
  hourly_weather = weather_df[['timestamp_utc'] + weather_numeric_cols].set_index('timestamp_utc').resample('1H').mean().reset_index()
                Location: (48.6946°N, 12.5976°E)
                Period: 2024-05-25 → 2024-06-09
                Tilt/Azimuth: 25.0° / 180.0°
                API: ECMWF
[ERROR] Live weather fetch failed: OpenMeteo API call failed: {'reason': "Parameter 'start_date' is out of allowed range from 2025-10-06 to 2026-01-22", 'error': True}
[ERROR] Falling back to test weather data if available
       Architecture: Long-head (strategic) + 30× Short-head (tactical) + Physics

[PREP] Preparing data for multi-resolution inference...
       Input frequency detected: 15min
       Resampling to hourly for long-head...
       Hourly shape: historical=(720, 28), weather=(720, 32)

[STEP 1/4] Computing PVLib physics baseline (2880 steps @ 15-min)...
          Weather window: 2880 steps (2024-05-25 00:00:00+00:00 → 2024-06-23 23:45:00+00:00)
          Using pre-computed PVLib baseline (pvlib_ac_kw column)
          PVLib shape: (2880,), range: [0.000, 0.886]

[STEP 2/4] Running long-head TFT (strategic: 720 hours @ 1-hour)...
          Long-head shape: (720,)
          Upsampling long-head to 15-min resolution...
          Long upsampled shape: (2880,)

[STEP 3/4] Rolling short-head refinement (30 days × 96 steps)...
          Day  5/30: α_short=0.65, α_long=0.35, α_ml=0.69
          Day 10/30: α_short=0.50, α_long=0.50, α_ml=0.66
          Day 15/30: α_short=0.35, α_long=0.65, α_ml=0.64
          Day 20/30: α_short=0.35, α_long=0.65, α_ml=0.61
          Day 25/30: α_short=0.35, α_long=0.65, α_ml=0.59
          Day 30/30: α_short=0.35, α_long=0.65, α_ml=0.56
          Final forecast shape: (2880,)
          Final range: [0.000, 0.735]

[STEP 4/4] Validation...
         ✓ Shape correct (2880 steps)
         ✓ Range valid [0.000, 0.735]
         ✓ All night hours zero
         ✓ Daylight mean: 0.323

[SUCCESS] Hierarchical 30-day forecast complete!
          Total TFT calls: 1 long-head + 30 short-head = 31

[INFO] Hierarchical 30-day forecast starting 2024-05-26 00:00:00+00:00
[INFO] Fetching live weather from OpenMeteo API...
                [Auto-selected ECMWF API for 15-day forecast]
[WeatherClient] Fetching 15-day ECMWF forecast
                Location: (48.6946°N, 12.5976°E)
                Period: 2024-05-26 → 2024-06-10
                Tilt/Azimuth: 25.0° / 180.0°
                API: ECMWF
[ERROR] Live weather fetch failed: OpenMeteo API call failed: {'error': True, 'reason': "Parameter 'start_date' is out of allowed range from 2025-10-06 to 2026-01-22"}
[ERROR] Falling back to test weather data if available
       Architecture: Long-head (strategic) + 30× Short-head (tactical) + Physics

[PREP] Preparing data for multi-resolution inference...
       Input frequency detected: 15min
       Resampling to hourly for long-head...
       Hourly shape: historical=(720, 28), weather=(720, 32)

[STEP 1/4] Computing PVLib physics baseline (2880 steps @ 15-min)...
          Weather window: 2880 steps (2024-05-26 00:00:00+00:00 → 2024-06-24 23:45:00+00:00)
          Using pre-computed PVLib baseline (pvlib_ac_kw column)
          PVLib shape: (2880,), range: [0.000, 0.886]

[STEP 2/4] Running long-head TFT (strategic: 720 hours @ 1-hour)...
          Long-head shape: (720,)
          Upsampling long-head to 15-min resolution...
          Long upsampled shape: (2880,)

[STEP 3/4] Rolling short-head refinement (30 days × 96 steps)...
          Day  5/30: α_short=0.65, α_long=0.35, α_ml=0.69
          Day 10/30: α_short=0.50, α_long=0.50, α_ml=0.66
          Day 15/30: α_short=0.35, α_long=0.65, α_ml=0.64
          Day 20/30: α_short=0.35, α_long=0.65, α_ml=0.61
          Day 25/30: α_short=0.35, α_long=0.65, α_ml=0.59
          Day 30/30: α_short=0.35, α_long=0.65, α_ml=0.56
          Final forecast shape: (2880,)
          Final range: [0.000, 0.732]

[STEP 4/4] Validation...
         ✓ Shape correct (2880 steps)
         ✓ Range valid [0.000, 0.732]
         ✓ All night hours zero
         ✓ Daylight mean: 0.324

[SUCCESS] Hierarchical 30-day forecast complete!
          Total TFT calls: 1 long-head + 30 short-head = 31

[INFO] Hierarchical 30-day forecast starting 2024-05-27 00:00:00+00:00
[INFO] Fetching live weather from OpenMeteo API...
                [Auto-selected ECMWF API for 15-day forecast]
[WeatherClient] Fetching 15-day ECMWF forecast
                Location: (48.6946°N, 12.5976°E)
                Period: 2024-05-27 → 2024-06-11
                Tilt/Azimuth: 25.0° / 180.0°
                API: ECMWF
[ERROR] Live weather fetch failed: OpenMeteo API call failed: {'reason': "Parameter 'start_date' is out of allowed range from 2025-10-06 to 2026-01-22", 'error': True}
[ERROR] Falling back to test weather data if available
       Architecture: Long-head (strategic) + 30× Short-head (tactical) + Physics

[PREP] Preparing data for multi-resolution inference...
       Input frequency detected: 15min
       Resampling to hourly for long-head...
       Hourly shape: historical=(720, 28), weather=(720, 32)

[STEP 1/4] Computing PVLib physics baseline (2880 steps @ 15-min)...
          Weather window: 2880 steps (2024-05-27 00:00:00+00:00 → 2024-06-25 23:45:00+00:00)
          Using pre-computed PVLib baseline (pvlib_ac_kw column)
          PVLib shape: (2880,), range: [0.000, 0.886]

[STEP 2/4] Running long-head TFT (strategic: 720 hours @ 1-hour)...
          Long-head shape: (720,)
          Upsampling long-head to 15-min resolution...
          Long upsampled shape: (2880,)

[STEP 3/4] Rolling short-head refinement (30 days × 96 steps)...
          Day  5/30: α_short=0.65, α_long=0.35, α_ml=0.69
          Day 10/30: α_short=0.50, α_long=0.50, α_ml=0.66
          Day 15/30: α_short=0.35, α_long=0.65, α_ml=0.64
          Day 20/30: α_short=0.35, α_long=0.65, α_ml=0.61
          Day 25/30: α_short=0.35, α_long=0.65, α_ml=0.59
          Day 30/30: α_short=0.35, α_long=0.65, α_ml=0.56
          Final forecast shape: (2880,)
          Final range: [0.000, 0.642]

[STEP 4/4] Validation...
         ✓ Shape correct (2880 steps)
         ✓ Range valid [0.000, 0.642]
         ✓ All night hours zero
         ✓ Daylight mean: 0.320

[SUCCESS] Hierarchical 30-day forecast complete!
          Total TFT calls: 1 long-head + 30 short-head = 31

[INFO] Hierarchical 30-day forecast starting 2024-05-28 00:00:00+00:00
[INFO] Fetching live weather from OpenMeteo API...
                [Auto-selected ECMWF API for 15-day forecast]
[WeatherClient] Fetching 15-day ECMWF forecast
                Location: (48.6946°N, 12.5976°E)
                Period: 2024-05-28 → 2024-06-12
                Tilt/Azimuth: 25.0° / 180.0°
                API: ECMWF
[ERROR] Live weather fetch failed: OpenMeteo API call failed: {'reason': "Parameter 'start_date' is out of allowed range from 2025-10-06 to 2026-01-22", 'error': True}
[ERROR] Falling back to test weather data if available
       Architecture: Long-head (strategic) + 30× Short-head (tactical) + Physics

[PREP] Preparing data for multi-resolution inference...
       Input frequency detected: 15min
       Resampling to hourly for long-head...
       Hourly shape: historical=(720, 28), weather=(720, 32)

[STEP 1/4] Computing PVLib physics baseline (2880 steps @ 15-min)...
          Weather window: 2880 steps (2024-05-28 00:00:00+00:00 → 2024-06-26 23:45:00+00:00)
          Using pre-computed PVLib baseline (pvlib_ac_kw column)
          PVLib shape: (2880,), range: [0.000, 0.886]

[STEP 2/4] Running long-head TFT (strategic: 720 hours @ 1-hour)...
          Long-head shape: (720,)
          Upsampling long-head to 15-min resolution...
          Long upsampled shape: (2880,)

[STEP 3/4] Rolling short-head refinement (30 days × 96 steps)...
          Day  5/30: α_short=0.65, α_long=0.35, α_ml=0.69
          Day 10/30: α_short=0.50, α_long=0.50, α_ml=0.66
          Day 15/30: α_short=0.35, α_long=0.65, α_ml=0.64
          Day 20/30: α_short=0.35, α_long=0.65, α_ml=0.61
          Day 25/30: α_short=0.35, α_long=0.65, α_ml=0.59
          Day 30/30: α_short=0.35, α_long=0.65, α_ml=0.56
/home/dwijenayake/pv_forecast_30d/src/inference/physics_aware_forecaster.py:386: FutureWarning: 'H' is deprecated and will be removed in a future version, please use 'h' instead.
  hourly_hist = historical_df[['timestamp_utc'] + hist_numeric_cols].set_index('timestamp_utc').resample('1H').mean().reset_index()
/home/dwijenayake/pv_forecast_30d/src/inference/physics_aware_forecaster.py:387: FutureWarning: 'H' is deprecated and will be removed in a future version, please use 'h' instead.
  hourly_weather = weather_df[['timestamp_utc'] + weather_numeric_cols].set_index('timestamp_utc').resample('1H').mean().reset_index()
/home/dwijenayake/pv_forecast_30d/src/inference/physics_aware_forecaster.py:386: FutureWarning: 'H' is deprecated and will be removed in a future version, please use 'h' instead.
  hourly_hist = historical_df[['timestamp_utc'] + hist_numeric_cols].set_index('timestamp_utc').resample('1H').mean().reset_index()
/home/dwijenayake/pv_forecast_30d/src/inference/physics_aware_forecaster.py:387: FutureWarning: 'H' is deprecated and will be removed in a future version, please use 'h' instead.
  hourly_weather = weather_df[['timestamp_utc'] + weather_numeric_cols].set_index('timestamp_utc').resample('1H').mean().reset_index()
/home/dwijenayake/pv_forecast_30d/src/inference/physics_aware_forecaster.py:386: FutureWarning: 'H' is deprecated and will be removed in a future version, please use 'h' instead.
  hourly_hist = historical_df[['timestamp_utc'] + hist_numeric_cols].set_index('timestamp_utc').resample('1H').mean().reset_index()
/home/dwijenayake/pv_forecast_30d/src/inference/physics_aware_forecaster.py:387: FutureWarning: 'H' is deprecated and will be removed in a future version, please use 'h' instead.
  hourly_weather = weather_df[['timestamp_utc'] + weather_numeric_cols].set_index('timestamp_utc').resample('1H').mean().reset_index()
/home/dwijenayake/pv_forecast_30d/src/inference/physics_aware_forecaster.py:386: FutureWarning: 'H' is deprecated and will be removed in a future version, please use 'h' instead.
  hourly_hist = historical_df[['timestamp_utc'] + hist_numeric_cols].set_index('timestamp_utc').resample('1H').mean().reset_index()
/home/dwijenayake/pv_forecast_30d/src/inference/physics_aware_forecaster.py:387: FutureWarning: 'H' is deprecated and will be removed in a future version, please use 'h' instead.
  hourly_weather = weather_df[['timestamp_utc'] + weather_numeric_cols].set_index('timestamp_utc').resample('1H').mean().reset_index()
          Final forecast shape: (2880,)
          Final range: [0.000, 0.641]

[STEP 4/4] Validation...
         ✓ Shape correct (2880 steps)
         ✓ Range valid [0.000, 0.641]
         ✓ All night hours zero
         ✓ Daylight mean: 0.324

[SUCCESS] Hierarchical 30-day forecast complete!
          Total TFT calls: 1 long-head + 30 short-head = 31

[INFO] Hierarchical 30-day forecast starting 2024-05-29 00:00:00+00:00
[INFO] Fetching live weather from OpenMeteo API...
                [Auto-selected ECMWF API for 15-day forecast]
[WeatherClient] Fetching 15-day ECMWF forecast
                Location: (48.6946°N, 12.5976°E)
                Period: 2024-05-29 → 2024-06-13
                Tilt/Azimuth: 25.0° / 180.0°
                API: ECMWF
[ERROR] Live weather fetch failed: OpenMeteo API call failed: {'error': True, 'reason': "Parameter 'start_date' is out of allowed range from 2025-10-06 to 2026-01-22"}
[ERROR] Falling back to test weather data if available
       Architecture: Long-head (strategic) + 30× Short-head (tactical) + Physics

[PREP] Preparing data for multi-resolution inference...
       Input frequency detected: 15min
       Resampling to hourly for long-head...
       Hourly shape: historical=(720, 28), weather=(720, 32)

[STEP 1/4] Computing PVLib physics baseline (2880 steps @ 15-min)...
          Weather window: 2880 steps (2024-05-29 00:00:00+00:00 → 2024-06-27 23:45:00+00:00)
          Using pre-computed PVLib baseline (pvlib_ac_kw column)
          PVLib shape: (2880,), range: [0.000, 0.886]

[STEP 2/4] Running long-head TFT (strategic: 720 hours @ 1-hour)...
          Long-head shape: (720,)
          Upsampling long-head to 15-min resolution...
          Long upsampled shape: (2880,)

[STEP 3/4] Rolling short-head refinement (30 days × 96 steps)...
          Day  5/30: α_short=0.65, α_long=0.35, α_ml=0.69
          Day 10/30: α_short=0.50, α_long=0.50, α_ml=0.66
          Day 15/30: α_short=0.35, α_long=0.65, α_ml=0.64
          Day 20/30: α_short=0.35, α_long=0.65, α_ml=0.61
          Day 25/30: α_short=0.35, α_long=0.65, α_ml=0.59
          Day 30/30: α_short=0.35, α_long=0.65, α_ml=0.56
          Final forecast shape: (2880,)
          Final range: [0.000, 0.637]

[STEP 4/4] Validation...
         ✓ Shape correct (2880 steps)
         ✓ Range valid [0.000, 0.637]
         ✓ All night hours zero
         ✓ Daylight mean: 0.325

[SUCCESS] Hierarchical 30-day forecast complete!
          Total TFT calls: 1 long-head + 30 short-head = 31

[INFO] Hierarchical 30-day forecast starting 2024-05-30 00:00:00+00:00
[INFO] Fetching live weather from OpenMeteo API...
                [Auto-selected ECMWF API for 15-day forecast]
[WeatherClient] Fetching 15-day ECMWF forecast
                Location: (48.6946°N, 12.5976°E)
                Period: 2024-05-30 → 2024-06-14
                Tilt/Azimuth: 25.0° / 180.0°
                API: ECMWF
[ERROR] Live weather fetch failed: OpenMeteo API call failed: {'error': True, 'reason': "Parameter 'start_date' is out of allowed range from 2025-10-06 to 2026-01-22"}
[ERROR] Falling back to test weather data if available
       Architecture: Long-head (strategic) + 30× Short-head (tactical) + Physics

[PREP] Preparing data for multi-resolution inference...
       Input frequency detected: 15min
       Resampling to hourly for long-head...
       Hourly shape: historical=(720, 28), weather=(720, 32)

[STEP 1/4] Computing PVLib physics baseline (2880 steps @ 15-min)...
          Weather window: 2880 steps (2024-05-30 00:00:00+00:00 → 2024-06-28 23:45:00+00:00)
          Using pre-computed PVLib baseline (pvlib_ac_kw column)
          PVLib shape: (2880,), range: [0.000, 0.886]

[STEP 2/4] Running long-head TFT (strategic: 720 hours @ 1-hour)...
          Long-head shape: (720,)
          Upsampling long-head to 15-min resolution...
          Long upsampled shape: (2880,)

[STEP 3/4] Rolling short-head refinement (30 days × 96 steps)...
          Day  5/30: α_short=0.65, α_long=0.35, α_ml=0.69
          Day 10/30: α_short=0.50, α_long=0.50, α_ml=0.66
          Day 15/30: α_short=0.35, α_long=0.65, α_ml=0.64
          Day 20/30: α_short=0.35, α_long=0.65, α_ml=0.61
          Day 25/30: α_short=0.35, α_long=0.65, α_ml=0.59
          Day 30/30: α_short=0.35, α_long=0.65, α_ml=0.56
          Final forecast shape: (2880,)
          Final range: [0.000, 0.616]

[STEP 4/4] Validation...
         ✓ Shape correct (2880 steps)
         ✓ Range valid [0.000, 0.616]
         ✓ All night hours zero
         ✓ Daylight mean: 0.325

[SUCCESS] Hierarchical 30-day forecast complete!
          Total TFT calls: 1 long-head + 30 short-head = 31

[INFO] Hierarchical 30-day forecast starting 2024-05-31 00:00:00+00:00
[INFO] Fetching live weather from OpenMeteo API...
                [Auto-selected ECMWF API for 15-day forecast]
[WeatherClient] Fetching 15-day ECMWF forecast
                Location: (48.6946°N, 12.5976°E)
                Period: 2024-05-31 → 2024-06-15
                Tilt/Azimuth: 25.0° / 180.0°
                API: ECMWF
[ERROR] Live weather fetch failed: OpenMeteo API call failed: {'reason': "Parameter 'start_date' is out of allowed range from 2025-10-06 to 2026-01-22", 'error': True}
[ERROR] Falling back to test weather data if available
       Architecture: Long-head (strategic) + 30× Short-head (tactical) + Physics

[PREP] Preparing data for multi-resolution inference...
       Input frequency detected: 15min
       Resampling to hourly for long-head...
       Hourly shape: historical=(720, 28), weather=(720, 32)

[STEP 1/4] Computing PVLib physics baseline (2880 steps @ 15-min)...
          Weather window: 2880 steps (2024-05-31 00:00:00+00:00 → 2024-06-29 23:45:00+00:00)
          Using pre-computed PVLib baseline (pvlib_ac_kw column)
          PVLib shape: (2880,), range: [0.000, 0.886]

[STEP 2/4] Running long-head TFT (strategic: 720 hours @ 1-hour)...
          Long-head shape: (720,)
          Upsampling long-head to 15-min resolution...
          Long upsampled shape: (2880,)

[STEP 3/4] Rolling short-head refinement (30 days × 96 steps)...
          Day  5/30: α_short=0.65, α_long=0.35, α_ml=0.69
          Day 10/30: α_short=0.50, α_long=0.50, α_ml=0.66
          Day 15/30: α_short=0.35, α_long=0.65, α_ml=0.64
          Day 20/30: α_short=0.35, α_long=0.65, α_ml=0.61
          Day 25/30: α_short=0.35, α_long=0.65, α_ml=0.59
          Day 30/30: α_short=0.35, α_long=0.65, α_ml=0.56
          Final forecast shape: (2880,)
          Final range: [0.000, 0.614]

[STEP 4/4] Validation...
         ✓ Shape correct (2880 steps)
         ✓ Range valid [0.000, 0.614]
         ✓ All night hours zero
         ✓ Daylight mean: 0.328

[SUCCESS] Hierarchical 30-day forecast complete!
          Total TFT calls: 1 long-head + 30 short-head = 31

[INFO] Hierarchical 30-day forecast starting 2024-06-01 00:00:00+00:00
[INFO] Fetching live weather from OpenMeteo API...
                [Auto-selected ECMWF API for 15-day forecast]
[WeatherClient] Fetching 15-day ECMWF forecast
                Location: (48.6946°N, 12.5976°E)
                Period: 2024-06-01 → 2024-06-16
                Tilt/Azimuth: 25.0° / 180.0°
                API: ECMWF
[ERROR] Live weather fetch failed: OpenMeteo API call failed: {'error': True, 'reason': "Parameter 'start_date' is out of allowed range from 2025-10-06 to 2026-01-22"}
[ERROR] Falling back to test weather data if available
       Architecture: Long-head (strategic) + 30× Short-head (tactical) + Physics

[PREP] Preparing data for multi-resolution inference...
       Input frequency detected: 15min
       Resampling to hourly for long-head...
       Hourly shape: historical=(720, 28), weather=(720, 32)

[STEP 1/4] Computing PVLib physics baseline (2880 steps @ 15-min)...
          Weather window: 2880 steps (2024-06-01 00:00:00+00:00 → 2024-06-30 23:45:00+00:00)
          Using pre-computed PVLib baseline (pvlib_ac_kw column)
          PVLib shape: (2880,), range: [0.000, 0.886]
/home/dwijenayake/pv_forecast_30d/src/inference/physics_aware_forecaster.py:386: FutureWarning: 'H' is deprecated and will be removed in a future version, please use 'h' instead.
  hourly_hist = historical_df[['timestamp_utc'] + hist_numeric_cols].set_index('timestamp_utc').resample('1H').mean().reset_index()
/home/dwijenayake/pv_forecast_30d/src/inference/physics_aware_forecaster.py:387: FutureWarning: 'H' is deprecated and will be removed in a future version, please use 'h' instead.
  hourly_weather = weather_df[['timestamp_utc'] + weather_numeric_cols].set_index('timestamp_utc').resample('1H').mean().reset_index()
/home/dwijenayake/pv_forecast_30d/src/inference/physics_aware_forecaster.py:386: FutureWarning: 'H' is deprecated and will be removed in a future version, please use 'h' instead.
  hourly_hist = historical_df[['timestamp_utc'] + hist_numeric_cols].set_index('timestamp_utc').resample('1H').mean().reset_index()
/home/dwijenayake/pv_forecast_30d/src/inference/physics_aware_forecaster.py:387: FutureWarning: 'H' is deprecated and will be removed in a future version, please use 'h' instead.
  hourly_weather = weather_df[['timestamp_utc'] + weather_numeric_cols].set_index('timestamp_utc').resample('1H').mean().reset_index()
/home/dwijenayake/pv_forecast_30d/src/inference/physics_aware_forecaster.py:386: FutureWarning: 'H' is deprecated and will be removed in a future version, please use 'h' instead.
  hourly_hist = historical_df[['timestamp_utc'] + hist_numeric_cols].set_index('timestamp_utc').resample('1H').mean().reset_index()
/home/dwijenayake/pv_forecast_30d/src/inference/physics_aware_forecaster.py:387: FutureWarning: 'H' is deprecated and will be removed in a future version, please use 'h' instead.
  hourly_weather = weather_df[['timestamp_utc'] + weather_numeric_cols].set_index('timestamp_utc').resample('1H').mean().reset_index()

[STEP 2/4] Running long-head TFT (strategic: 720 hours @ 1-hour)...
          Long-head shape: (720,)
          Upsampling long-head to 15-min resolution...
          Long upsampled shape: (2880,)

[STEP 3/4] Rolling short-head refinement (30 days × 96 steps)...
          Day  5/30: α_short=0.65, α_long=0.35, α_ml=0.69
          Day 10/30: α_short=0.50, α_long=0.50, α_ml=0.66
          Day 15/30: α_short=0.35, α_long=0.65, α_ml=0.64
          Day 20/30: α_short=0.35, α_long=0.65, α_ml=0.61
          Day 25/30: α_short=0.35, α_long=0.65, α_ml=0.59
          Day 30/30: α_short=0.35, α_long=0.65, α_ml=0.56
          Final forecast shape: (2880,)
          Final range: [0.000, 0.613]

[STEP 4/4] Validation...
         ✓ Shape correct (2880 steps)
         ✓ Range valid [0.000, 0.613]
         ✓ All night hours zero
         ✓ Daylight mean: 0.331

[SUCCESS] Hierarchical 30-day forecast complete!
          Total TFT calls: 1 long-head + 30 short-head = 31

[INFO] Hierarchical 30-day forecast starting 2024-06-02 00:00:00+00:00
[INFO] Fetching live weather from OpenMeteo API...
                [Auto-selected ECMWF API for 15-day forecast]
[WeatherClient] Fetching 15-day ECMWF forecast
                Location: (48.6946°N, 12.5976°E)
                Period: 2024-06-02 → 2024-06-17
                Tilt/Azimuth: 25.0° / 180.0°
                API: ECMWF
[ERROR] Live weather fetch failed: OpenMeteo API call failed: {'reason': "Parameter 'start_date' is out of allowed range from 2025-10-06 to 2026-01-22", 'error': True}
[ERROR] Falling back to test weather data if available
       Architecture: Long-head (strategic) + 30× Short-head (tactical) + Physics

[PREP] Preparing data for multi-resolution inference...
       Input frequency detected: 15min
       Resampling to hourly for long-head...
       Hourly shape: historical=(720, 28), weather=(720, 32)

[STEP 1/4] Computing PVLib physics baseline (2880 steps @ 15-min)...
          Weather window: 2880 steps (2024-06-02 00:00:00+00:00 → 2024-07-01 23:45:00+00:00)
          Using pre-computed PVLib baseline (pvlib_ac_kw column)
          PVLib shape: (2880,), range: [0.000, 0.886]

[STEP 2/4] Running long-head TFT (strategic: 720 hours @ 1-hour)...
          Long-head shape: (720,)
          Upsampling long-head to 15-min resolution...
          Long upsampled shape: (2880,)

[STEP 3/4] Rolling short-head refinement (30 days × 96 steps)...
          Day  5/30: α_short=0.65, α_long=0.35, α_ml=0.69
          Day 10/30: α_short=0.50, α_long=0.50, α_ml=0.66
          Day 15/30: α_short=0.35, α_long=0.65, α_ml=0.64
          Day 20/30: α_short=0.35, α_long=0.65, α_ml=0.61
          Day 25/30: α_short=0.35, α_long=0.65, α_ml=0.59
          Day 30/30: α_short=0.35, α_long=0.65, α_ml=0.56
          Final forecast shape: (2880,)
          Final range: [0.000, 0.611]

[STEP 4/4] Validation...
         ✓ Shape correct (2880 steps)
         ✓ Range valid [0.000, 0.611]
         ✓ All night hours zero
         ✓ Daylight mean: 0.333

[SUCCESS] Hierarchical 30-day forecast complete!
          Total TFT calls: 1 long-head + 30 short-head = 31

[INFO] Hierarchical 30-day forecast starting 2024-06-03 00:00:00+00:00
[INFO] Fetching live weather from OpenMeteo API...
                [Auto-selected ECMWF API for 15-day forecast]
[WeatherClient] Fetching 15-day ECMWF forecast
                Location: (48.6946°N, 12.5976°E)
                Period: 2024-06-03 → 2024-06-18
                Tilt/Azimuth: 25.0° / 180.0°
                API: ECMWF
[ERROR] Live weather fetch failed: OpenMeteo API call failed: {'reason': "Parameter 'start_date' is out of allowed range from 2025-10-06 to 2026-01-22", 'error': True}
[ERROR] Falling back to test weather data if available
       Architecture: Long-head (strategic) + 30× Short-head (tactical) + Physics

[PREP] Preparing data for multi-resolution inference...
       Input frequency detected: 15min
       Resampling to hourly for long-head...
       Hourly shape: historical=(720, 28), weather=(720, 32)

[STEP 1/4] Computing PVLib physics baseline (2880 steps @ 15-min)...
          Weather window: 2880 steps (2024-06-03 00:00:00+00:00 → 2024-07-02 23:45:00+00:00)
          Using pre-computed PVLib baseline (pvlib_ac_kw column)
          PVLib shape: (2880,), range: [0.000, 0.886]

[STEP 2/4] Running long-head TFT (strategic: 720 hours @ 1-hour)...
          Long-head shape: (720,)
          Upsampling long-head to 15-min resolution...
          Long upsampled shape: (2880,)

[STEP 3/4] Rolling short-head refinement (30 days × 96 steps)...
          Day  5/30: α_short=0.65, α_long=0.35, α_ml=0.69
          Day 10/30: α_short=0.50, α_long=0.50, α_ml=0.66
          Day 15/30: α_short=0.35, α_long=0.65, α_ml=0.64
          Day 20/30: α_short=0.35, α_long=0.65, α_ml=0.61
          Day 25/30: α_short=0.35, α_long=0.65, α_ml=0.59
          Day 30/30: α_short=0.35, α_long=0.65, α_ml=0.56
          Final forecast shape: (2880,)
          Final range: [0.000, 0.609]

[STEP 4/4] Validation...
         ✓ Shape correct (2880 steps)
         ✓ Range valid [0.000, 0.609]
         ✓ All night hours zero
         ✓ Daylight mean: 0.334

[SUCCESS] Hierarchical 30-day forecast complete!
          Total TFT calls: 1 long-head + 30 short-head = 31

[INFO] Hierarchical 30-day forecast starting 2024-06-04 00:00:00+00:00
[INFO] Fetching live weather from OpenMeteo API...
                [Auto-selected ECMWF API for 15-day forecast]
[WeatherClient] Fetching 15-day ECMWF forecast
                Location: (48.6946°N, 12.5976°E)
                Period: 2024-06-04 → 2024-06-19
                Tilt/Azimuth: 25.0° / 180.0°
                API: ECMWF
[ERROR] Live weather fetch failed: OpenMeteo API call failed: {'reason': "Parameter 'start_date' is out of allowed range from 2025-10-06 to 2026-01-22", 'error': True}
[ERROR] Falling back to test weather data if available
       Architecture: Long-head (strategic) + 30× Short-head (tactical) + Physics

[PREP] Preparing data for multi-resolution inference...
       Input frequency detected: 15min
       Resampling to hourly for long-head...
       Hourly shape: historical=(720, 28), weather=(720, 32)

[STEP 1/4] Computing PVLib physics baseline (2880 steps @ 15-min)...
          Weather window: 2880 steps (2024-06-04 00:00:00+00:00 → 2024-07-03 23:45:00+00:00)
          Using pre-computed PVLib baseline (pvlib_ac_kw column)
          PVLib shape: (2880,), range: [0.000, 0.886]

[STEP 2/4] Running long-head TFT (strategic: 720 hours @ 1-hour)...
          Long-head shape: (720,)
          Upsampling long-head to 15-min resolution...
          Long upsampled shape: (2880,)

[STEP 3/4] Rolling short-head refinement (30 days × 96 steps)...
          Day  5/30: α_short=0.65, α_long=0.35, α_ml=0.69
          Day 10/30: α_short=0.50, α_long=0.50, α_ml=0.66
          Day 15/30: α_short=0.35, α_long=0.65, α_ml=0.64
          Day 20/30: α_short=0.35, α_long=0.65, α_ml=0.61
          Day 25/30: α_short=0.35, α_long=0.65, α_ml=0.59
          Day 30/30: α_short=0.35, α_long=0.65, α_ml=0.56
          Final forecast shape: (2880,)
          Final range: [0.000, 0.607]

[STEP 4/4] Validation...
         ✓ Shape correct (2880 steps)
         ✓ Range valid [0.000, 0.607]
         ✓ All night hours zero
         ✓ Daylight mean: 0.335

[SUCCESS] Hierarchical 30-day forecast complete!
          Total TFT calls: 1 long-head + 30 short-head = 31

[INFO] Hierarchical 30-day forecast starting 2024-06-05 00:00:00+00:00
[INFO] Fetching live weather from OpenMeteo API...
                [Auto-selected ECMWF API for 15-day forecast]
[WeatherClient] Fetching 15-day ECMWF forecast
                Location: (48.6946°N, 12.5976°E)
                Period: 2024-06-05 → 2024-06-20
                Tilt/Azimuth: 25.0° / 180.0°
                API: ECMWF
[ERROR] Live weather fetch failed: OpenMeteo API call failed: {'error': True, 'reason': "Parameter 'start_date' is out of allowed range from 2025-10-06 to 2026-01-22"}
/home/dwijenayake/pv_forecast_30d/src/inference/physics_aware_forecaster.py:386: FutureWarning: 'H' is deprecated and will be removed in a future version, please use 'h' instead.
  hourly_hist = historical_df[['timestamp_utc'] + hist_numeric_cols].set_index('timestamp_utc').resample('1H').mean().reset_index()
/home/dwijenayake/pv_forecast_30d/src/inference/physics_aware_forecaster.py:387: FutureWarning: 'H' is deprecated and will be removed in a future version, please use 'h' instead.
  hourly_weather = weather_df[['timestamp_utc'] + weather_numeric_cols].set_index('timestamp_utc').resample('1H').mean().reset_index()
/home/dwijenayake/pv_forecast_30d/src/inference/physics_aware_forecaster.py:386: FutureWarning: 'H' is deprecated and will be removed in a future version, please use 'h' instead.
  hourly_hist = historical_df[['timestamp_utc'] + hist_numeric_cols].set_index('timestamp_utc').resample('1H').mean().reset_index()
/home/dwijenayake/pv_forecast_30d/src/inference/physics_aware_forecaster.py:387: FutureWarning: 'H' is deprecated and will be removed in a future version, please use 'h' instead.
  hourly_weather = weather_df[['timestamp_utc'] + weather_numeric_cols].set_index('timestamp_utc').resample('1H').mean().reset_index()
/home/dwijenayake/pv_forecast_30d/src/inference/physics_aware_forecaster.py:386: FutureWarning: 'H' is deprecated and will be removed in a future version, please use 'h' instead.
  hourly_hist = historical_df[['timestamp_utc'] + hist_numeric_cols].set_index('timestamp_utc').resample('1H').mean().reset_index()
/home/dwijenayake/pv_forecast_30d/src/inference/physics_aware_forecaster.py:387: FutureWarning: 'H' is deprecated and will be removed in a future version, please use 'h' instead.
  hourly_weather = weather_df[['timestamp_utc'] + weather_numeric_cols].set_index('timestamp_utc').resample('1H').mean().reset_index()
/home/dwijenayake/pv_forecast_30d/src/inference/physics_aware_forecaster.py:386: FutureWarning: 'H' is deprecated and will be removed in a future version, please use 'h' instead.
  hourly_hist = historical_df[['timestamp_utc'] + hist_numeric_cols].set_index('timestamp_utc').resample('1H').mean().reset_index()
/home/dwijenayake/pv_forecast_30d/src/inference/physics_aware_forecaster.py:387: FutureWarning: 'H' is deprecated and will be removed in a future version, please use 'h' instead.
  hourly_weather = weather_df[['timestamp_utc'] + weather_numeric_cols].set_index('timestamp_utc').resample('1H').mean().reset_index()
[ERROR] Falling back to test weather data if available
       Architecture: Long-head (strategic) + 30× Short-head (tactical) + Physics

[PREP] Preparing data for multi-resolution inference...
       Input frequency detected: 15min
       Resampling to hourly for long-head...
       Hourly shape: historical=(720, 28), weather=(720, 32)

[STEP 1/4] Computing PVLib physics baseline (2880 steps @ 15-min)...
          Weather window: 2880 steps (2024-06-05 00:00:00+00:00 → 2024-07-04 23:45:00+00:00)
          Using pre-computed PVLib baseline (pvlib_ac_kw column)
          PVLib shape: (2880,), range: [0.000, 0.886]

[STEP 2/4] Running long-head TFT (strategic: 720 hours @ 1-hour)...
          Long-head shape: (720,)
          Upsampling long-head to 15-min resolution...
          Long upsampled shape: (2880,)

[STEP 3/4] Rolling short-head refinement (30 days × 96 steps)...
          Day  5/30: α_short=0.65, α_long=0.35, α_ml=0.69
          Day 10/30: α_short=0.50, α_long=0.50, α_ml=0.66
          Day 15/30: α_short=0.35, α_long=0.65, α_ml=0.64
          Day 20/30: α_short=0.35, α_long=0.65, α_ml=0.61
          Day 25/30: α_short=0.35, α_long=0.65, α_ml=0.59
          Day 30/30: α_short=0.35, α_long=0.65, α_ml=0.56
          Final forecast shape: (2880,)
          Final range: [0.000, 0.616]

[STEP 4/4] Validation...
         ✓ Shape correct (2880 steps)
         ✓ Range valid [0.000, 0.616]
         ✓ All night hours zero
         ✓ Daylight mean: 0.332

[SUCCESS] Hierarchical 30-day forecast complete!
          Total TFT calls: 1 long-head + 30 short-head = 31

[INFO] Hierarchical 30-day forecast starting 2024-06-06 00:00:00+00:00
[INFO] Fetching live weather from OpenMeteo API...
                [Auto-selected ECMWF API for 15-day forecast]
[WeatherClient] Fetching 15-day ECMWF forecast
                Location: (48.6946°N, 12.5976°E)
                Period: 2024-06-06 → 2024-06-21
                Tilt/Azimuth: 25.0° / 180.0°
                API: ECMWF
[ERROR] Live weather fetch failed: OpenMeteo API call failed: {'error': True, 'reason': "Parameter 'start_date' is out of allowed range from 2025-10-06 to 2026-01-22"}
[ERROR] Falling back to test weather data if available
       Architecture: Long-head (strategic) + 30× Short-head (tactical) + Physics

[PREP] Preparing data for multi-resolution inference...
       Input frequency detected: 15min
       Resampling to hourly for long-head...
       Hourly shape: historical=(720, 28), weather=(720, 32)

[STEP 1/4] Computing PVLib physics baseline (2880 steps @ 15-min)...
          Weather window: 2880 steps (2024-06-06 00:00:00+00:00 → 2024-07-05 23:45:00+00:00)
          Using pre-computed PVLib baseline (pvlib_ac_kw column)
          PVLib shape: (2880,), range: [0.000, 0.886]

[STEP 2/4] Running long-head TFT (strategic: 720 hours @ 1-hour)...
          Long-head shape: (720,)
          Upsampling long-head to 15-min resolution...
          Long upsampled shape: (2880,)

[STEP 3/4] Rolling short-head refinement (30 days × 96 steps)...
          Day  5/30: α_short=0.65, α_long=0.35, α_ml=0.69
          Day 10/30: α_short=0.50, α_long=0.50, α_ml=0.66
          Day 15/30: α_short=0.35, α_long=0.65, α_ml=0.64
          Day 20/30: α_short=0.35, α_long=0.65, α_ml=0.61
          Day 25/30: α_short=0.35, α_long=0.65, α_ml=0.59
          Day 30/30: α_short=0.35, α_long=0.65, α_ml=0.56
          Final forecast shape: (2880,)
          Final range: [0.000, 0.619]

[STEP 4/4] Validation...
         ✓ Shape correct (2880 steps)
         ✓ Range valid [0.000, 0.619]
         ✓ All night hours zero
         ✓ Daylight mean: 0.331

[SUCCESS] Hierarchical 30-day forecast complete!
          Total TFT calls: 1 long-head + 30 short-head = 31

[INFO] Hierarchical 30-day forecast starting 2024-06-07 00:00:00+00:00
[INFO] Fetching live weather from OpenMeteo API...
                [Auto-selected ECMWF API for 15-day forecast]
[WeatherClient] Fetching 15-day ECMWF forecast
                Location: (48.6946°N, 12.5976°E)
                Period: 2024-06-07 → 2024-06-22
                Tilt/Azimuth: 25.0° / 180.0°
                API: ECMWF
[ERROR] Live weather fetch failed: OpenMeteo API call failed: {'error': True, 'reason': "Parameter 'start_date' is out of allowed range from 2025-10-06 to 2026-01-22"}
[ERROR] Falling back to test weather data if available
       Architecture: Long-head (strategic) + 30× Short-head (tactical) + Physics

[PREP] Preparing data for multi-resolution inference...
       Input frequency detected: 15min
       Resampling to hourly for long-head...
       Hourly shape: historical=(720, 28), weather=(720, 32)

[STEP 1/4] Computing PVLib physics baseline (2880 steps @ 15-min)...
          Weather window: 2880 steps (2024-06-07 00:00:00+00:00 → 2024-07-06 23:45:00+00:00)
          Using pre-computed PVLib baseline (pvlib_ac_kw column)
          PVLib shape: (2880,), range: [0.000, 0.886]

[STEP 2/4] Running long-head TFT (strategic: 720 hours @ 1-hour)...
          Long-head shape: (720,)
          Upsampling long-head to 15-min resolution...
          Long upsampled shape: (2880,)

[STEP 3/4] Rolling short-head refinement (30 days × 96 steps)...
          Day  5/30: α_short=0.65, α_long=0.35, α_ml=0.69
          Day 10/30: α_short=0.50, α_long=0.50, α_ml=0.66
          Day 15/30: α_short=0.35, α_long=0.65, α_ml=0.64
          Day 20/30: α_short=0.35, α_long=0.65, α_ml=0.61
          Day 25/30: α_short=0.35, α_long=0.65, α_ml=0.59
          Day 30/30: α_short=0.35, α_long=0.65, α_ml=0.56
          Final forecast shape: (2880,)
          Final range: [0.000, 0.617]

[STEP 4/4] Validation...
         ✓ Shape correct (2880 steps)
         ✓ Range valid [0.000, 0.617]
         ✓ All night hours zero
         ✓ Daylight mean: 0.332

[SUCCESS] Hierarchical 30-day forecast complete!
          Total TFT calls: 1 long-head + 30 short-head = 31

[INFO] Hierarchical 30-day forecast starting 2024-06-08 00:00:00+00:00
[INFO] Fetching live weather from OpenMeteo API...
                [Auto-selected ECMWF API for 15-day forecast]
[WeatherClient] Fetching 15-day ECMWF forecast
                Location: (48.6946°N, 12.5976°E)
                Period: 2024-06-08 → 2024-06-23
                Tilt/Azimuth: 25.0° / 180.0°
                API: ECMWF
[ERROR] Live weather fetch failed: OpenMeteo API call failed: {'reason': "Parameter 'start_date' is out of allowed range from 2025-10-06 to 2026-01-22", 'error': True}
[ERROR] Falling back to test weather data if available
       Architecture: Long-head (strategic) + 30× Short-head (tactical) + Physics

[PREP] Preparing data for multi-resolution inference...
       Input frequency detected: 15min
       Resampling to hourly for long-head...
       Hourly shape: historical=(720, 28), weather=(720, 32)

[STEP 1/4] Computing PVLib physics baseline (2880 steps @ 15-min)...
          Weather window: 2880 steps (2024-06-08 00:00:00+00:00 → 2024-07-07 23:45:00+00:00)
          Using pre-computed PVLib baseline (pvlib_ac_kw column)
          PVLib shape: (2880,), range: [0.000, 0.886]

[STEP 2/4] Running long-head TFT (strategic: 720 hours @ 1-hour)...
          Long-head shape: (720,)
          Upsampling long-head to 15-min resolution...
          Long upsampled shape: (2880,)

[STEP 3/4] Rolling short-head refinement (30 days × 96 steps)...
          Day  5/30: α_short=0.65, α_long=0.35, α_ml=0.69
          Day 10/30: α_short=0.50, α_long=0.50, α_ml=0.66
          Day 15/30: α_short=0.35, α_long=0.65, α_ml=0.64
          Day 20/30: α_short=0.35, α_long=0.65, α_ml=0.61
          Day 25/30: α_short=0.35, α_long=0.65, α_ml=0.59
          Day 30/30: α_short=0.35, α_long=0.65, α_ml=0.56
          Final forecast shape: (2880,)
          Final range: [0.000, 0.615]

[STEP 4/4] Validation...
         ✓ Shape correct (2880 steps)
         ✓ Range valid [0.000, 0.615]
         ✓ All night hours zero
         ✓ Daylight mean: 0.326

[SUCCESS] Hierarchical 30-day forecast complete!
          Total TFT calls: 1 long-head + 30 short-head = 31
/home/dwijenayake/pv_forecast_30d/src/inference/physics_aware_forecaster.py:386: FutureWarning: 'H' is deprecated and will be removed in a future version, please use 'h' instead.
  hourly_hist = historical_df[['timestamp_utc'] + hist_numeric_cols].set_index('timestamp_utc').resample('1H').mean().reset_index()
/home/dwijenayake/pv_forecast_30d/src/inference/physics_aware_forecaster.py:387: FutureWarning: 'H' is deprecated and will be removed in a future version, please use 'h' instead.
  hourly_weather = weather_df[['timestamp_utc'] + weather_numeric_cols].set_index('timestamp_utc').resample('1H').mean().reset_index()
/home/dwijenayake/pv_forecast_30d/src/inference/physics_aware_forecaster.py:386: FutureWarning: 'H' is deprecated and will be removed in a future version, please use 'h' instead.
  hourly_hist = historical_df[['timestamp_utc'] + hist_numeric_cols].set_index('timestamp_utc').resample('1H').mean().reset_index()
/home/dwijenayake/pv_forecast_30d/src/inference/physics_aware_forecaster.py:387: FutureWarning: 'H' is deprecated and will be removed in a future version, please use 'h' instead.
  hourly_weather = weather_df[['timestamp_utc'] + weather_numeric_cols].set_index('timestamp_utc').resample('1H').mean().reset_index()
/home/dwijenayake/pv_forecast_30d/src/inference/physics_aware_forecaster.py:386: FutureWarning: 'H' is deprecated and will be removed in a future version, please use 'h' instead.
  hourly_hist = historical_df[['timestamp_utc'] + hist_numeric_cols].set_index('timestamp_utc').resample('1H').mean().reset_index()
/home/dwijenayake/pv_forecast_30d/src/inference/physics_aware_forecaster.py:387: FutureWarning: 'H' is deprecated and will be removed in a future version, please use 'h' instead.
  hourly_weather = weather_df[['timestamp_utc'] + weather_numeric_cols].set_index('timestamp_utc').resample('1H').mean().reset_index()
/home/dwijenayake/pv_forecast_30d/src/inference/physics_aware_forecaster.py:386: FutureWarning: 'H' is deprecated and will be removed in a future version, please use 'h' instead.
  hourly_hist = historical_df[['timestamp_utc'] + hist_numeric_cols].set_index('timestamp_utc').resample('1H').mean().reset_index()
/home/dwijenayake/pv_forecast_30d/src/inference/physics_aware_forecaster.py:387: FutureWarning: 'H' is deprecated and will be removed in a future version, please use 'h' instead.
  hourly_weather = weather_df[['timestamp_utc'] + weather_numeric_cols].set_index('timestamp_utc').resample('1H').mean().reset_index()

[INFO] Hierarchical 30-day forecast starting 2024-06-09 00:00:00+00:00
[INFO] Fetching live weather from OpenMeteo API...
                [Auto-selected ECMWF API for 15-day forecast]
[WeatherClient] Fetching 15-day ECMWF forecast
                Location: (48.6946°N, 12.5976°E)
                Period: 2024-06-09 → 2024-06-24
                Tilt/Azimuth: 25.0° / 180.0°
                API: ECMWF
[ERROR] Live weather fetch failed: OpenMeteo API call failed: {'error': True, 'reason': "Parameter 'start_date' is out of allowed range from 2025-10-06 to 2026-01-22"}
[ERROR] Falling back to test weather data if available
       Architecture: Long-head (strategic) + 30× Short-head (tactical) + Physics

[PREP] Preparing data for multi-resolution inference...
       Input frequency detected: 15min
       Resampling to hourly for long-head...
       Hourly shape: historical=(720, 28), weather=(720, 32)

[STEP 1/4] Computing PVLib physics baseline (2880 steps @ 15-min)...
          Weather window: 2880 steps (2024-06-09 00:00:00+00:00 → 2024-07-08 23:45:00+00:00)
          Using pre-computed PVLib baseline (pvlib_ac_kw column)
          PVLib shape: (2880,), range: [0.000, 0.886]

[STEP 2/4] Running long-head TFT (strategic: 720 hours @ 1-hour)...
          Long-head shape: (720,)
          Upsampling long-head to 15-min resolution...
          Long upsampled shape: (2880,)

[STEP 3/4] Rolling short-head refinement (30 days × 96 steps)...
          Day  5/30: α_short=0.65, α_long=0.35, α_ml=0.69
          Day 10/30: α_short=0.50, α_long=0.50, α_ml=0.66
          Day 15/30: α_short=0.35, α_long=0.65, α_ml=0.64
          Day 20/30: α_short=0.35, α_long=0.65, α_ml=0.61
          Day 25/30: α_short=0.35, α_long=0.65, α_ml=0.59
          Day 30/30: α_short=0.35, α_long=0.65, α_ml=0.56
          Final forecast shape: (2880,)
          Final range: [0.000, 0.636]

[STEP 4/4] Validation...
         ✓ Shape correct (2880 steps)
         ✓ Range valid [0.000, 0.636]
         ✓ All night hours zero
         ✓ Daylight mean: 0.326

[SUCCESS] Hierarchical 30-day forecast complete!
          Total TFT calls: 1 long-head + 30 short-head = 31

[INFO] Hierarchical 30-day forecast starting 2024-06-10 00:00:00+00:00
[INFO] Fetching live weather from OpenMeteo API...
                [Auto-selected ECMWF API for 15-day forecast]
[WeatherClient] Fetching 15-day ECMWF forecast
                Location: (48.6946°N, 12.5976°E)
                Period: 2024-06-10 → 2024-06-25
                Tilt/Azimuth: 25.0° / 180.0°
                API: ECMWF
[ERROR] Live weather fetch failed: OpenMeteo API call failed: {'error': True, 'reason': "Parameter 'start_date' is out of allowed range from 2025-10-06 to 2026-01-22"}
[ERROR] Falling back to test weather data if available
       Architecture: Long-head (strategic) + 30× Short-head (tactical) + Physics

[PREP] Preparing data for multi-resolution inference...
       Input frequency detected: 15min
       Resampling to hourly for long-head...
       Hourly shape: historical=(720, 28), weather=(720, 32)

[STEP 1/4] Computing PVLib physics baseline (2880 steps @ 15-min)...
          Weather window: 2880 steps (2024-06-10 00:00:00+00:00 → 2024-07-09 23:45:00+00:00)
          Using pre-computed PVLib baseline (pvlib_ac_kw column)
          PVLib shape: (2880,), range: [0.000, 0.886]

[STEP 2/4] Running long-head TFT (strategic: 720 hours @ 1-hour)...
          Long-head shape: (720,)
          Upsampling long-head to 15-min resolution...
          Long upsampled shape: (2880,)

[STEP 3/4] Rolling short-head refinement (30 days × 96 steps)...
          Day  5/30: α_short=0.65, α_long=0.35, α_ml=0.69
          Day 10/30: α_short=0.50, α_long=0.50, α_ml=0.66
          Day 15/30: α_short=0.35, α_long=0.65, α_ml=0.64
          Day 20/30: α_short=0.35, α_long=0.65, α_ml=0.61
          Day 25/30: α_short=0.35, α_long=0.65, α_ml=0.59
          Day 30/30: α_short=0.35, α_long=0.65, α_ml=0.56
          Final forecast shape: (2880,)
          Final range: [0.000, 0.639]

[STEP 4/4] Validation...
         ✓ Shape correct (2880 steps)
         ✓ Range valid [0.000, 0.639]
         ✓ All night hours zero
         ✓ Daylight mean: 0.331

[SUCCESS] Hierarchical 30-day forecast complete!
          Total TFT calls: 1 long-head + 30 short-head = 31

[INFO] Hierarchical 30-day forecast starting 2024-06-11 00:00:00+00:00
[INFO] Fetching live weather from OpenMeteo API...
                [Auto-selected ECMWF API for 15-day forecast]
[WeatherClient] Fetching 15-day ECMWF forecast
                Location: (48.6946°N, 12.5976°E)
                Period: 2024-06-11 → 2024-06-26
                Tilt/Azimuth: 25.0° / 180.0°
                API: ECMWF
[ERROR] Live weather fetch failed: OpenMeteo API call failed: {'error': True, 'reason': "Parameter 'start_date' is out of allowed range from 2025-10-06 to 2026-01-22"}
[ERROR] Falling back to test weather data if available
       Architecture: Long-head (strategic) + 30× Short-head (tactical) + Physics

[PREP] Preparing data for multi-resolution inference...
       Input frequency detected: 15min
       Resampling to hourly for long-head...
       Hourly shape: historical=(720, 28), weather=(720, 32)

[STEP 1/4] Computing PVLib physics baseline (2880 steps @ 15-min)...
          Weather window: 2880 steps (2024-06-11 00:00:00+00:00 → 2024-07-10 23:45:00+00:00)
          Using pre-computed PVLib baseline (pvlib_ac_kw column)
          PVLib shape: (2880,), range: [0.000, 0.886]

[STEP 2/4] Running long-head TFT (strategic: 720 hours @ 1-hour)...
          Long-head shape: (720,)
          Upsampling long-head to 15-min resolution...
          Long upsampled shape: (2880,)

[STEP 3/4] Rolling short-head refinement (30 days × 96 steps)...
          Day  5/30: α_short=0.65, α_long=0.35, α_ml=0.69
          Day 10/30: α_short=0.50, α_long=0.50, α_ml=0.66
          Day 15/30: α_short=0.35, α_long=0.65, α_ml=0.64
          Day 20/30: α_short=0.35, α_long=0.65, α_ml=0.61
          Day 25/30: α_short=0.35, α_long=0.65, α_ml=0.59
          Day 30/30: α_short=0.35, α_long=0.65, α_ml=0.56
          Final forecast shape: (2880,)
          Final range: [0.000, 0.636]

[STEP 4/4] Validation...
         ✓ Shape correct (2880 steps)
         ✓ Range valid [0.000, 0.636]
         ✓ All night hours zero
         ✓ Daylight mean: 0.332

[SUCCESS] Hierarchical 30-day forecast complete!
          Total TFT calls: 1 long-head + 30 short-head = 31

[INFO] Hierarchical 30-day forecast starting 2024-06-12 00:00:00+00:00
[INFO] Fetching live weather from OpenMeteo API...
                [Auto-selected ECMWF API for 15-day forecast]
[WeatherClient] Fetching 15-day ECMWF forecast
                Location: (48.6946°N, 12.5976°E)
                Period: 2024-06-12 → 2024-06-27
                Tilt/Azimuth: 25.0° / 180.0°
                API: ECMWF
[ERROR] Live weather fetch failed: OpenMeteo API call failed: {'reason': "Parameter 'start_date' is out of allowed range from 2025-10-06 to 2026-01-22", 'error': True}
[ERROR] Falling back to test weather data if available
       Architecture: Long-head (strategic) + 30× Short-head (tactical) + Physics

[PREP] Preparing data for multi-resolution inference...
       Input frequency detected: 15min
       Resampling to hourly for long-head...
       Hourly shape: historical=(720, 28), weather=(720, 32)

[STEP 1/4] Computing PVLib physics baseline (2880 steps @ 15-min)...
          Weather window: 2880 steps (2024-06-12 00:00:00+00:00 → 2024-07-11 23:45:00+00:00)
          Using pre-computed PVLib baseline (pvlib_ac_kw column)
          PVLib shape: (2880,), range: [0.000, 0.886]

[STEP 2/4] Running long-head TFT (strategic: 720 hours @ 1-hour)...
          Long-head shape: (720,)
          Upsampling long-head to 15-min resolution...
          Long upsampled shape: (2880,)

[STEP 3/4] Rolling short-head refinement (30 days × 96 steps)...
          Day  5/30: α_short=0.65, α_long=0.35, α_ml=0.69
          Day 10/30: α_short=0.50, α_long=0.50, α_ml=0.66
/home/dwijenayake/pv_forecast_30d/src/inference/physics_aware_forecaster.py:386: FutureWarning: 'H' is deprecated and will be removed in a future version, please use 'h' instead.
  hourly_hist = historical_df[['timestamp_utc'] + hist_numeric_cols].set_index('timestamp_utc').resample('1H').mean().reset_index()
/home/dwijenayake/pv_forecast_30d/src/inference/physics_aware_forecaster.py:387: FutureWarning: 'H' is deprecated and will be removed in a future version, please use 'h' instead.
  hourly_weather = weather_df[['timestamp_utc'] + weather_numeric_cols].set_index('timestamp_utc').resample('1H').mean().reset_index()
/home/dwijenayake/pv_forecast_30d/src/inference/physics_aware_forecaster.py:386: FutureWarning: 'H' is deprecated and will be removed in a future version, please use 'h' instead.
  hourly_hist = historical_df[['timestamp_utc'] + hist_numeric_cols].set_index('timestamp_utc').resample('1H').mean().reset_index()
/home/dwijenayake/pv_forecast_30d/src/inference/physics_aware_forecaster.py:387: FutureWarning: 'H' is deprecated and will be removed in a future version, please use 'h' instead.
  hourly_weather = weather_df[['timestamp_utc'] + weather_numeric_cols].set_index('timestamp_utc').resample('1H').mean().reset_index()
/home/dwijenayake/pv_forecast_30d/src/inference/physics_aware_forecaster.py:386: FutureWarning: 'H' is deprecated and will be removed in a future version, please use 'h' instead.
  hourly_hist = historical_df[['timestamp_utc'] + hist_numeric_cols].set_index('timestamp_utc').resample('1H').mean().reset_index()
/home/dwijenayake/pv_forecast_30d/src/inference/physics_aware_forecaster.py:387: FutureWarning: 'H' is deprecated and will be removed in a future version, please use 'h' instead.
  hourly_weather = weather_df[['timestamp_utc'] + weather_numeric_cols].set_index('timestamp_utc').resample('1H').mean().reset_index()
/home/dwijenayake/pv_forecast_30d/src/inference/physics_aware_forecaster.py:386: FutureWarning: 'H' is deprecated and will be removed in a future version, please use 'h' instead.
  hourly_hist = historical_df[['timestamp_utc'] + hist_numeric_cols].set_index('timestamp_utc').resample('1H').mean().reset_index()
/home/dwijenayake/pv_forecast_30d/src/inference/physics_aware_forecaster.py:387: FutureWarning: 'H' is deprecated and will be removed in a future version, please use 'h' instead.
  hourly_weather = weather_df[['timestamp_utc'] + weather_numeric_cols].set_index('timestamp_utc').resample('1H').mean().reset_index()
          Day 15/30: α_short=0.35, α_long=0.65, α_ml=0.64
          Day 20/30: α_short=0.35, α_long=0.65, α_ml=0.61
          Day 25/30: α_short=0.35, α_long=0.65, α_ml=0.59
          Day 30/30: α_short=0.35, α_long=0.65, α_ml=0.56
          Final forecast shape: (2880,)
          Final range: [0.000, 0.659]

[STEP 4/4] Validation...
         ✓ Shape correct (2880 steps)
         ✓ Range valid [0.000, 0.659]
         ✓ All night hours zero
         ✓ Daylight mean: 0.339

[SUCCESS] Hierarchical 30-day forecast complete!
          Total TFT calls: 1 long-head + 30 short-head = 31

[INFO] Hierarchical 30-day forecast starting 2024-06-13 00:00:00+00:00
[INFO] Fetching live weather from OpenMeteo API...
                [Auto-selected ECMWF API for 15-day forecast]
[WeatherClient] Fetching 15-day ECMWF forecast
                Location: (48.6946°N, 12.5976°E)
                Period: 2024-06-13 → 2024-06-28
                Tilt/Azimuth: 25.0° / 180.0°
                API: ECMWF
[ERROR] Live weather fetch failed: OpenMeteo API call failed: {'error': True, 'reason': "Parameter 'start_date' is out of allowed range from 2025-10-06 to 2026-01-22"}
[ERROR] Falling back to test weather data if available
       Architecture: Long-head (strategic) + 30× Short-head (tactical) + Physics

[PREP] Preparing data for multi-resolution inference...
       Input frequency detected: 15min
       Resampling to hourly for long-head...
       Hourly shape: historical=(720, 28), weather=(720, 32)

[STEP 1/4] Computing PVLib physics baseline (2880 steps @ 15-min)...
          Weather window: 2880 steps (2024-06-13 00:00:00+00:00 → 2024-07-12 23:45:00+00:00)
          Using pre-computed PVLib baseline (pvlib_ac_kw column)
          PVLib shape: (2880,), range: [0.000, 0.886]

[STEP 2/4] Running long-head TFT (strategic: 720 hours @ 1-hour)...
          Long-head shape: (720,)
          Upsampling long-head to 15-min resolution...
          Long upsampled shape: (2880,)

[STEP 3/4] Rolling short-head refinement (30 days × 96 steps)...
          Day  5/30: α_short=0.65, α_long=0.35, α_ml=0.69
          Day 10/30: α_short=0.50, α_long=0.50, α_ml=0.66
          Day 15/30: α_short=0.35, α_long=0.65, α_ml=0.64
          Day 20/30: α_short=0.35, α_long=0.65, α_ml=0.61
          Day 25/30: α_short=0.35, α_long=0.65, α_ml=0.59
          Day 30/30: α_short=0.35, α_long=0.65, α_ml=0.56
          Final forecast shape: (2880,)
          Final range: [0.000, 0.670]

[STEP 4/4] Validation...
         ✓ Shape correct (2880 steps)
         ✓ Range valid [0.000, 0.670]
         ✓ All night hours zero
         ✓ Daylight mean: 0.338

[SUCCESS] Hierarchical 30-day forecast complete!
          Total TFT calls: 1 long-head + 30 short-head = 31

[INFO] Hierarchical 30-day forecast starting 2024-06-14 00:00:00+00:00
[INFO] Fetching live weather from OpenMeteo API...
                [Auto-selected ECMWF API for 15-day forecast]
[WeatherClient] Fetching 15-day ECMWF forecast
                Location: (48.6946°N, 12.5976°E)
                Period: 2024-06-14 → 2024-06-29
                Tilt/Azimuth: 25.0° / 180.0°
                API: ECMWF
[ERROR] Live weather fetch failed: OpenMeteo API call failed: {'error': True, 'reason': "Parameter 'start_date' is out of allowed range from 2025-10-06 to 2026-01-22"}
[ERROR] Falling back to test weather data if available
       Architecture: Long-head (strategic) + 30× Short-head (tactical) + Physics

[PREP] Preparing data for multi-resolution inference...
       Input frequency detected: 15min
       Resampling to hourly for long-head...
       Hourly shape: historical=(720, 28), weather=(720, 32)

[STEP 1/4] Computing PVLib physics baseline (2880 steps @ 15-min)...
          Weather window: 2880 steps (2024-06-14 00:00:00+00:00 → 2024-07-13 23:45:00+00:00)
          Using pre-computed PVLib baseline (pvlib_ac_kw column)
          PVLib shape: (2880,), range: [0.000, 0.886]

[STEP 2/4] Running long-head TFT (strategic: 720 hours @ 1-hour)...
          Long-head shape: (720,)
          Upsampling long-head to 15-min resolution...
          Long upsampled shape: (2880,)

[STEP 3/4] Rolling short-head refinement (30 days × 96 steps)...
          Day  5/30: α_short=0.65, α_long=0.35, α_ml=0.69
          Day 10/30: α_short=0.50, α_long=0.50, α_ml=0.66
          Day 15/30: α_short=0.35, α_long=0.65, α_ml=0.64
          Day 20/30: α_short=0.35, α_long=0.65, α_ml=0.61
          Day 25/30: α_short=0.35, α_long=0.65, α_ml=0.59
          Day 30/30: α_short=0.35, α_long=0.65, α_ml=0.56
          Final forecast shape: (2880,)
          Final range: [0.000, 0.669]

[STEP 4/4] Validation...
         ✓ Shape correct (2880 steps)
         ✓ Range valid [0.000, 0.669]
         ✓ All night hours zero
         ✓ Daylight mean: 0.338

[SUCCESS] Hierarchical 30-day forecast complete!
          Total TFT calls: 1 long-head + 30 short-head = 31

[INFO] Hierarchical 30-day forecast starting 2024-06-15 00:00:00+00:00
[INFO] Fetching live weather from OpenMeteo API...
                [Auto-selected ECMWF API for 15-day forecast]
[WeatherClient] Fetching 15-day ECMWF forecast
                Location: (48.6946°N, 12.5976°E)
                Period: 2024-06-15 → 2024-06-30
                Tilt/Azimuth: 25.0° / 180.0°
                API: ECMWF
[ERROR] Live weather fetch failed: OpenMeteo API call failed: {'error': True, 'reason': "Parameter 'start_date' is out of allowed range from 2025-10-06 to 2026-01-22"}
[ERROR] Falling back to test weather data if available
       Architecture: Long-head (strategic) + 30× Short-head (tactical) + Physics

[PREP] Preparing data for multi-resolution inference...
       Input frequency detected: 15min
       Resampling to hourly for long-head...
       Hourly shape: historical=(720, 28), weather=(720, 32)

[STEP 1/4] Computing PVLib physics baseline (2880 steps @ 15-min)...
          Weather window: 2880 steps (2024-06-15 00:00:00+00:00 → 2024-07-14 23:45:00+00:00)
          Using pre-computed PVLib baseline (pvlib_ac_kw column)
          PVLib shape: (2880,), range: [0.000, 0.886]

[STEP 2/4] Running long-head TFT (strategic: 720 hours @ 1-hour)...
          Long-head shape: (720,)
          Upsampling long-head to 15-min resolution...
          Long upsampled shape: (2880,)

[STEP 3/4] Rolling short-head refinement (30 days × 96 steps)...
          Day  5/30: α_short=0.65, α_long=0.35, α_ml=0.69
          Day 10/30: α_short=0.50, α_long=0.50, α_ml=0.66
          Day 15/30: α_short=0.35, α_long=0.65, α_ml=0.64
          Day 20/30: α_short=0.35, α_long=0.65, α_ml=0.61
          Day 25/30: α_short=0.35, α_long=0.65, α_ml=0.59
          Day 30/30: α_short=0.35, α_long=0.65, α_ml=0.56
          Final forecast shape: (2880,)
          Final range: [0.000, 0.667]

[STEP 4/4] Validation...
         ✓ Shape correct (2880 steps)
         ✓ Range valid [0.000, 0.667]
         ✓ All night hours zero
         ✓ Daylight mean: 0.345

[SUCCESS] Hierarchical 30-day forecast complete!
          Total TFT calls: 1 long-head + 30 short-head = 31

[INFO] Hierarchical 30-day forecast starting 2024-06-16 00:00:00+00:00
[INFO] Fetching live weather from OpenMeteo API...
                [Auto-selected ECMWF API for 15-day forecast]
[WeatherClient] Fetching 15-day ECMWF forecast
                Location: (48.6946°N, 12.5976°E)
                Period: 2024-06-16 → 2024-07-01
                Tilt/Azimuth: 25.0° / 180.0°
                API: ECMWF
[ERROR] Live weather fetch failed: OpenMeteo API call failed: {'reason': "Parameter 'start_date' is out of allowed range from 2025-10-06 to 2026-01-22", 'error': True}
[ERROR] Falling back to test weather data if available
       Architecture: Long-head (strategic) + 30× Short-head (tactical) + Physics

[PREP] Preparing data for multi-resolution inference...
       Input frequency detected: 15min
       Resampling to hourly for long-head...
       Hourly shape: historical=(720, 28), weather=(720, 32)

[STEP 1/4] Computing PVLib physics baseline (2880 steps @ 15-min)...
/home/dwijenayake/pv_forecast_30d/src/inference/physics_aware_forecaster.py:386: FutureWarning: 'H' is deprecated and will be removed in a future version, please use 'h' instead.
  hourly_hist = historical_df[['timestamp_utc'] + hist_numeric_cols].set_index('timestamp_utc').resample('1H').mean().reset_index()
/home/dwijenayake/pv_forecast_30d/src/inference/physics_aware_forecaster.py:387: FutureWarning: 'H' is deprecated and will be removed in a future version, please use 'h' instead.
  hourly_weather = weather_df[['timestamp_utc'] + weather_numeric_cols].set_index('timestamp_utc').resample('1H').mean().reset_index()
/home/dwijenayake/pv_forecast_30d/src/inference/physics_aware_forecaster.py:386: FutureWarning: 'H' is deprecated and will be removed in a future version, please use 'h' instead.
  hourly_hist = historical_df[['timestamp_utc'] + hist_numeric_cols].set_index('timestamp_utc').resample('1H').mean().reset_index()
/home/dwijenayake/pv_forecast_30d/src/inference/physics_aware_forecaster.py:387: FutureWarning: 'H' is deprecated and will be removed in a future version, please use 'h' instead.
  hourly_weather = weather_df[['timestamp_utc'] + weather_numeric_cols].set_index('timestamp_utc').resample('1H').mean().reset_index()
/home/dwijenayake/pv_forecast_30d/src/inference/physics_aware_forecaster.py:386: FutureWarning: 'H' is deprecated and will be removed in a future version, please use 'h' instead.
  hourly_hist = historical_df[['timestamp_utc'] + hist_numeric_cols].set_index('timestamp_utc').resample('1H').mean().reset_index()
/home/dwijenayake/pv_forecast_30d/src/inference/physics_aware_forecaster.py:387: FutureWarning: 'H' is deprecated and will be removed in a future version, please use 'h' instead.
  hourly_weather = weather_df[['timestamp_utc'] + weather_numeric_cols].set_index('timestamp_utc').resample('1H').mean().reset_index()
          Weather window: 2880 steps (2024-06-16 00:00:00+00:00 → 2024-07-15 23:45:00+00:00)
          Using pre-computed PVLib baseline (pvlib_ac_kw column)
          PVLib shape: (2880,), range: [0.000, 0.886]

[STEP 2/4] Running long-head TFT (strategic: 720 hours @ 1-hour)...
          Long-head shape: (720,)
          Upsampling long-head to 15-min resolution...
          Long upsampled shape: (2880,)

[STEP 3/4] Rolling short-head refinement (30 days × 96 steps)...
          Day  5/30: α_short=0.65, α_long=0.35, α_ml=0.69
          Day 10/30: α_short=0.50, α_long=0.50, α_ml=0.66
          Day 15/30: α_short=0.35, α_long=0.65, α_ml=0.64
          Day 20/30: α_short=0.35, α_long=0.65, α_ml=0.61
          Day 25/30: α_short=0.35, α_long=0.65, α_ml=0.59
          Day 30/30: α_short=0.35, α_long=0.65, α_ml=0.56
          Final forecast shape: (2880,)
          Final range: [0.000, 0.689]

[STEP 4/4] Validation...
         ✓ Shape correct (2880 steps)
         ✓ Range valid [0.000, 0.689]
         ✓ All night hours zero
         ✓ Daylight mean: 0.351

[SUCCESS] Hierarchical 30-day forecast complete!
          Total TFT calls: 1 long-head + 30 short-head = 31

[INFO] Hierarchical 30-day forecast starting 2024-06-17 00:00:00+00:00
[INFO] Fetching live weather from OpenMeteo API...
                [Auto-selected ECMWF API for 15-day forecast]
[WeatherClient] Fetching 15-day ECMWF forecast
                Location: (48.6946°N, 12.5976°E)
                Period: 2024-06-17 → 2024-07-02
                Tilt/Azimuth: 25.0° / 180.0°
                API: ECMWF
[ERROR] Live weather fetch failed: OpenMeteo API call failed: {'error': True, 'reason': "Parameter 'start_date' is out of allowed range from 2025-10-06 to 2026-01-22"}
[ERROR] Falling back to test weather data if available
       Architecture: Long-head (strategic) + 30× Short-head (tactical) + Physics

[PREP] Preparing data for multi-resolution inference...
       Input frequency detected: 15min
       Resampling to hourly for long-head...
       Hourly shape: historical=(720, 28), weather=(720, 32)

[STEP 1/4] Computing PVLib physics baseline (2880 steps @ 15-min)...
          Weather window: 2880 steps (2024-06-17 00:00:00+00:00 → 2024-07-16 23:45:00+00:00)
          Using pre-computed PVLib baseline (pvlib_ac_kw column)
          PVLib shape: (2880,), range: [0.000, 0.886]

[STEP 2/4] Running long-head TFT (strategic: 720 hours @ 1-hour)...
          Long-head shape: (720,)
          Upsampling long-head to 15-min resolution...
          Long upsampled shape: (2880,)

[STEP 3/4] Rolling short-head refinement (30 days × 96 steps)...
          Day  5/30: α_short=0.65, α_long=0.35, α_ml=0.69
          Day 10/30: α_short=0.50, α_long=0.50, α_ml=0.66
          Day 15/30: α_short=0.35, α_long=0.65, α_ml=0.64
          Day 20/30: α_short=0.35, α_long=0.65, α_ml=0.61
          Day 25/30: α_short=0.35, α_long=0.65, α_ml=0.59
          Day 30/30: α_short=0.35, α_long=0.65, α_ml=0.56
          Final forecast shape: (2880,)
          Final range: [0.000, 0.688]

[STEP 4/4] Validation...
         ✓ Shape correct (2880 steps)
         ✓ Range valid [0.000, 0.688]
         ✓ All night hours zero
         ✓ Daylight mean: 0.352

[SUCCESS] Hierarchical 30-day forecast complete!
          Total TFT calls: 1 long-head + 30 short-head = 31

[INFO] Hierarchical 30-day forecast starting 2024-06-18 00:00:00+00:00
[INFO] Fetching live weather from OpenMeteo API...
                [Auto-selected ECMWF API for 15-day forecast]
[WeatherClient] Fetching 15-day ECMWF forecast
                Location: (48.6946°N, 12.5976°E)
                Period: 2024-06-18 → 2024-07-03
                Tilt/Azimuth: 25.0° / 180.0°
                API: ECMWF
[ERROR] Live weather fetch failed: OpenMeteo API call failed: {'error': True, 'reason': "Parameter 'start_date' is out of allowed range from 2025-10-06 to 2026-01-22"}
[ERROR] Falling back to test weather data if available
       Architecture: Long-head (strategic) + 30× Short-head (tactical) + Physics

[PREP] Preparing data for multi-resolution inference...
       Input frequency detected: 15min
       Resampling to hourly for long-head...
       Hourly shape: historical=(720, 28), weather=(720, 32)

[STEP 1/4] Computing PVLib physics baseline (2880 steps @ 15-min)...
          Weather window: 2880 steps (2024-06-18 00:00:00+00:00 → 2024-07-17 23:45:00+00:00)
          Using pre-computed PVLib baseline (pvlib_ac_kw column)
          PVLib shape: (2880,), range: [0.000, 0.886]

[STEP 2/4] Running long-head TFT (strategic: 720 hours @ 1-hour)...
          Long-head shape: (720,)
          Upsampling long-head to 15-min resolution...
          Long upsampled shape: (2880,)

[STEP 3/4] Rolling short-head refinement (30 days × 96 steps)...
          Day  5/30: α_short=0.65, α_long=0.35, α_ml=0.69
          Day 10/30: α_short=0.50, α_long=0.50, α_ml=0.66
          Day 15/30: α_short=0.35, α_long=0.65, α_ml=0.64
          Day 20/30: α_short=0.35, α_long=0.65, α_ml=0.61
          Day 25/30: α_short=0.35, α_long=0.65, α_ml=0.59
          Day 30/30: α_short=0.35, α_long=0.65, α_ml=0.56
          Final forecast shape: (2880,)
          Final range: [0.000, 0.686]

[STEP 4/4] Validation...
         ✓ Shape correct (2880 steps)
         ✓ Range valid [0.000, 0.686]
         ✓ All night hours zero
         ✓ Daylight mean: 0.350

[SUCCESS] Hierarchical 30-day forecast complete!
          Total TFT calls: 1 long-head + 30 short-head = 31

[INFO] Hierarchical 30-day forecast starting 2024-06-19 00:00:00+00:00
[INFO] Fetching live weather from OpenMeteo API...
                [Auto-selected ECMWF API for 15-day forecast]
[WeatherClient] Fetching 15-day ECMWF forecast
                Location: (48.6946°N, 12.5976°E)
                Period: 2024-06-19 → 2024-07-04
                Tilt/Azimuth: 25.0° / 180.0°
                API: ECMWF
[ERROR] Live weather fetch failed: OpenMeteo API call failed: {'reason': "Parameter 'start_date' is out of allowed range from 2025-10-06 to 2026-01-22", 'error': True}
[ERROR] Falling back to test weather data if available
       Architecture: Long-head (strategic) + 30× Short-head (tactical) + Physics

[PREP] Preparing data for multi-resolution inference...
       Input frequency detected: 15min
       Resampling to hourly for long-head...
       Hourly shape: historical=(720, 28), weather=(720, 32)

[STEP 1/4] Computing PVLib physics baseline (2880 steps @ 15-min)...
          Weather window: 2880 steps (2024-06-19 00:00:00+00:00 → 2024-07-18 23:45:00+00:00)
          Using pre-computed PVLib baseline (pvlib_ac_kw column)
          PVLib shape: (2880,), range: [0.000, 0.886]

[STEP 2/4] Running long-head TFT (strategic: 720 hours @ 1-hour)...
          Long-head shape: (720,)
          Upsampling long-head to 15-min resolution...
          Long upsampled shape: (2880,)

[STEP 3/4] Rolling short-head refinement (30 days × 96 steps)...
          Day  5/30: α_short=0.65, α_long=0.35, α_ml=0.69
          Day 10/30: α_short=0.50, α_long=0.50, α_ml=0.66
          Day 15/30: α_short=0.35, α_long=0.65, α_ml=0.64
          Day 20/30: α_short=0.35, α_long=0.65, α_ml=0.61
          Day 25/30: α_short=0.35, α_long=0.65, α_ml=0.59
          Day 30/30: α_short=0.35, α_long=0.65, α_ml=0.56
          Final forecast shape: (2880,)
          Final range: [0.000, 0.704]

[STEP 4/4] Validation...
         ✓ Shape correct (2880 steps)
         ✓ Range valid [0.000, 0.704]
         ✓ All night hours zero
         ✓ Daylight mean: 0.350

[SUCCESS] Hierarchical 30-day forecast complete!
          Total TFT calls: 1 long-head + 30 short-head = 31

[INFO] Hierarchical 30-day forecast starting 2024-06-20 00:00:00+00:00
[INFO] Fetching live weather from OpenMeteo API...
                [Auto-selected ECMWF API for 15-day forecast]
[WeatherClient] Fetching 15-day ECMWF forecast
                Location: (48.6946°N, 12.5976°E)
                Period: 2024-06-20 → 2024-07-05
                Tilt/Azimuth: 25.0° / 180.0°
                API: ECMWF
/home/dwijenayake/pv_forecast_30d/src/inference/physics_aware_forecaster.py:386: FutureWarning: 'H' is deprecated and will be removed in a future version, please use 'h' instead.
  hourly_hist = historical_df[['timestamp_utc'] + hist_numeric_cols].set_index('timestamp_utc').resample('1H').mean().reset_index()
/home/dwijenayake/pv_forecast_30d/src/inference/physics_aware_forecaster.py:387: FutureWarning: 'H' is deprecated and will be removed in a future version, please use 'h' instead.
  hourly_weather = weather_df[['timestamp_utc'] + weather_numeric_cols].set_index('timestamp_utc').resample('1H').mean().reset_index()
/home/dwijenayake/pv_forecast_30d/src/inference/physics_aware_forecaster.py:386: FutureWarning: 'H' is deprecated and will be removed in a future version, please use 'h' instead.
  hourly_hist = historical_df[['timestamp_utc'] + hist_numeric_cols].set_index('timestamp_utc').resample('1H').mean().reset_index()
/home/dwijenayake/pv_forecast_30d/src/inference/physics_aware_forecaster.py:387: FutureWarning: 'H' is deprecated and will be removed in a future version, please use 'h' instead.
  hourly_weather = weather_df[['timestamp_utc'] + weather_numeric_cols].set_index('timestamp_utc').resample('1H').mean().reset_index()
/home/dwijenayake/pv_forecast_30d/src/inference/physics_aware_forecaster.py:386: FutureWarning: 'H' is deprecated and will be removed in a future version, please use 'h' instead.
  hourly_hist = historical_df[['timestamp_utc'] + hist_numeric_cols].set_index('timestamp_utc').resample('1H').mean().reset_index()
/home/dwijenayake/pv_forecast_30d/src/inference/physics_aware_forecaster.py:387: FutureWarning: 'H' is deprecated and will be removed in a future version, please use 'h' instead.
  hourly_weather = weather_df[['timestamp_utc'] + weather_numeric_cols].set_index('timestamp_utc').resample('1H').mean().reset_index()
/home/dwijenayake/pv_forecast_30d/src/inference/physics_aware_forecaster.py:386: FutureWarning: 'H' is deprecated and will be removed in a future version, please use 'h' instead.
  hourly_hist = historical_df[['timestamp_utc'] + hist_numeric_cols].set_index('timestamp_utc').resample('1H').mean().reset_index()
/home/dwijenayake/pv_forecast_30d/src/inference/physics_aware_forecaster.py:387: FutureWarning: 'H' is deprecated and will be removed in a future version, please use 'h' instead.
  hourly_weather = weather_df[['timestamp_utc'] + weather_numeric_cols].set_index('timestamp_utc').resample('1H').mean().reset_index()
[ERROR] Live weather fetch failed: OpenMeteo API call failed: {'error': True, 'reason': "Parameter 'start_date' is out of allowed range from 2025-10-06 to 2026-01-22"}
[ERROR] Falling back to test weather data if available
       Architecture: Long-head (strategic) + 30× Short-head (tactical) + Physics

[PREP] Preparing data for multi-resolution inference...
       Input frequency detected: 15min
       Resampling to hourly for long-head...
       Hourly shape: historical=(720, 28), weather=(720, 32)

[STEP 1/4] Computing PVLib physics baseline (2880 steps @ 15-min)...
          Weather window: 2880 steps (2024-06-20 00:00:00+00:00 → 2024-07-19 23:45:00+00:00)
          Using pre-computed PVLib baseline (pvlib_ac_kw column)
          PVLib shape: (2880,), range: [0.000, 0.886]

[STEP 2/4] Running long-head TFT (strategic: 720 hours @ 1-hour)...
          Long-head shape: (720,)
          Upsampling long-head to 15-min resolution...
          Long upsampled shape: (2880,)

[STEP 3/4] Rolling short-head refinement (30 days × 96 steps)...
          Day  5/30: α_short=0.65, α_long=0.35, α_ml=0.69
          Day 10/30: α_short=0.50, α_long=0.50, α_ml=0.66
          Day 15/30: α_short=0.35, α_long=0.65, α_ml=0.64
          Day 20/30: α_short=0.35, α_long=0.65, α_ml=0.61
          Day 25/30: α_short=0.35, α_long=0.65, α_ml=0.59
          Day 30/30: α_short=0.35, α_long=0.65, α_ml=0.56
          Final forecast shape: (2880,)
          Final range: [0.000, 0.702]

[STEP 4/4] Validation...
         ✓ Shape correct (2880 steps)
         ✓ Range valid [0.000, 0.702]
         ✓ All night hours zero
         ✓ Daylight mean: 0.350

[SUCCESS] Hierarchical 30-day forecast complete!
          Total TFT calls: 1 long-head + 30 short-head = 31

[INFO] Hierarchical 30-day forecast starting 2024-06-21 00:00:00+00:00
[INFO] Fetching live weather from OpenMeteo API...
                [Auto-selected ECMWF API for 15-day forecast]
[WeatherClient] Fetching 15-day ECMWF forecast
                Location: (48.6946°N, 12.5976°E)
                Period: 2024-06-21 → 2024-07-06
                Tilt/Azimuth: 25.0° / 180.0°
                API: ECMWF
[ERROR] Live weather fetch failed: OpenMeteo API call failed: {'reason': "Parameter 'start_date' is out of allowed range from 2025-10-06 to 2026-01-22", 'error': True}
[ERROR] Falling back to test weather data if available
       Architecture: Long-head (strategic) + 30× Short-head (tactical) + Physics

[PREP] Preparing data for multi-resolution inference...
       Input frequency detected: 15min
       Resampling to hourly for long-head...
       Hourly shape: historical=(720, 28), weather=(720, 32)

[STEP 1/4] Computing PVLib physics baseline (2880 steps @ 15-min)...
          Weather window: 2880 steps (2024-06-21 00:00:00+00:00 → 2024-07-20 23:45:00+00:00)
          Using pre-computed PVLib baseline (pvlib_ac_kw column)
          PVLib shape: (2880,), range: [0.000, 0.886]

[STEP 2/4] Running long-head TFT (strategic: 720 hours @ 1-hour)...
          Long-head shape: (720,)
          Upsampling long-head to 15-min resolution...
          Long upsampled shape: (2880,)

[STEP 3/4] Rolling short-head refinement (30 days × 96 steps)...
          Day  5/30: α_short=0.65, α_long=0.35, α_ml=0.69
          Day 10/30: α_short=0.50, α_long=0.50, α_ml=0.66
          Day 15/30: α_short=0.35, α_long=0.65, α_ml=0.64
          Day 20/30: α_short=0.35, α_long=0.65, α_ml=0.61
          Day 25/30: α_short=0.35, α_long=0.65, α_ml=0.59
          Day 30/30: α_short=0.35, α_long=0.65, α_ml=0.56
          Final forecast shape: (2880,)
          Final range: [0.000, 0.701]

[STEP 4/4] Validation...
         ✓ Shape correct (2880 steps)
         ✓ Range valid [0.000, 0.701]
         ✓ All night hours zero
         ✓ Daylight mean: 0.350

[SUCCESS] Hierarchical 30-day forecast complete!
          Total TFT calls: 1 long-head + 30 short-head = 31

[INFO] Hierarchical 30-day forecast starting 2024-06-22 00:00:00+00:00
[INFO] Fetching live weather from OpenMeteo API...
                [Auto-selected ECMWF API for 15-day forecast]
[WeatherClient] Fetching 15-day ECMWF forecast
                Location: (48.6946°N, 12.5976°E)
                Period: 2024-06-22 → 2024-07-07
                Tilt/Azimuth: 25.0° / 180.0°
                API: ECMWF
[ERROR] Live weather fetch failed: OpenMeteo API call failed: {'error': True, 'reason': "Parameter 'start_date' is out of allowed range from 2025-10-06 to 2026-01-22"}
[ERROR] Falling back to test weather data if available
       Architecture: Long-head (strategic) + 30× Short-head (tactical) + Physics

[PREP] Preparing data for multi-resolution inference...
       Input frequency detected: 15min
       Resampling to hourly for long-head...
       Hourly shape: historical=(720, 28), weather=(720, 32)

[STEP 1/4] Computing PVLib physics baseline (2880 steps @ 15-min)...
          Weather window: 2880 steps (2024-06-22 00:00:00+00:00 → 2024-07-21 23:45:00+00:00)
          Using pre-computed PVLib baseline (pvlib_ac_kw column)
          PVLib shape: (2880,), range: [0.000, 0.886]

[STEP 2/4] Running long-head TFT (strategic: 720 hours @ 1-hour)...
          Long-head shape: (720,)
          Upsampling long-head to 15-min resolution...
          Long upsampled shape: (2880,)

[STEP 3/4] Rolling short-head refinement (30 days × 96 steps)...
          Day  5/30: α_short=0.65, α_long=0.35, α_ml=0.69
          Day 10/30: α_short=0.50, α_long=0.50, α_ml=0.66
          Day 15/30: α_short=0.35, α_long=0.65, α_ml=0.64
          Day 20/30: α_short=0.35, α_long=0.65, α_ml=0.61
          Day 25/30: α_short=0.35, α_long=0.65, α_ml=0.59
          Day 30/30: α_short=0.35, α_long=0.65, α_ml=0.56
          Final forecast shape: (2880,)
          Final range: [0.000, 0.700]

[STEP 4/4] Validation...
         ✓ Shape correct (2880 steps)
         ✓ Range valid [0.000, 0.700]
         ✓ All night hours zero
         ✓ Daylight mean: 0.353

[SUCCESS] Hierarchical 30-day forecast complete!
          Total TFT calls: 1 long-head + 30 short-head = 31

[INFO] Hierarchical 30-day forecast starting 2024-06-23 00:00:00+00:00
[INFO] Fetching live weather from OpenMeteo API...
                [Auto-selected ECMWF API for 15-day forecast]
[WeatherClient] Fetching 15-day ECMWF forecast
                Location: (48.6946°N, 12.5976°E)
                Period: 2024-06-23 → 2024-07-08
                Tilt/Azimuth: 25.0° / 180.0°
                API: ECMWF
[ERROR] Live weather fetch failed: OpenMeteo API call failed: {'reason': "Parameter 'start_date' is out of allowed range from 2025-10-06 to 2026-01-22", 'error': True}
[ERROR] Falling back to test weather data if available
       Architecture: Long-head (strategic) + 30× Short-head (tactical) + Physics

[PREP] Preparing data for multi-resolution inference...
       Input frequency detected: 15min
       Resampling to hourly for long-head...
       Hourly shape: historical=(720, 28), weather=(720, 32)

[STEP 1/4] Computing PVLib physics baseline (2880 steps @ 15-min)...
          Weather window: 2880 steps (2024-06-23 00:00:00+00:00 → 2024-07-22 23:45:00+00:00)
          Using pre-computed PVLib baseline (pvlib_ac_kw column)
          PVLib shape: (2880,), range: [0.000, 0.863]

[STEP 2/4] Running long-head TFT (strategic: 720 hours @ 1-hour)...
          Long-head shape: (720,)
          Upsampling long-head to 15-min resolution...
          Long upsampled shape: (2880,)

[STEP 3/4] Rolling short-head refinement (30 days × 96 steps)...
          Day  5/30: α_short=0.65, α_long=0.35, α_ml=0.69
          Day 10/30: α_short=0.50, α_long=0.50, α_ml=0.66
          Day 15/30: α_short=0.35, α_long=0.65, α_ml=0.64
          Day 20/30: α_short=0.35, α_long=0.65, α_ml=0.61
          Day 25/30: α_short=0.35, α_long=0.65, α_ml=0.59
          Day 30/30: α_short=0.35, α_long=0.65, α_ml=0.56
          Final forecast shape: (2880,)
          Final range: [0.000, 0.698]

[STEP 4/4] Validation...
         ✓ Shape correct (2880 steps)
         ✓ Range valid [0.000, 0.698]
/home/dwijenayake/pv_forecast_30d/src/inference/physics_aware_forecaster.py:386: FutureWarning: 'H' is deprecated and will be removed in a future version, please use 'h' instead.
  hourly_hist = historical_df[['timestamp_utc'] + hist_numeric_cols].set_index('timestamp_utc').resample('1H').mean().reset_index()
/home/dwijenayake/pv_forecast_30d/src/inference/physics_aware_forecaster.py:387: FutureWarning: 'H' is deprecated and will be removed in a future version, please use 'h' instead.
  hourly_weather = weather_df[['timestamp_utc'] + weather_numeric_cols].set_index('timestamp_utc').resample('1H').mean().reset_index()
/home/dwijenayake/pv_forecast_30d/src/inference/physics_aware_forecaster.py:386: FutureWarning: 'H' is deprecated and will be removed in a future version, please use 'h' instead.
  hourly_hist = historical_df[['timestamp_utc'] + hist_numeric_cols].set_index('timestamp_utc').resample('1H').mean().reset_index()
/home/dwijenayake/pv_forecast_30d/src/inference/physics_aware_forecaster.py:387: FutureWarning: 'H' is deprecated and will be removed in a future version, please use 'h' instead.
  hourly_weather = weather_df[['timestamp_utc'] + weather_numeric_cols].set_index('timestamp_utc').resample('1H').mean().reset_index()
/home/dwijenayake/pv_forecast_30d/src/inference/physics_aware_forecaster.py:386: FutureWarning: 'H' is deprecated and will be removed in a future version, please use 'h' instead.
  hourly_hist = historical_df[['timestamp_utc'] + hist_numeric_cols].set_index('timestamp_utc').resample('1H').mean().reset_index()
/home/dwijenayake/pv_forecast_30d/src/inference/physics_aware_forecaster.py:387: FutureWarning: 'H' is deprecated and will be removed in a future version, please use 'h' instead.
  hourly_weather = weather_df[['timestamp_utc'] + weather_numeric_cols].set_index('timestamp_utc').resample('1H').mean().reset_index()
/home/dwijenayake/pv_forecast_30d/src/inference/physics_aware_forecaster.py:386: FutureWarning: 'H' is deprecated and will be removed in a future version, please use 'h' instead.
  hourly_hist = historical_df[['timestamp_utc'] + hist_numeric_cols].set_index('timestamp_utc').resample('1H').mean().reset_index()
/home/dwijenayake/pv_forecast_30d/src/inference/physics_aware_forecaster.py:387: FutureWarning: 'H' is deprecated and will be removed in a future version, please use 'h' instead.
  hourly_weather = weather_df[['timestamp_utc'] + weather_numeric_cols].set_index('timestamp_utc').resample('1H').mean().reset_index()
         ✓ All night hours zero
         ✓ Daylight mean: 0.348

[SUCCESS] Hierarchical 30-day forecast complete!
          Total TFT calls: 1 long-head + 30 short-head = 31

[INFO] Hierarchical 30-day forecast starting 2024-06-24 00:00:00+00:00
[INFO] Fetching live weather from OpenMeteo API...
                [Auto-selected ECMWF API for 15-day forecast]
[WeatherClient] Fetching 15-day ECMWF forecast
                Location: (48.6946°N, 12.5976°E)
                Period: 2024-06-24 → 2024-07-09
                Tilt/Azimuth: 25.0° / 180.0°
                API: ECMWF
[ERROR] Live weather fetch failed: OpenMeteo API call failed: {'error': True, 'reason': "Parameter 'start_date' is out of allowed range from 2025-10-06 to 2026-01-22"}
[ERROR] Falling back to test weather data if available
       Architecture: Long-head (strategic) + 30× Short-head (tactical) + Physics

[PREP] Preparing data for multi-resolution inference...
       Input frequency detected: 15min
       Resampling to hourly for long-head...
       Hourly shape: historical=(720, 28), weather=(720, 32)

[STEP 1/4] Computing PVLib physics baseline (2880 steps @ 15-min)...
          Weather window: 2880 steps (2024-06-24 00:00:00+00:00 → 2024-07-23 23:45:00+00:00)
          Using pre-computed PVLib baseline (pvlib_ac_kw column)
          PVLib shape: (2880,), range: [0.000, 0.863]

[STEP 2/4] Running long-head TFT (strategic: 720 hours @ 1-hour)...
          Long-head shape: (720,)
          Upsampling long-head to 15-min resolution...
          Long upsampled shape: (2880,)

[STEP 3/4] Rolling short-head refinement (30 days × 96 steps)...
          Day  5/30: α_short=0.65, α_long=0.35, α_ml=0.69
          Day 10/30: α_short=0.50, α_long=0.50, α_ml=0.66
          Day 15/30: α_short=0.35, α_long=0.65, α_ml=0.64
          Day 20/30: α_short=0.35, α_long=0.65, α_ml=0.61
          Day 25/30: α_short=0.35, α_long=0.65, α_ml=0.59
          Day 30/30: α_short=0.35, α_long=0.65, α_ml=0.56
          Final forecast shape: (2880,)
          Final range: [0.000, 0.697]

[STEP 4/4] Validation...
         ✓ Shape correct (2880 steps)
         ✓ Range valid [0.000, 0.697]
         ✓ All night hours zero
         ✓ Daylight mean: 0.345

[SUCCESS] Hierarchical 30-day forecast complete!
          Total TFT calls: 1 long-head + 30 short-head = 31

[INFO] Hierarchical 30-day forecast starting 2024-06-25 00:00:00+00:00
[INFO] Fetching live weather from OpenMeteo API...
                [Auto-selected ECMWF API for 15-day forecast]
[WeatherClient] Fetching 15-day ECMWF forecast
                Location: (48.6946°N, 12.5976°E)
                Period: 2024-06-25 → 2024-07-10
                Tilt/Azimuth: 25.0° / 180.0°
                API: ECMWF
[ERROR] Live weather fetch failed: OpenMeteo API call failed: {'error': True, 'reason': "Parameter 'start_date' is out of allowed range from 2025-10-06 to 2026-01-22"}
[ERROR] Falling back to test weather data if available
       Architecture: Long-head (strategic) + 30× Short-head (tactical) + Physics

[PREP] Preparing data for multi-resolution inference...
       Input frequency detected: 15min
       Resampling to hourly for long-head...
       Hourly shape: historical=(720, 28), weather=(720, 32)

[STEP 1/4] Computing PVLib physics baseline (2880 steps @ 15-min)...
          Weather window: 2880 steps (2024-06-25 00:00:00+00:00 → 2024-07-24 23:45:00+00:00)
          Using pre-computed PVLib baseline (pvlib_ac_kw column)
          PVLib shape: (2880,), range: [0.000, 0.863]

[STEP 2/4] Running long-head TFT (strategic: 720 hours @ 1-hour)...
          Long-head shape: (720,)
          Upsampling long-head to 15-min resolution...
          Long upsampled shape: (2880,)

[STEP 3/4] Rolling short-head refinement (30 days × 96 steps)...
          Day  5/30: α_short=0.65, α_long=0.35, α_ml=0.69
          Day 10/30: α_short=0.50, α_long=0.50, α_ml=0.66
          Day 15/30: α_short=0.35, α_long=0.65, α_ml=0.64
          Day 20/30: α_short=0.35, α_long=0.65, α_ml=0.61
          Day 25/30: α_short=0.35, α_long=0.65, α_ml=0.59
          Day 30/30: α_short=0.35, α_long=0.65, α_ml=0.56
          Final forecast shape: (2880,)
          Final range: [0.000, 0.692]

[STEP 4/4] Validation...
         ✓ Shape correct (2880 steps)
         ✓ Range valid [0.000, 0.692]
         ✓ All night hours zero
         ✓ Daylight mean: 0.342

[SUCCESS] Hierarchical 30-day forecast complete!
          Total TFT calls: 1 long-head + 30 short-head = 31

[INFO] Hierarchical 30-day forecast starting 2024-06-26 00:00:00+00:00
[INFO] Fetching live weather from OpenMeteo API...
                [Auto-selected ECMWF API for 15-day forecast]
[WeatherClient] Fetching 15-day ECMWF forecast
                Location: (48.6946°N, 12.5976°E)
                Period: 2024-06-26 → 2024-07-11
                Tilt/Azimuth: 25.0° / 180.0°
                API: ECMWF
[ERROR] Live weather fetch failed: OpenMeteo API call failed: {'error': True, 'reason': "Parameter 'start_date' is out of allowed range from 2025-10-06 to 2026-01-22"}
[ERROR] Falling back to test weather data if available
       Architecture: Long-head (strategic) + 30× Short-head (tactical) + Physics

[PREP] Preparing data for multi-resolution inference...
       Input frequency detected: 15min
       Resampling to hourly for long-head...
       Hourly shape: historical=(720, 28), weather=(720, 32)

[STEP 1/4] Computing PVLib physics baseline (2880 steps @ 15-min)...
          Weather window: 2880 steps (2024-06-26 00:00:00+00:00 → 2024-07-25 23:45:00+00:00)
          Using pre-computed PVLib baseline (pvlib_ac_kw column)
          PVLib shape: (2880,), range: [0.000, 0.857]

[STEP 2/4] Running long-head TFT (strategic: 720 hours @ 1-hour)...
          Long-head shape: (720,)
          Upsampling long-head to 15-min resolution...
          Long upsampled shape: (2880,)

[STEP 3/4] Rolling short-head refinement (30 days × 96 steps)...
          Day  5/30: α_short=0.65, α_long=0.35, α_ml=0.69
          Day 10/30: α_short=0.50, α_long=0.50, α_ml=0.66
          Day 15/30: α_short=0.35, α_long=0.65, α_ml=0.64
          Day 20/30: α_short=0.35, α_long=0.65, α_ml=0.61
          Day 25/30: α_short=0.35, α_long=0.65, α_ml=0.59
          Day 30/30: α_short=0.35, α_long=0.65, α_ml=0.56
          Final forecast shape: (2880,)
          Final range: [0.000, 0.683]

[STEP 4/4] Validation...
         ✓ Shape correct (2880 steps)
         ✓ Range valid [0.000, 0.683]
         ✓ All night hours zero
         ✓ Daylight mean: 0.341

[SUCCESS] Hierarchical 30-day forecast complete!
          Total TFT calls: 1 long-head + 30 short-head = 31

[INFO] Hierarchical 30-day forecast starting 2024-06-27 00:00:00+00:00
[INFO] Fetching live weather from OpenMeteo API...
                [Auto-selected ECMWF API for 15-day forecast]
[WeatherClient] Fetching 15-day ECMWF forecast
                Location: (48.6946°N, 12.5976°E)
                Period: 2024-06-27 → 2024-07-12
                Tilt/Azimuth: 25.0° / 180.0°
                API: ECMWF
[ERROR] Live weather fetch failed: OpenMeteo API call failed: {'error': True, 'reason': "Parameter 'start_date' is out of allowed range from 2025-10-06 to 2026-01-22"}
[ERROR] Falling back to test weather data if available
       Architecture: Long-head (strategic) + 30× Short-head (tactical) + Physics

[PREP] Preparing data for multi-resolution inference...
       Input frequency detected: 15min
       Resampling to hourly for long-head...
       Hourly shape: historical=(720, 28), weather=(720, 32)

[STEP 1/4] Computing PVLib physics baseline (2880 steps @ 15-min)...
          Weather window: 2880 steps (2024-06-27 00:00:00+00:00 → 2024-07-26 23:45:00+00:00)
          Using pre-computed PVLib baseline (pvlib_ac_kw column)
          PVLib shape: (2880,), range: [0.000, 0.857]

[STEP 2/4] Running long-head TFT (strategic: 720 hours @ 1-hour)...
          Long-head shape: (720,)
          Upsampling long-head to 15-min resolution...
          Long upsampled shape: (2880,)
/home/dwijenayake/pv_forecast_30d/src/inference/physics_aware_forecaster.py:386: FutureWarning: 'H' is deprecated and will be removed in a future version, please use 'h' instead.
  hourly_hist = historical_df[['timestamp_utc'] + hist_numeric_cols].set_index('timestamp_utc').resample('1H').mean().reset_index()
/home/dwijenayake/pv_forecast_30d/src/inference/physics_aware_forecaster.py:387: FutureWarning: 'H' is deprecated and will be removed in a future version, please use 'h' instead.
  hourly_weather = weather_df[['timestamp_utc'] + weather_numeric_cols].set_index('timestamp_utc').resample('1H').mean().reset_index()
/home/dwijenayake/pv_forecast_30d/src/inference/physics_aware_forecaster.py:386: FutureWarning: 'H' is deprecated and will be removed in a future version, please use 'h' instead.
  hourly_hist = historical_df[['timestamp_utc'] + hist_numeric_cols].set_index('timestamp_utc').resample('1H').mean().reset_index()
/home/dwijenayake/pv_forecast_30d/src/inference/physics_aware_forecaster.py:387: FutureWarning: 'H' is deprecated and will be removed in a future version, please use 'h' instead.
  hourly_weather = weather_df[['timestamp_utc'] + weather_numeric_cols].set_index('timestamp_utc').resample('1H').mean().reset_index()
/home/dwijenayake/pv_forecast_30d/src/inference/physics_aware_forecaster.py:386: FutureWarning: 'H' is deprecated and will be removed in a future version, please use 'h' instead.
  hourly_hist = historical_df[['timestamp_utc'] + hist_numeric_cols].set_index('timestamp_utc').resample('1H').mean().reset_index()
/home/dwijenayake/pv_forecast_30d/src/inference/physics_aware_forecaster.py:387: FutureWarning: 'H' is deprecated and will be removed in a future version, please use 'h' instead.
  hourly_weather = weather_df[['timestamp_utc'] + weather_numeric_cols].set_index('timestamp_utc').resample('1H').mean().reset_index()

[STEP 3/4] Rolling short-head refinement (30 days × 96 steps)...
          Day  5/30: α_short=0.65, α_long=0.35, α_ml=0.69
          Day 10/30: α_short=0.50, α_long=0.50, α_ml=0.66
          Day 15/30: α_short=0.35, α_long=0.65, α_ml=0.64
          Day 20/30: α_short=0.35, α_long=0.65, α_ml=0.61
          Day 25/30: α_short=0.35, α_long=0.65, α_ml=0.59
          Day 30/30: α_short=0.35, α_long=0.65, α_ml=0.56
          Final forecast shape: (2880,)
          Final range: [0.000, 0.654]

[STEP 4/4] Validation...
         ✓ Shape correct (2880 steps)
         ✓ Range valid [0.000, 0.654]
         ✓ All night hours zero
         ✓ Daylight mean: 0.340

[SUCCESS] Hierarchical 30-day forecast complete!
          Total TFT calls: 1 long-head + 30 short-head = 31

[INFO] Hierarchical 30-day forecast starting 2024-06-28 00:00:00+00:00
[INFO] Fetching live weather from OpenMeteo API...
                [Auto-selected ECMWF API for 15-day forecast]
[WeatherClient] Fetching 15-day ECMWF forecast
                Location: (48.6946°N, 12.5976°E)
                Period: 2024-06-28 → 2024-07-13
                Tilt/Azimuth: 25.0° / 180.0°
                API: ECMWF
[ERROR] Live weather fetch failed: OpenMeteo API call failed: {'reason': "Parameter 'start_date' is out of allowed range from 2025-10-06 to 2026-01-22", 'error': True}
[ERROR] Falling back to test weather data if available
       Architecture: Long-head (strategic) + 30× Short-head (tactical) + Physics

[PREP] Preparing data for multi-resolution inference...
       Input frequency detected: 15min
       Resampling to hourly for long-head...
       Hourly shape: historical=(720, 28), weather=(720, 32)

[STEP 1/4] Computing PVLib physics baseline (2880 steps @ 15-min)...
          Weather window: 2880 steps (2024-06-28 00:00:00+00:00 → 2024-07-27 23:45:00+00:00)
          Using pre-computed PVLib baseline (pvlib_ac_kw column)
          PVLib shape: (2880,), range: [0.000, 0.857]

[STEP 2/4] Running long-head TFT (strategic: 720 hours @ 1-hour)...
          Long-head shape: (720,)
          Upsampling long-head to 15-min resolution...
          Long upsampled shape: (2880,)

[STEP 3/4] Rolling short-head refinement (30 days × 96 steps)...
          Day  5/30: α_short=0.65, α_long=0.35, α_ml=0.69
          Day 10/30: α_short=0.50, α_long=0.50, α_ml=0.66
          Day 15/30: α_short=0.35, α_long=0.65, α_ml=0.64
          Day 20/30: α_short=0.35, α_long=0.65, α_ml=0.61
          Day 25/30: α_short=0.35, α_long=0.65, α_ml=0.59
          Day 30/30: α_short=0.35, α_long=0.65, α_ml=0.56
          Final forecast shape: (2880,)
          Final range: [0.000, 0.649]

[STEP 4/4] Validation...
         ✓ Shape correct (2880 steps)
         ✓ Range valid [0.000, 0.649]
         ✓ All night hours zero
         ✓ Daylight mean: 0.338

[SUCCESS] Hierarchical 30-day forecast complete!
          Total TFT calls: 1 long-head + 30 short-head = 31

[INFO] Hierarchical 30-day forecast starting 2024-06-29 00:00:00+00:00
[INFO] Fetching live weather from OpenMeteo API...
                [Auto-selected ECMWF API for 15-day forecast]
[WeatherClient] Fetching 15-day ECMWF forecast
                Location: (48.6946°N, 12.5976°E)
                Period: 2024-06-29 → 2024-07-14
                Tilt/Azimuth: 25.0° / 180.0°
                API: ECMWF
[ERROR] Live weather fetch failed: OpenMeteo API call failed: {'error': True, 'reason': "Parameter 'start_date' is out of allowed range from 2025-10-06 to 2026-01-22"}
[ERROR] Falling back to test weather data if available
       Architecture: Long-head (strategic) + 30× Short-head (tactical) + Physics

[PREP] Preparing data for multi-resolution inference...
       Input frequency detected: 15min
       Resampling to hourly for long-head...
       Hourly shape: historical=(720, 28), weather=(720, 32)

[STEP 1/4] Computing PVLib physics baseline (2880 steps @ 15-min)...
          Weather window: 2880 steps (2024-06-29 00:00:00+00:00 → 2024-07-28 23:45:00+00:00)
          Using pre-computed PVLib baseline (pvlib_ac_kw column)
          PVLib shape: (2880,), range: [0.000, 0.857]

[STEP 2/4] Running long-head TFT (strategic: 720 hours @ 1-hour)...
          Long-head shape: (720,)
          Upsampling long-head to 15-min resolution...
          Long upsampled shape: (2880,)

[STEP 3/4] Rolling short-head refinement (30 days × 96 steps)...
          Day  5/30: α_short=0.65, α_long=0.35, α_ml=0.69
          Day 10/30: α_short=0.50, α_long=0.50, α_ml=0.66
          Day 15/30: α_short=0.35, α_long=0.65, α_ml=0.64
          Day 20/30: α_short=0.35, α_long=0.65, α_ml=0.61
          Day 25/30: α_short=0.35, α_long=0.65, α_ml=0.59
          Day 30/30: α_short=0.35, α_long=0.65, α_ml=0.56
          Final forecast shape: (2880,)
          Final range: [0.000, 0.644]

[STEP 4/4] Validation...
         ✓ Shape correct (2880 steps)
         ✓ Range valid [0.000, 0.644]
         ✓ All night hours zero
         ✓ Daylight mean: 0.336

[SUCCESS] Hierarchical 30-day forecast complete!
          Total TFT calls: 1 long-head + 30 short-head = 31

[INFO] Hierarchical 30-day forecast starting 2024-06-30 00:00:00+00:00
[INFO] Fetching live weather from OpenMeteo API...
                [Auto-selected ECMWF API for 15-day forecast]
[WeatherClient] Fetching 15-day ECMWF forecast
                Location: (48.6946°N, 12.5976°E)
                Period: 2024-06-30 → 2024-07-15
                Tilt/Azimuth: 25.0° / 180.0°
                API: ECMWF
[ERROR] Live weather fetch failed: OpenMeteo API call failed: {'error': True, 'reason': "Parameter 'start_date' is out of allowed range from 2025-10-06 to 2026-01-22"}
[ERROR] Falling back to test weather data if available
       Architecture: Long-head (strategic) + 30× Short-head (tactical) + Physics

[PREP] Preparing data for multi-resolution inference...
       Input frequency detected: 15min
       Resampling to hourly for long-head...
       Hourly shape: historical=(720, 28), weather=(720, 32)

[STEP 1/4] Computing PVLib physics baseline (2880 steps @ 15-min)...
          Weather window: 2880 steps (2024-06-30 00:00:00+00:00 → 2024-07-29 23:45:00+00:00)
          Using pre-computed PVLib baseline (pvlib_ac_kw column)
          PVLib shape: (2880,), range: [0.000, 0.857]

[STEP 2/4] Running long-head TFT (strategic: 720 hours @ 1-hour)...
          Long-head shape: (720,)
          Upsampling long-head to 15-min resolution...
          Long upsampled shape: (2880,)

[STEP 3/4] Rolling short-head refinement (30 days × 96 steps)...
          Day  5/30: α_short=0.65, α_long=0.35, α_ml=0.69
          Day 10/30: α_short=0.50, α_long=0.50, α_ml=0.66
          Day 15/30: α_short=0.35, α_long=0.65, α_ml=0.64
          Day 20/30: α_short=0.35, α_long=0.65, α_ml=0.61
          Day 25/30: α_short=0.35, α_long=0.65, α_ml=0.59
          Day 30/30: α_short=0.35, α_long=0.65, α_ml=0.56
          Final forecast shape: (2880,)
          Final range: [0.000, 0.643]

[STEP 4/4] Validation...
         ✓ Shape correct (2880 steps)
         ✓ Range valid [0.000, 0.643]
         ✓ All night hours zero
         ✓ Daylight mean: 0.338

[SUCCESS] Hierarchical 30-day forecast complete!
          Total TFT calls: 1 long-head + 30 short-head = 31

[INFO] Hierarchical 30-day forecast starting 2024-07-01 00:00:00+00:00
[INFO] Fetching live weather from OpenMeteo API...
                [Auto-selected ECMWF API for 15-day forecast]
[WeatherClient] Fetching 15-day ECMWF forecast
                Location: (48.6946°N, 12.5976°E)
                Period: 2024-07-01 → 2024-07-16
                Tilt/Azimuth: 25.0° / 180.0°
                API: ECMWF
[ERROR] Live weather fetch failed: OpenMeteo API call failed: {'error': True, 'reason': "Parameter 'start_date' is out of allowed range from 2025-10-06 to 2026-01-22"}
[ERROR] Falling back to test weather data if available
       Architecture: Long-head (strategic) + 30× Short-head (tactical) + Physics

[PREP] Preparing data for multi-resolution inference...
       Input frequency detected: 15min
/home/dwijenayake/pv_forecast_30d/src/inference/physics_aware_forecaster.py:386: FutureWarning: 'H' is deprecated and will be removed in a future version, please use 'h' instead.
  hourly_hist = historical_df[['timestamp_utc'] + hist_numeric_cols].set_index('timestamp_utc').resample('1H').mean().reset_index()
/home/dwijenayake/pv_forecast_30d/src/inference/physics_aware_forecaster.py:387: FutureWarning: 'H' is deprecated and will be removed in a future version, please use 'h' instead.
  hourly_weather = weather_df[['timestamp_utc'] + weather_numeric_cols].set_index('timestamp_utc').resample('1H').mean().reset_index()
/home/dwijenayake/pv_forecast_30d/src/inference/physics_aware_forecaster.py:386: FutureWarning: 'H' is deprecated and will be removed in a future version, please use 'h' instead.
  hourly_hist = historical_df[['timestamp_utc'] + hist_numeric_cols].set_index('timestamp_utc').resample('1H').mean().reset_index()
/home/dwijenayake/pv_forecast_30d/src/inference/physics_aware_forecaster.py:387: FutureWarning: 'H' is deprecated and will be removed in a future version, please use 'h' instead.
  hourly_weather = weather_df[['timestamp_utc'] + weather_numeric_cols].set_index('timestamp_utc').resample('1H').mean().reset_index()
/home/dwijenayake/pv_forecast_30d/src/inference/physics_aware_forecaster.py:386: FutureWarning: 'H' is deprecated and will be removed in a future version, please use 'h' instead.
  hourly_hist = historical_df[['timestamp_utc'] + hist_numeric_cols].set_index('timestamp_utc').resample('1H').mean().reset_index()
/home/dwijenayake/pv_forecast_30d/src/inference/physics_aware_forecaster.py:387: FutureWarning: 'H' is deprecated and will be removed in a future version, please use 'h' instead.
  hourly_weather = weather_df[['timestamp_utc'] + weather_numeric_cols].set_index('timestamp_utc').resample('1H').mean().reset_index()
/home/dwijenayake/pv_forecast_30d/src/inference/physics_aware_forecaster.py:386: FutureWarning: 'H' is deprecated and will be removed in a future version, please use 'h' instead.
  hourly_hist = historical_df[['timestamp_utc'] + hist_numeric_cols].set_index('timestamp_utc').resample('1H').mean().reset_index()
/home/dwijenayake/pv_forecast_30d/src/inference/physics_aware_forecaster.py:387: FutureWarning: 'H' is deprecated and will be removed in a future version, please use 'h' instead.
  hourly_weather = weather_df[['timestamp_utc'] + weather_numeric_cols].set_index('timestamp_utc').resample('1H').mean().reset_index()
       Resampling to hourly for long-head...
       Hourly shape: historical=(720, 28), weather=(720, 32)

[STEP 1/4] Computing PVLib physics baseline (2880 steps @ 15-min)...
          Weather window: 2880 steps (2024-07-01 00:00:00+00:00 → 2024-07-30 23:45:00+00:00)
          Using pre-computed PVLib baseline (pvlib_ac_kw column)
          PVLib shape: (2880,), range: [0.000, 0.882]

[STEP 2/4] Running long-head TFT (strategic: 720 hours @ 1-hour)...
          Long-head shape: (720,)
          Upsampling long-head to 15-min resolution...
          Long upsampled shape: (2880,)

[STEP 3/4] Rolling short-head refinement (30 days × 96 steps)...
          Day  5/30: α_short=0.65, α_long=0.35, α_ml=0.69
          Day 10/30: α_short=0.50, α_long=0.50, α_ml=0.66
          Day 15/30: α_short=0.35, α_long=0.65, α_ml=0.64
          Day 20/30: α_short=0.35, α_long=0.65, α_ml=0.61
          Day 25/30: α_short=0.35, α_long=0.65, α_ml=0.59
          Day 30/30: α_short=0.35, α_long=0.65, α_ml=0.56
          Final forecast shape: (2880,)
          Final range: [0.000, 0.641]

[STEP 4/4] Validation...
         ✓ Shape correct (2880 steps)
         ✓ Range valid [0.000, 0.641]
         ✓ All night hours zero
         ✓ Daylight mean: 0.339

[SUCCESS] Hierarchical 30-day forecast complete!
          Total TFT calls: 1 long-head + 30 short-head = 31

[INFO] Hierarchical 30-day forecast starting 2024-07-02 00:00:00+00:00
[INFO] Fetching live weather from OpenMeteo API...
                [Auto-selected ECMWF API for 15-day forecast]
[WeatherClient] Fetching 15-day ECMWF forecast
                Location: (48.6946°N, 12.5976°E)
                Period: 2024-07-02 → 2024-07-17
                Tilt/Azimuth: 25.0° / 180.0°
                API: ECMWF
[ERROR] Live weather fetch failed: OpenMeteo API call failed: {'reason': "Parameter 'start_date' is out of allowed range from 2025-10-06 to 2026-01-22", 'error': True}
[ERROR] Falling back to test weather data if available
       Architecture: Long-head (strategic) + 30× Short-head (tactical) + Physics

[PREP] Preparing data for multi-resolution inference...
       Input frequency detected: 15min
       Resampling to hourly for long-head...
       Hourly shape: historical=(720, 28), weather=(720, 32)

[STEP 1/4] Computing PVLib physics baseline (2880 steps @ 15-min)...
          Weather window: 2880 steps (2024-07-02 00:00:00+00:00 → 2024-07-31 23:45:00+00:00)
          Using pre-computed PVLib baseline (pvlib_ac_kw column)
          PVLib shape: (2880,), range: [0.000, 0.882]

[STEP 2/4] Running long-head TFT (strategic: 720 hours @ 1-hour)...
          Long-head shape: (720,)
          Upsampling long-head to 15-min resolution...
          Long upsampled shape: (2880,)

[STEP 3/4] Rolling short-head refinement (30 days × 96 steps)...
          Day  5/30: α_short=0.65, α_long=0.35, α_ml=0.69
          Day 10/30: α_short=0.50, α_long=0.50, α_ml=0.66
          Day 15/30: α_short=0.35, α_long=0.65, α_ml=0.64
          Day 20/30: α_short=0.35, α_long=0.65, α_ml=0.61
          Day 25/30: α_short=0.35, α_long=0.65, α_ml=0.59
          Day 30/30: α_short=0.35, α_long=0.65, α_ml=0.56
          Final forecast shape: (2880,)
          Final range: [0.000, 0.641]

[STEP 4/4] Validation...
         ✓ Shape correct (2880 steps)
         ✓ Range valid [0.000, 0.641]
         ✓ All night hours zero
         ✓ Daylight mean: 0.344

[SUCCESS] Hierarchical 30-day forecast complete!
          Total TFT calls: 1 long-head + 30 short-head = 31

[INFO] Hierarchical 30-day forecast starting 2024-07-03 00:00:00+00:00
[INFO] Fetching live weather from OpenMeteo API...
                [Auto-selected ECMWF API for 15-day forecast]
[WeatherClient] Fetching 15-day ECMWF forecast
                Location: (48.6946°N, 12.5976°E)
                Period: 2024-07-03 → 2024-07-18
                Tilt/Azimuth: 25.0° / 180.0°
                API: ECMWF
[ERROR] Live weather fetch failed: OpenMeteo API call failed: {'reason': "Parameter 'start_date' is out of allowed range from 2025-10-06 to 2026-01-22", 'error': True}
[ERROR] Falling back to test weather data if available
       Architecture: Long-head (strategic) + 30× Short-head (tactical) + Physics

[PREP] Preparing data for multi-resolution inference...
       Input frequency detected: 15min
       Resampling to hourly for long-head...
       Hourly shape: historical=(720, 28), weather=(720, 32)

[STEP 1/4] Computing PVLib physics baseline (2880 steps @ 15-min)...
          Weather window: 2880 steps (2024-07-03 00:00:00+00:00 → 2024-08-01 23:45:00+00:00)
          Using pre-computed PVLib baseline (pvlib_ac_kw column)
          PVLib shape: (2880,), range: [0.000, 0.882]

[STEP 2/4] Running long-head TFT (strategic: 720 hours @ 1-hour)...
          Long-head shape: (720,)
          Upsampling long-head to 15-min resolution...
          Long upsampled shape: (2880,)

[STEP 3/4] Rolling short-head refinement (30 days × 96 steps)...
          Day  5/30: α_short=0.65, α_long=0.35, α_ml=0.69
          Day 10/30: α_short=0.50, α_long=0.50, α_ml=0.66
          Day 15/30: α_short=0.35, α_long=0.65, α_ml=0.64
          Day 20/30: α_short=0.35, α_long=0.65, α_ml=0.61
          Day 25/30: α_short=0.35, α_long=0.65, α_ml=0.59
          Day 30/30: α_short=0.35, α_long=0.65, α_ml=0.56
          Final forecast shape: (2880,)
          Final range: [0.000, 0.715]

[STEP 4/4] Validation...
         ✓ Shape correct (2880 steps)
         ✓ Range valid [0.000, 0.715]
         ✓ All night hours zero
         ✓ Daylight mean: 0.346

[SUCCESS] Hierarchical 30-day forecast complete!
          Total TFT calls: 1 long-head + 30 short-head = 31

[INFO] Hierarchical 30-day forecast starting 2024-07-04 00:00:00+00:00
[INFO] Fetching live weather from OpenMeteo API...
                [Auto-selected ECMWF API for 15-day forecast]
[WeatherClient] Fetching 15-day ECMWF forecast
                Location: (48.6946°N, 12.5976°E)
                Period: 2024-07-04 → 2024-07-19
                Tilt/Azimuth: 25.0° / 180.0°
                API: ECMWF
[ERROR] Live weather fetch failed: OpenMeteo API call failed: {'error': True, 'reason': "Parameter 'start_date' is out of allowed range from 2025-10-06 to 2026-01-22"}
[ERROR] Falling back to test weather data if available
       Architecture: Long-head (strategic) + 30× Short-head (tactical) + Physics

[PREP] Preparing data for multi-resolution inference...
       Input frequency detected: 15min
       Resampling to hourly for long-head...
       Hourly shape: historical=(720, 28), weather=(720, 32)

[STEP 1/4] Computing PVLib physics baseline (2880 steps @ 15-min)...
          Weather window: 2880 steps (2024-07-04 00:00:00+00:00 → 2024-08-02 23:45:00+00:00)
          Using pre-computed PVLib baseline (pvlib_ac_kw column)
          PVLib shape: (2880,), range: [0.000, 0.882]

[STEP 2/4] Running long-head TFT (strategic: 720 hours @ 1-hour)...
          Long-head shape: (720,)
          Upsampling long-head to 15-min resolution...
          Long upsampled shape: (2880,)

[STEP 3/4] Rolling short-head refinement (30 days × 96 steps)...
          Day  5/30: α_short=0.65, α_long=0.35, α_ml=0.69
          Day 10/30: α_short=0.50, α_long=0.50, α_ml=0.66
          Day 15/30: α_short=0.35, α_long=0.65, α_ml=0.64
          Day 20/30: α_short=0.35, α_long=0.65, α_ml=0.61
          Day 25/30: α_short=0.35, α_long=0.65, α_ml=0.59
          Day 30/30: α_short=0.35, α_long=0.65, α_ml=0.56
          Final forecast shape: (2880,)
          Final range: [0.000, 0.722]

[STEP 4/4] Validation...
         ✓ Shape correct (2880 steps)
         ✓ Range valid [0.000, 0.722]
         ✓ All night hours zero
         ✓ Daylight mean: 0.351

[SUCCESS] Hierarchical 30-day forecast complete!
          Total TFT calls: 1 long-head + 30 short-head = 31

[INFO] Hierarchical 30-day forecast starting 2024-07-05 00:00:00+00:00
[INFO] Fetching live weather from OpenMeteo API...
                [Auto-selected ECMWF API for 15-day forecast]
[WeatherClient] Fetching 15-day ECMWF forecast
/home/dwijenayake/pv_forecast_30d/src/inference/physics_aware_forecaster.py:386: FutureWarning: 'H' is deprecated and will be removed in a future version, please use 'h' instead.
  hourly_hist = historical_df[['timestamp_utc'] + hist_numeric_cols].set_index('timestamp_utc').resample('1H').mean().reset_index()
/home/dwijenayake/pv_forecast_30d/src/inference/physics_aware_forecaster.py:387: FutureWarning: 'H' is deprecated and will be removed in a future version, please use 'h' instead.
  hourly_weather = weather_df[['timestamp_utc'] + weather_numeric_cols].set_index('timestamp_utc').resample('1H').mean().reset_index()
/home/dwijenayake/pv_forecast_30d/src/inference/physics_aware_forecaster.py:386: FutureWarning: 'H' is deprecated and will be removed in a future version, please use 'h' instead.
  hourly_hist = historical_df[['timestamp_utc'] + hist_numeric_cols].set_index('timestamp_utc').resample('1H').mean().reset_index()
/home/dwijenayake/pv_forecast_30d/src/inference/physics_aware_forecaster.py:387: FutureWarning: 'H' is deprecated and will be removed in a future version, please use 'h' instead.
  hourly_weather = weather_df[['timestamp_utc'] + weather_numeric_cols].set_index('timestamp_utc').resample('1H').mean().reset_index()
/home/dwijenayake/pv_forecast_30d/src/inference/physics_aware_forecaster.py:386: FutureWarning: 'H' is deprecated and will be removed in a future version, please use 'h' instead.
  hourly_hist = historical_df[['timestamp_utc'] + hist_numeric_cols].set_index('timestamp_utc').resample('1H').mean().reset_index()
/home/dwijenayake/pv_forecast_30d/src/inference/physics_aware_forecaster.py:387: FutureWarning: 'H' is deprecated and will be removed in a future version, please use 'h' instead.
  hourly_weather = weather_df[['timestamp_utc'] + weather_numeric_cols].set_index('timestamp_utc').resample('1H').mean().reset_index()
/home/dwijenayake/pv_forecast_30d/src/inference/physics_aware_forecaster.py:386: FutureWarning: 'H' is deprecated and will be removed in a future version, please use 'h' instead.
  hourly_hist = historical_df[['timestamp_utc'] + hist_numeric_cols].set_index('timestamp_utc').resample('1H').mean().reset_index()
/home/dwijenayake/pv_forecast_30d/src/inference/physics_aware_forecaster.py:387: FutureWarning: 'H' is deprecated and will be removed in a future version, please use 'h' instead.
  hourly_weather = weather_df[['timestamp_utc'] + weather_numeric_cols].set_index('timestamp_utc').resample('1H').mean().reset_index()
                Location: (48.6946°N, 12.5976°E)
                Period: 2024-07-05 → 2024-07-20
                Tilt/Azimuth: 25.0° / 180.0°
                API: ECMWF
[ERROR] Live weather fetch failed: OpenMeteo API call failed: {'error': True, 'reason': "Parameter 'start_date' is out of allowed range from 2025-10-06 to 2026-01-22"}
[ERROR] Falling back to test weather data if available
       Architecture: Long-head (strategic) + 30× Short-head (tactical) + Physics

[PREP] Preparing data for multi-resolution inference...
       Input frequency detected: 15min
       Resampling to hourly for long-head...
       Hourly shape: historical=(720, 28), weather=(720, 32)

[STEP 1/4] Computing PVLib physics baseline (2880 steps @ 15-min)...
          Weather window: 2880 steps (2024-07-05 00:00:00+00:00 → 2024-08-03 23:45:00+00:00)
          Using pre-computed PVLib baseline (pvlib_ac_kw column)
          PVLib shape: (2880,), range: [0.000, 0.882]

[STEP 2/4] Running long-head TFT (strategic: 720 hours @ 1-hour)...
          Long-head shape: (720,)
          Upsampling long-head to 15-min resolution...
          Long upsampled shape: (2880,)

[STEP 3/4] Rolling short-head refinement (30 days × 96 steps)...
          Day  5/30: α_short=0.65, α_long=0.35, α_ml=0.69
          Day 10/30: α_short=0.50, α_long=0.50, α_ml=0.66
          Day 15/30: α_short=0.35, α_long=0.65, α_ml=0.64
          Day 20/30: α_short=0.35, α_long=0.65, α_ml=0.61
          Day 25/30: α_short=0.35, α_long=0.65, α_ml=0.59
          Day 30/30: α_short=0.35, α_long=0.65, α_ml=0.56
          Final forecast shape: (2880,)
          Final range: [0.000, 0.722]

[STEP 4/4] Validation...
         ✓ Shape correct (2880 steps)
         ✓ Range valid [0.000, 0.722]
         ✓ All night hours zero
         ✓ Daylight mean: 0.353

[SUCCESS] Hierarchical 30-day forecast complete!
          Total TFT calls: 1 long-head + 30 short-head = 31

[INFO] Hierarchical 30-day forecast starting 2024-07-06 00:00:00+00:00
[INFO] Fetching live weather from OpenMeteo API...
                [Auto-selected ECMWF API for 15-day forecast]
[WeatherClient] Fetching 15-day ECMWF forecast
                Location: (48.6946°N, 12.5976°E)
                Period: 2024-07-06 → 2024-07-21
                Tilt/Azimuth: 25.0° / 180.0°
                API: ECMWF
[ERROR] Live weather fetch failed: OpenMeteo API call failed: {'error': True, 'reason': "Parameter 'start_date' is out of allowed range from 2025-10-06 to 2026-01-22"}
[ERROR] Falling back to test weather data if available
       Architecture: Long-head (strategic) + 30× Short-head (tactical) + Physics

[PREP] Preparing data for multi-resolution inference...
       Input frequency detected: 15min
       Resampling to hourly for long-head...
       Hourly shape: historical=(720, 28), weather=(720, 32)

[STEP 1/4] Computing PVLib physics baseline (2880 steps @ 15-min)...
          Weather window: 2880 steps (2024-07-06 00:00:00+00:00 → 2024-08-04 23:45:00+00:00)
          Using pre-computed PVLib baseline (pvlib_ac_kw column)
          PVLib shape: (2880,), range: [0.000, 0.882]

[STEP 2/4] Running long-head TFT (strategic: 720 hours @ 1-hour)...
          Long-head shape: (720,)
          Upsampling long-head to 15-min resolution...
          Long upsampled shape: (2880,)

[STEP 3/4] Rolling short-head refinement (30 days × 96 steps)...
          Day  5/30: α_short=0.65, α_long=0.35, α_ml=0.69
          Day 10/30: α_short=0.50, α_long=0.50, α_ml=0.66
          Day 15/30: α_short=0.35, α_long=0.65, α_ml=0.64
          Day 20/30: α_short=0.35, α_long=0.65, α_ml=0.61
          Day 25/30: α_short=0.35, α_long=0.65, α_ml=0.59
          Day 30/30: α_short=0.35, α_long=0.65, α_ml=0.56
          Final forecast shape: (2880,)
          Final range: [0.000, 0.721]

[STEP 4/4] Validation...
         ✓ Shape correct (2880 steps)
         ✓ Range valid [0.000, 0.721]
         ✓ All night hours zero
         ✓ Daylight mean: 0.355

[SUCCESS] Hierarchical 30-day forecast complete!
          Total TFT calls: 1 long-head + 30 short-head = 31

[INFO] Hierarchical 30-day forecast starting 2024-07-07 00:00:00+00:00
[INFO] Fetching live weather from OpenMeteo API...
                [Auto-selected ECMWF API for 15-day forecast]
[WeatherClient] Fetching 15-day ECMWF forecast
                Location: (48.6946°N, 12.5976°E)
                Period: 2024-07-07 → 2024-07-22
                Tilt/Azimuth: 25.0° / 180.0°
                API: ECMWF
[ERROR] Live weather fetch failed: OpenMeteo API call failed: {'error': True, 'reason': "Parameter 'start_date' is out of allowed range from 2025-10-06 to 2026-01-22"}
[ERROR] Falling back to test weather data if available
       Architecture: Long-head (strategic) + 30× Short-head (tactical) + Physics

[PREP] Preparing data for multi-resolution inference...
       Input frequency detected: 15min
       Resampling to hourly for long-head...
       Hourly shape: historical=(720, 28), weather=(720, 32)

[STEP 1/4] Computing PVLib physics baseline (2880 steps @ 15-min)...
          Weather window: 2880 steps (2024-07-07 00:00:00+00:00 → 2024-08-05 23:45:00+00:00)
          Using pre-computed PVLib baseline (pvlib_ac_kw column)
          PVLib shape: (2880,), range: [0.000, 0.882]

[STEP 2/4] Running long-head TFT (strategic: 720 hours @ 1-hour)...
          Long-head shape: (720,)
          Upsampling long-head to 15-min resolution...
          Long upsampled shape: (2880,)

[STEP 3/4] Rolling short-head refinement (30 days × 96 steps)...
          Day  5/30: α_short=0.65, α_long=0.35, α_ml=0.69
          Day 10/30: α_short=0.50, α_long=0.50, α_ml=0.66
          Day 15/30: α_short=0.35, α_long=0.65, α_ml=0.64
          Day 20/30: α_short=0.35, α_long=0.65, α_ml=0.61
          Day 25/30: α_short=0.35, α_long=0.65, α_ml=0.59
          Day 30/30: α_short=0.35, α_long=0.65, α_ml=0.56
          Final forecast shape: (2880,)
          Final range: [0.000, 0.720]

[STEP 4/4] Validation...
         ✓ Shape correct (2880 steps)
         ✓ Range valid [0.000, 0.720]
         ✓ All night hours zero
         ✓ Daylight mean: 0.352

[SUCCESS] Hierarchical 30-day forecast complete!
          Total TFT calls: 1 long-head + 30 short-head = 31

[INFO] Hierarchical 30-day forecast starting 2024-07-08 00:00:00+00:00
[INFO] Fetching live weather from OpenMeteo API...
                [Auto-selected ECMWF API for 15-day forecast]
[WeatherClient] Fetching 15-day ECMWF forecast
                Location: (48.6946°N, 12.5976°E)
                Period: 2024-07-08 → 2024-07-23
                Tilt/Azimuth: 25.0° / 180.0°
                API: ECMWF
[ERROR] Live weather fetch failed: OpenMeteo API call failed: {'reason': "Parameter 'start_date' is out of allowed range from 2025-10-06 to 2026-01-22", 'error': True}
[ERROR] Falling back to test weather data if available
       Architecture: Long-head (strategic) + 30× Short-head (tactical) + Physics

[PREP] Preparing data for multi-resolution inference...
       Input frequency detected: 15min
       Resampling to hourly for long-head...
       Hourly shape: historical=(720, 28), weather=(720, 32)

[STEP 1/4] Computing PVLib physics baseline (2880 steps @ 15-min)...
          Weather window: 2880 steps (2024-07-08 00:00:00+00:00 → 2024-08-06 23:45:00+00:00)
          Using pre-computed PVLib baseline (pvlib_ac_kw column)
          PVLib shape: (2880,), range: [0.000, 0.882]

[STEP 2/4] Running long-head TFT (strategic: 720 hours @ 1-hour)...
          Long-head shape: (720,)
          Upsampling long-head to 15-min resolution...
          Long upsampled shape: (2880,)

[STEP 3/4] Rolling short-head refinement (30 days × 96 steps)...
          Day  5/30: α_short=0.65, α_long=0.35, α_ml=0.69
          Day 10/30: α_short=0.50, α_long=0.50, α_ml=0.66
          Day 15/30: α_short=0.35, α_long=0.65, α_ml=0.64
          Day 20/30: α_short=0.35, α_long=0.65, α_ml=0.61
          Day 25/30: α_short=0.35, α_long=0.65, α_ml=0.59
          Day 30/30: α_short=0.35, α_long=0.65, α_ml=0.56
/home/dwijenayake/pv_forecast_30d/src/inference/physics_aware_forecaster.py:386: FutureWarning: 'H' is deprecated and will be removed in a future version, please use 'h' instead.
  hourly_hist = historical_df[['timestamp_utc'] + hist_numeric_cols].set_index('timestamp_utc').resample('1H').mean().reset_index()
/home/dwijenayake/pv_forecast_30d/src/inference/physics_aware_forecaster.py:387: FutureWarning: 'H' is deprecated and will be removed in a future version, please use 'h' instead.
  hourly_weather = weather_df[['timestamp_utc'] + weather_numeric_cols].set_index('timestamp_utc').resample('1H').mean().reset_index()
/home/dwijenayake/pv_forecast_30d/src/inference/physics_aware_forecaster.py:386: FutureWarning: 'H' is deprecated and will be removed in a future version, please use 'h' instead.
  hourly_hist = historical_df[['timestamp_utc'] + hist_numeric_cols].set_index('timestamp_utc').resample('1H').mean().reset_index()
/home/dwijenayake/pv_forecast_30d/src/inference/physics_aware_forecaster.py:387: FutureWarning: 'H' is deprecated and will be removed in a future version, please use 'h' instead.
  hourly_weather = weather_df[['timestamp_utc'] + weather_numeric_cols].set_index('timestamp_utc').resample('1H').mean().reset_index()
/home/dwijenayake/pv_forecast_30d/src/inference/physics_aware_forecaster.py:386: FutureWarning: 'H' is deprecated and will be removed in a future version, please use 'h' instead.
  hourly_hist = historical_df[['timestamp_utc'] + hist_numeric_cols].set_index('timestamp_utc').resample('1H').mean().reset_index()
/home/dwijenayake/pv_forecast_30d/src/inference/physics_aware_forecaster.py:387: FutureWarning: 'H' is deprecated and will be removed in a future version, please use 'h' instead.
  hourly_weather = weather_df[['timestamp_utc'] + weather_numeric_cols].set_index('timestamp_utc').resample('1H').mean().reset_index()
/home/dwijenayake/pv_forecast_30d/src/inference/physics_aware_forecaster.py:386: FutureWarning: 'H' is deprecated and will be removed in a future version, please use 'h' instead.
  hourly_hist = historical_df[['timestamp_utc'] + hist_numeric_cols].set_index('timestamp_utc').resample('1H').mean().reset_index()
/home/dwijenayake/pv_forecast_30d/src/inference/physics_aware_forecaster.py:387: FutureWarning: 'H' is deprecated and will be removed in a future version, please use 'h' instead.
  hourly_weather = weather_df[['timestamp_utc'] + weather_numeric_cols].set_index('timestamp_utc').resample('1H').mean().reset_index()
          Final forecast shape: (2880,)
          Final range: [0.000, 0.719]

[STEP 4/4] Validation...
         ✓ Shape correct (2880 steps)
         ✓ Range valid [0.000, 0.719]
         ✓ All night hours zero
         ✓ Daylight mean: 0.361

[SUCCESS] Hierarchical 30-day forecast complete!
          Total TFT calls: 1 long-head + 30 short-head = 31

[INFO] Hierarchical 30-day forecast starting 2024-07-09 00:00:00+00:00
[INFO] Fetching live weather from OpenMeteo API...
                [Auto-selected ECMWF API for 15-day forecast]
[WeatherClient] Fetching 15-day ECMWF forecast
                Location: (48.6946°N, 12.5976°E)
                Period: 2024-07-09 → 2024-07-24
                Tilt/Azimuth: 25.0° / 180.0°
                API: ECMWF
[ERROR] Live weather fetch failed: OpenMeteo API call failed: {'reason': "Parameter 'start_date' is out of allowed range from 2025-10-06 to 2026-01-22", 'error': True}
[ERROR] Falling back to test weather data if available
       Architecture: Long-head (strategic) + 30× Short-head (tactical) + Physics

[PREP] Preparing data for multi-resolution inference...
       Input frequency detected: 15min
       Resampling to hourly for long-head...
       Hourly shape: historical=(720, 28), weather=(720, 32)

[STEP 1/4] Computing PVLib physics baseline (2880 steps @ 15-min)...
          Weather window: 2880 steps (2024-07-09 00:00:00+00:00 → 2024-08-07 23:45:00+00:00)
          Using pre-computed PVLib baseline (pvlib_ac_kw column)
          PVLib shape: (2880,), range: [0.000, 0.882]

[STEP 2/4] Running long-head TFT (strategic: 720 hours @ 1-hour)...
          Long-head shape: (720,)
          Upsampling long-head to 15-min resolution...
          Long upsampled shape: (2880,)

[STEP 3/4] Rolling short-head refinement (30 days × 96 steps)...
          Day  5/30: α_short=0.65, α_long=0.35, α_ml=0.69
          Day 10/30: α_short=0.50, α_long=0.50, α_ml=0.66
          Day 15/30: α_short=0.35, α_long=0.65, α_ml=0.64
          Day 20/30: α_short=0.35, α_long=0.65, α_ml=0.61
          Day 25/30: α_short=0.35, α_long=0.65, α_ml=0.59
          Day 30/30: α_short=0.35, α_long=0.65, α_ml=0.56
          Final forecast shape: (2880,)
          Final range: [0.000, 0.711]

[STEP 4/4] Validation...
         ✓ Shape correct (2880 steps)
         ✓ Range valid [0.000, 0.711]
         ✓ All night hours zero
         ✓ Daylight mean: 0.360

[SUCCESS] Hierarchical 30-day forecast complete!
          Total TFT calls: 1 long-head + 30 short-head = 31

[INFO] Hierarchical 30-day forecast starting 2024-07-10 00:00:00+00:00
[INFO] Fetching live weather from OpenMeteo API...
                [Auto-selected ECMWF API for 15-day forecast]
[WeatherClient] Fetching 15-day ECMWF forecast
                Location: (48.6946°N, 12.5976°E)
                Period: 2024-07-10 → 2024-07-25
                Tilt/Azimuth: 25.0° / 180.0°
                API: ECMWF
[ERROR] Live weather fetch failed: OpenMeteo API call failed: {'error': True, 'reason': "Parameter 'start_date' is out of allowed range from 2025-10-06 to 2026-01-22"}
[ERROR] Falling back to test weather data if available
       Architecture: Long-head (strategic) + 30× Short-head (tactical) + Physics

[PREP] Preparing data for multi-resolution inference...
       Input frequency detected: 15min
       Resampling to hourly for long-head...
       Hourly shape: historical=(720, 28), weather=(720, 32)

[STEP 1/4] Computing PVLib physics baseline (2880 steps @ 15-min)...
          Weather window: 2880 steps (2024-07-10 00:00:00+00:00 → 2024-08-08 23:45:00+00:00)
          Using pre-computed PVLib baseline (pvlib_ac_kw column)
          PVLib shape: (2880,), range: [0.000, 0.882]

[STEP 2/4] Running long-head TFT (strategic: 720 hours @ 1-hour)...
          Long-head shape: (720,)
          Upsampling long-head to 15-min resolution...
          Long upsampled shape: (2880,)

[STEP 3/4] Rolling short-head refinement (30 days × 96 steps)...
          Day  5/30: α_short=0.65, α_long=0.35, α_ml=0.69
          Day 10/30: α_short=0.50, α_long=0.50, α_ml=0.66
          Day 15/30: α_short=0.35, α_long=0.65, α_ml=0.64
          Day 20/30: α_short=0.35, α_long=0.65, α_ml=0.61
          Day 25/30: α_short=0.35, α_long=0.65, α_ml=0.59
          Day 30/30: α_short=0.35, α_long=0.65, α_ml=0.56
          Final forecast shape: (2880,)
          Final range: [0.000, 0.649]

[STEP 4/4] Validation...
         ✓ Shape correct (2880 steps)
         ✓ Range valid [0.000, 0.649]
         ✓ All night hours zero
         ✓ Daylight mean: 0.352

[SUCCESS] Hierarchical 30-day forecast complete!
          Total TFT calls: 1 long-head + 30 short-head = 31

[INFO] Hierarchical 30-day forecast starting 2024-07-11 00:00:00+00:00
[INFO] Fetching live weather from OpenMeteo API...
                [Auto-selected ECMWF API for 15-day forecast]
[WeatherClient] Fetching 15-day ECMWF forecast
                Location: (48.6946°N, 12.5976°E)
                Period: 2024-07-11 → 2024-07-26
                Tilt/Azimuth: 25.0° / 180.0°
                API: ECMWF
[ERROR] Live weather fetch failed: OpenMeteo API call failed: {'reason': "Parameter 'start_date' is out of allowed range from 2025-10-06 to 2026-01-22", 'error': True}
[ERROR] Falling back to test weather data if available
       Architecture: Long-head (strategic) + 30× Short-head (tactical) + Physics

[PREP] Preparing data for multi-resolution inference...
       Input frequency detected: 15min
       Resampling to hourly for long-head...
       Hourly shape: historical=(720, 28), weather=(720, 32)

[STEP 1/4] Computing PVLib physics baseline (2880 steps @ 15-min)...
          Weather window: 2880 steps (2024-07-11 00:00:00+00:00 → 2024-08-09 23:45:00+00:00)
          Using pre-computed PVLib baseline (pvlib_ac_kw column)
          PVLib shape: (2880,), range: [0.000, 0.882]

[STEP 2/4] Running long-head TFT (strategic: 720 hours @ 1-hour)...
          Long-head shape: (720,)
          Upsampling long-head to 15-min resolution...
          Long upsampled shape: (2880,)

[STEP 3/4] Rolling short-head refinement (30 days × 96 steps)...
          Day  5/30: α_short=0.65, α_long=0.35, α_ml=0.69
          Day 10/30: α_short=0.50, α_long=0.50, α_ml=0.66
          Day 15/30: α_short=0.35, α_long=0.65, α_ml=0.64
          Day 20/30: α_short=0.35, α_long=0.65, α_ml=0.61
          Day 25/30: α_short=0.35, α_long=0.65, α_ml=0.59
          Day 30/30: α_short=0.35, α_long=0.65, α_ml=0.56
          Final forecast shape: (2880,)
          Final range: [0.000, 0.647]

[STEP 4/4] Validation...
         ✓ Shape correct (2880 steps)
         ✓ Range valid [0.000, 0.647]
         ✓ All night hours zero
         ✓ Daylight mean: 0.349

[SUCCESS] Hierarchical 30-day forecast complete!
          Total TFT calls: 1 long-head + 30 short-head = 31

[INFO] Hierarchical 30-day forecast starting 2024-07-12 00:00:00+00:00
[INFO] Fetching live weather from OpenMeteo API...
                [Auto-selected ECMWF API for 15-day forecast]
[WeatherClient] Fetching 15-day ECMWF forecast
                Location: (48.6946°N, 12.5976°E)
                Period: 2024-07-12 → 2024-07-27
                Tilt/Azimuth: 25.0° / 180.0°
                API: ECMWF
[ERROR] Live weather fetch failed: OpenMeteo API call failed: {'reason': "Parameter 'start_date' is out of allowed range from 2025-10-06 to 2026-01-22", 'error': True}
[ERROR] Falling back to test weather data if available
       Architecture: Long-head (strategic) + 30× Short-head (tactical) + Physics

[PREP] Preparing data for multi-resolution inference...
       Input frequency detected: 15min
       Resampling to hourly for long-head...
       Hourly shape: historical=(720, 28), weather=(720, 32)

[STEP 1/4] Computing PVLib physics baseline (2880 steps @ 15-min)...
          Weather window: 2880 steps (2024-07-12 00:00:00+00:00 → 2024-08-10 23:45:00+00:00)
          Using pre-computed PVLib baseline (pvlib_ac_kw column)
          PVLib shape: (2880,), range: [0.000, 0.882]
/home/dwijenayake/pv_forecast_30d/src/inference/physics_aware_forecaster.py:386: FutureWarning: 'H' is deprecated and will be removed in a future version, please use 'h' instead.
  hourly_hist = historical_df[['timestamp_utc'] + hist_numeric_cols].set_index('timestamp_utc').resample('1H').mean().reset_index()
/home/dwijenayake/pv_forecast_30d/src/inference/physics_aware_forecaster.py:387: FutureWarning: 'H' is deprecated and will be removed in a future version, please use 'h' instead.
  hourly_weather = weather_df[['timestamp_utc'] + weather_numeric_cols].set_index('timestamp_utc').resample('1H').mean().reset_index()
/home/dwijenayake/pv_forecast_30d/src/inference/physics_aware_forecaster.py:386: FutureWarning: 'H' is deprecated and will be removed in a future version, please use 'h' instead.
  hourly_hist = historical_df[['timestamp_utc'] + hist_numeric_cols].set_index('timestamp_utc').resample('1H').mean().reset_index()
/home/dwijenayake/pv_forecast_30d/src/inference/physics_aware_forecaster.py:387: FutureWarning: 'H' is deprecated and will be removed in a future version, please use 'h' instead.
  hourly_weather = weather_df[['timestamp_utc'] + weather_numeric_cols].set_index('timestamp_utc').resample('1H').mean().reset_index()
/home/dwijenayake/pv_forecast_30d/src/inference/physics_aware_forecaster.py:386: FutureWarning: 'H' is deprecated and will be removed in a future version, please use 'h' instead.
  hourly_hist = historical_df[['timestamp_utc'] + hist_numeric_cols].set_index('timestamp_utc').resample('1H').mean().reset_index()
/home/dwijenayake/pv_forecast_30d/src/inference/physics_aware_forecaster.py:387: FutureWarning: 'H' is deprecated and will be removed in a future version, please use 'h' instead.
  hourly_weather = weather_df[['timestamp_utc'] + weather_numeric_cols].set_index('timestamp_utc').resample('1H').mean().reset_index()

[STEP 2/4] Running long-head TFT (strategic: 720 hours @ 1-hour)...
          Long-head shape: (720,)
          Upsampling long-head to 15-min resolution...
          Long upsampled shape: (2880,)

[STEP 3/4] Rolling short-head refinement (30 days × 96 steps)...
          Day  5/30: α_short=0.65, α_long=0.35, α_ml=0.69
          Day 10/30: α_short=0.50, α_long=0.50, α_ml=0.66
          Day 15/30: α_short=0.35, α_long=0.65, α_ml=0.64
          Day 20/30: α_short=0.35, α_long=0.65, α_ml=0.61
          Day 25/30: α_short=0.35, α_long=0.65, α_ml=0.59
          Day 30/30: α_short=0.35, α_long=0.65, α_ml=0.56
          Final forecast shape: (2880,)
          Final range: [0.000, 0.685]

[STEP 4/4] Validation...
         ✓ Shape correct (2880 steps)
         ✓ Range valid [0.000, 0.685]
         ✓ All night hours zero
         ✓ Daylight mean: 0.349

[SUCCESS] Hierarchical 30-day forecast complete!
          Total TFT calls: 1 long-head + 30 short-head = 31

[INFO] Hierarchical 30-day forecast starting 2024-07-13 00:00:00+00:00
[INFO] Fetching live weather from OpenMeteo API...
                [Auto-selected ECMWF API for 15-day forecast]
[WeatherClient] Fetching 15-day ECMWF forecast
                Location: (48.6946°N, 12.5976°E)
                Period: 2024-07-13 → 2024-07-28
                Tilt/Azimuth: 25.0° / 180.0°
                API: ECMWF
[ERROR] Live weather fetch failed: OpenMeteo API call failed: {'error': True, 'reason': "Parameter 'start_date' is out of allowed range from 2025-10-06 to 2026-01-22"}
[ERROR] Falling back to test weather data if available
       Architecture: Long-head (strategic) + 30× Short-head (tactical) + Physics

[PREP] Preparing data for multi-resolution inference...
       Input frequency detected: 15min
       Resampling to hourly for long-head...
       Hourly shape: historical=(720, 28), weather=(720, 32)

[STEP 1/4] Computing PVLib physics baseline (2880 steps @ 15-min)...
          Weather window: 2880 steps (2024-07-13 00:00:00+00:00 → 2024-08-11 23:45:00+00:00)
          Using pre-computed PVLib baseline (pvlib_ac_kw column)
          PVLib shape: (2880,), range: [0.000, 0.882]

[STEP 2/4] Running long-head TFT (strategic: 720 hours @ 1-hour)...
          Long-head shape: (720,)
          Upsampling long-head to 15-min resolution...
          Long upsampled shape: (2880,)

[STEP 3/4] Rolling short-head refinement (30 days × 96 steps)...
          Day  5/30: α_short=0.65, α_long=0.35, α_ml=0.69
          Day 10/30: α_short=0.50, α_long=0.50, α_ml=0.66
          Day 15/30: α_short=0.35, α_long=0.65, α_ml=0.64
          Day 20/30: α_short=0.35, α_long=0.65, α_ml=0.61
          Day 25/30: α_short=0.35, α_long=0.65, α_ml=0.59
          Day 30/30: α_short=0.35, α_long=0.65, α_ml=0.56
          Final forecast shape: (2880,)
          Final range: [0.000, 0.685]

[STEP 4/4] Validation...
         ✓ Shape correct (2880 steps)
         ✓ Range valid [0.000, 0.685]
         ✓ All night hours zero
         ✓ Daylight mean: 0.358

[SUCCESS] Hierarchical 30-day forecast complete!
          Total TFT calls: 1 long-head + 30 short-head = 31

[INFO] Hierarchical 30-day forecast starting 2024-07-14 00:00:00+00:00
[INFO] Fetching live weather from OpenMeteo API...
                [Auto-selected ECMWF API for 15-day forecast]
[WeatherClient] Fetching 15-day ECMWF forecast
                Location: (48.6946°N, 12.5976°E)
                Period: 2024-07-14 → 2024-07-29
                Tilt/Azimuth: 25.0° / 180.0°
                API: ECMWF
[ERROR] Live weather fetch failed: OpenMeteo API call failed: {'error': True, 'reason': "Parameter 'start_date' is out of allowed range from 2025-10-06 to 2026-01-22"}
[ERROR] Falling back to test weather data if available
       Architecture: Long-head (strategic) + 30× Short-head (tactical) + Physics

[PREP] Preparing data for multi-resolution inference...
       Input frequency detected: 15min
       Resampling to hourly for long-head...
       Hourly shape: historical=(720, 28), weather=(720, 32)

[STEP 1/4] Computing PVLib physics baseline (2880 steps @ 15-min)...
          Weather window: 2880 steps (2024-07-14 00:00:00+00:00 → 2024-08-12 23:45:00+00:00)
          Using pre-computed PVLib baseline (pvlib_ac_kw column)
          PVLib shape: (2880,), range: [0.000, 0.882]

[STEP 2/4] Running long-head TFT (strategic: 720 hours @ 1-hour)...
          Long-head shape: (720,)
          Upsampling long-head to 15-min resolution...
          Long upsampled shape: (2880,)

[STEP 3/4] Rolling short-head refinement (30 days × 96 steps)...
          Day  5/30: α_short=0.65, α_long=0.35, α_ml=0.69
          Day 10/30: α_short=0.50, α_long=0.50, α_ml=0.66
          Day 15/30: α_short=0.35, α_long=0.65, α_ml=0.64
          Day 20/30: α_short=0.35, α_long=0.65, α_ml=0.61
          Day 25/30: α_short=0.35, α_long=0.65, α_ml=0.59
          Day 30/30: α_short=0.35, α_long=0.65, α_ml=0.56
          Final forecast shape: (2880,)
          Final range: [0.000, 0.685]

[STEP 4/4] Validation...
         ✓ Shape correct (2880 steps)
         ✓ Range valid [0.000, 0.685]
         ✓ All night hours zero
         ✓ Daylight mean: 0.359

[SUCCESS] Hierarchical 30-day forecast complete!
          Total TFT calls: 1 long-head + 30 short-head = 31

[INFO] Hierarchical 30-day forecast starting 2024-07-15 00:00:00+00:00
[INFO] Fetching live weather from OpenMeteo API...
                [Auto-selected ECMWF API for 15-day forecast]
[WeatherClient] Fetching 15-day ECMWF forecast
                Location: (48.6946°N, 12.5976°E)
                Period: 2024-07-15 → 2024-07-30
                Tilt/Azimuth: 25.0° / 180.0°
                API: ECMWF
[ERROR] Live weather fetch failed: OpenMeteo API call failed: {'error': True, 'reason': "Parameter 'start_date' is out of allowed range from 2025-10-06 to 2026-01-22"}
[ERROR] Falling back to test weather data if available
       Architecture: Long-head (strategic) + 30× Short-head (tactical) + Physics

[PREP] Preparing data for multi-resolution inference...
       Input frequency detected: 15min
       Resampling to hourly for long-head...
       Hourly shape: historical=(720, 28), weather=(720, 32)

[STEP 1/4] Computing PVLib physics baseline (2880 steps @ 15-min)...
          Weather window: 2880 steps (2024-07-15 00:00:00+00:00 → 2024-08-13 23:45:00+00:00)
          Using pre-computed PVLib baseline (pvlib_ac_kw column)
          PVLib shape: (2880,), range: [0.000, 0.882]

[STEP 2/4] Running long-head TFT (strategic: 720 hours @ 1-hour)...
          Long-head shape: (720,)
          Upsampling long-head to 15-min resolution...
          Long upsampled shape: (2880,)

[STEP 3/4] Rolling short-head refinement (30 days × 96 steps)...
          Day  5/30: α_short=0.65, α_long=0.35, α_ml=0.69
          Day 10/30: α_short=0.50, α_long=0.50, α_ml=0.66
          Day 15/30: α_short=0.35, α_long=0.65, α_ml=0.64
          Day 20/30: α_short=0.35, α_long=0.65, α_ml=0.61
          Day 25/30: α_short=0.35, α_long=0.65, α_ml=0.59
          Day 30/30: α_short=0.35, α_long=0.65, α_ml=0.56
          Final forecast shape: (2880,)
          Final range: [0.000, 0.709]

[STEP 4/4] Validation...
         ✓ Shape correct (2880 steps)
         ✓ Range valid [0.000, 0.709]
         ✓ All night hours zero
         ✓ Daylight mean: 0.356

[SUCCESS] Hierarchical 30-day forecast complete!
          Total TFT calls: 1 long-head + 30 short-head = 31

[INFO] Hierarchical 30-day forecast starting 2024-07-16 00:00:00+00:00
[INFO] Fetching live weather from OpenMeteo API...
                [Auto-selected ECMWF API for 15-day forecast]
[WeatherClient] Fetching 15-day ECMWF forecast
                Location: (48.6946°N, 12.5976°E)
                Period: 2024-07-16 → 2024-07-31
                Tilt/Azimuth: 25.0° / 180.0°
                API: ECMWF
[ERROR] Live weather fetch failed: OpenMeteo API call failed: {'error': True, 'reason': "Parameter 'start_date' is out of allowed range from 2025-10-06 to 2026-01-22"}
/home/dwijenayake/pv_forecast_30d/src/inference/physics_aware_forecaster.py:386: FutureWarning: 'H' is deprecated and will be removed in a future version, please use 'h' instead.
  hourly_hist = historical_df[['timestamp_utc'] + hist_numeric_cols].set_index('timestamp_utc').resample('1H').mean().reset_index()
/home/dwijenayake/pv_forecast_30d/src/inference/physics_aware_forecaster.py:387: FutureWarning: 'H' is deprecated and will be removed in a future version, please use 'h' instead.
  hourly_weather = weather_df[['timestamp_utc'] + weather_numeric_cols].set_index('timestamp_utc').resample('1H').mean().reset_index()
/home/dwijenayake/pv_forecast_30d/src/inference/physics_aware_forecaster.py:386: FutureWarning: 'H' is deprecated and will be removed in a future version, please use 'h' instead.
  hourly_hist = historical_df[['timestamp_utc'] + hist_numeric_cols].set_index('timestamp_utc').resample('1H').mean().reset_index()
/home/dwijenayake/pv_forecast_30d/src/inference/physics_aware_forecaster.py:387: FutureWarning: 'H' is deprecated and will be removed in a future version, please use 'h' instead.
  hourly_weather = weather_df[['timestamp_utc'] + weather_numeric_cols].set_index('timestamp_utc').resample('1H').mean().reset_index()
/home/dwijenayake/pv_forecast_30d/src/inference/physics_aware_forecaster.py:386: FutureWarning: 'H' is deprecated and will be removed in a future version, please use 'h' instead.
  hourly_hist = historical_df[['timestamp_utc'] + hist_numeric_cols].set_index('timestamp_utc').resample('1H').mean().reset_index()
/home/dwijenayake/pv_forecast_30d/src/inference/physics_aware_forecaster.py:387: FutureWarning: 'H' is deprecated and will be removed in a future version, please use 'h' instead.
  hourly_weather = weather_df[['timestamp_utc'] + weather_numeric_cols].set_index('timestamp_utc').resample('1H').mean().reset_index()
/home/dwijenayake/pv_forecast_30d/src/inference/physics_aware_forecaster.py:386: FutureWarning: 'H' is deprecated and will be removed in a future version, please use 'h' instead.
  hourly_hist = historical_df[['timestamp_utc'] + hist_numeric_cols].set_index('timestamp_utc').resample('1H').mean().reset_index()
/home/dwijenayake/pv_forecast_30d/src/inference/physics_aware_forecaster.py:387: FutureWarning: 'H' is deprecated and will be removed in a future version, please use 'h' instead.
  hourly_weather = weather_df[['timestamp_utc'] + weather_numeric_cols].set_index('timestamp_utc').resample('1H').mean().reset_index()
[ERROR] Falling back to test weather data if available
       Architecture: Long-head (strategic) + 30× Short-head (tactical) + Physics

[PREP] Preparing data for multi-resolution inference...
       Input frequency detected: 15min
       Resampling to hourly for long-head...
       Hourly shape: historical=(720, 28), weather=(720, 32)

[STEP 1/4] Computing PVLib physics baseline (2880 steps @ 15-min)...
          Weather window: 2880 steps (2024-07-16 00:00:00+00:00 → 2024-08-14 23:45:00+00:00)
          Using pre-computed PVLib baseline (pvlib_ac_kw column)
          PVLib shape: (2880,), range: [0.000, 0.882]

[STEP 2/4] Running long-head TFT (strategic: 720 hours @ 1-hour)...
          Long-head shape: (720,)
          Upsampling long-head to 15-min resolution...
          Long upsampled shape: (2880,)

[STEP 3/4] Rolling short-head refinement (30 days × 96 steps)...
          Day  5/30: α_short=0.65, α_long=0.35, α_ml=0.69
          Day 10/30: α_short=0.50, α_long=0.50, α_ml=0.66
          Day 15/30: α_short=0.35, α_long=0.65, α_ml=0.64
          Day 20/30: α_short=0.35, α_long=0.65, α_ml=0.61
          Day 25/30: α_short=0.35, α_long=0.65, α_ml=0.59
          Day 30/30: α_short=0.35, α_long=0.65, α_ml=0.56
          Final forecast shape: (2880,)
          Final range: [0.000, 0.708]

[STEP 4/4] Validation...
         ✓ Shape correct (2880 steps)
         ✓ Range valid [0.000, 0.708]
         ✓ All night hours zero
         ✓ Daylight mean: 0.357

[SUCCESS] Hierarchical 30-day forecast complete!
          Total TFT calls: 1 long-head + 30 short-head = 31

[INFO] Hierarchical 30-day forecast starting 2024-07-17 00:00:00+00:00
[INFO] Fetching live weather from OpenMeteo API...
                [Auto-selected ECMWF API for 15-day forecast]
[WeatherClient] Fetching 15-day ECMWF forecast
                Location: (48.6946°N, 12.5976°E)
                Period: 2024-07-17 → 2024-08-01
                Tilt/Azimuth: 25.0° / 180.0°
                API: ECMWF
[ERROR] Live weather fetch failed: OpenMeteo API call failed: {'reason': "Parameter 'start_date' is out of allowed range from 2025-10-06 to 2026-01-22", 'error': True}
[ERROR] Falling back to test weather data if available
       Architecture: Long-head (strategic) + 30× Short-head (tactical) + Physics

[PREP] Preparing data for multi-resolution inference...
       Input frequency detected: 15min
       Resampling to hourly for long-head...
       Hourly shape: historical=(720, 28), weather=(720, 32)

[STEP 1/4] Computing PVLib physics baseline (2880 steps @ 15-min)...
          Weather window: 2880 steps (2024-07-17 00:00:00+00:00 → 2024-08-15 23:45:00+00:00)
          Using pre-computed PVLib baseline (pvlib_ac_kw column)
          PVLib shape: (2880,), range: [0.000, 0.882]

[STEP 2/4] Running long-head TFT (strategic: 720 hours @ 1-hour)...
          Long-head shape: (720,)
          Upsampling long-head to 15-min resolution...
          Long upsampled shape: (2880,)

[STEP 3/4] Rolling short-head refinement (30 days × 96 steps)...
          Day  5/30: α_short=0.65, α_long=0.35, α_ml=0.69
          Day 10/30: α_short=0.50, α_long=0.50, α_ml=0.66
          Day 15/30: α_short=0.35, α_long=0.65, α_ml=0.64
          Day 20/30: α_short=0.35, α_long=0.65, α_ml=0.61
          Day 25/30: α_short=0.35, α_long=0.65, α_ml=0.59
          Day 30/30: α_short=0.35, α_long=0.65, α_ml=0.56
          Final forecast shape: (2880,)
          Final range: [0.000, 0.707]

[STEP 4/4] Validation...
         ✓ Shape correct (2880 steps)
         ✓ Range valid [0.000, 0.707]
         ✓ All night hours zero
         ✓ Daylight mean: 0.358

[SUCCESS] Hierarchical 30-day forecast complete!
          Total TFT calls: 1 long-head + 30 short-head = 31

[INFO] Hierarchical 30-day forecast starting 2024-07-18 00:00:00+00:00
[INFO] Fetching live weather from OpenMeteo API...
                [Auto-selected ECMWF API for 15-day forecast]
[WeatherClient] Fetching 15-day ECMWF forecast
                Location: (48.6946°N, 12.5976°E)
                Period: 2024-07-18 → 2024-08-02
                Tilt/Azimuth: 25.0° / 180.0°
                API: ECMWF
[ERROR] Live weather fetch failed: OpenMeteo API call failed: {'error': True, 'reason': "Parameter 'start_date' is out of allowed range from 2025-10-06 to 2026-01-22"}
[ERROR] Falling back to test weather data if available
       Architecture: Long-head (strategic) + 30× Short-head (tactical) + Physics

[PREP] Preparing data for multi-resolution inference...
       Input frequency detected: 15min
       Resampling to hourly for long-head...
       Hourly shape: historical=(720, 28), weather=(720, 32)

[STEP 1/4] Computing PVLib physics baseline (2880 steps @ 15-min)...
          Weather window: 2880 steps (2024-07-18 00:00:00+00:00 → 2024-08-16 23:45:00+00:00)
          Using pre-computed PVLib baseline (pvlib_ac_kw column)
          PVLib shape: (2880,), range: [0.000, 0.882]

[STEP 2/4] Running long-head TFT (strategic: 720 hours @ 1-hour)...
          Long-head shape: (720,)
          Upsampling long-head to 15-min resolution...
          Long upsampled shape: (2880,)

[STEP 3/4] Rolling short-head refinement (30 days × 96 steps)...
          Day  5/30: α_short=0.65, α_long=0.35, α_ml=0.69
          Day 10/30: α_short=0.50, α_long=0.50, α_ml=0.66
          Day 15/30: α_short=0.35, α_long=0.65, α_ml=0.64
          Day 20/30: α_short=0.35, α_long=0.65, α_ml=0.61
          Day 25/30: α_short=0.35, α_long=0.65, α_ml=0.59
          Day 30/30: α_short=0.35, α_long=0.65, α_ml=0.56
          Final forecast shape: (2880,)
          Final range: [0.000, 0.706]

[STEP 4/4] Validation...
         ✓ Shape correct (2880 steps)
         ✓ Range valid [0.000, 0.706]
         ✓ All night hours zero
         ✓ Daylight mean: 0.360

[SUCCESS] Hierarchical 30-day forecast complete!
          Total TFT calls: 1 long-head + 30 short-head = 31

[INFO] Hierarchical 30-day forecast starting 2024-07-19 00:00:00+00:00
[INFO] Fetching live weather from OpenMeteo API...
                [Auto-selected ECMWF API for 15-day forecast]
[WeatherClient] Fetching 15-day ECMWF forecast
                Location: (48.6946°N, 12.5976°E)
                Period: 2024-07-19 → 2024-08-03
                Tilt/Azimuth: 25.0° / 180.0°
                API: ECMWF
[ERROR] Live weather fetch failed: OpenMeteo API call failed: {'reason': "Parameter 'start_date' is out of allowed range from 2025-10-06 to 2026-01-22", 'error': True}
[ERROR] Falling back to test weather data if available
       Architecture: Long-head (strategic) + 30× Short-head (tactical) + Physics

[PREP] Preparing data for multi-resolution inference...
       Input frequency detected: 15min
       Resampling to hourly for long-head...
       Hourly shape: historical=(720, 28), weather=(720, 32)

[STEP 1/4] Computing PVLib physics baseline (2880 steps @ 15-min)...
          Weather window: 2880 steps (2024-07-19 00:00:00+00:00 → 2024-08-17 23:45:00+00:00)
          Using pre-computed PVLib baseline (pvlib_ac_kw column)
          PVLib shape: (2880,), range: [0.000, 0.882]

[STEP 2/4] Running long-head TFT (strategic: 720 hours @ 1-hour)...
          Long-head shape: (720,)
          Upsampling long-head to 15-min resolution...
          Long upsampled shape: (2880,)

[STEP 3/4] Rolling short-head refinement (30 days × 96 steps)...
          Day  5/30: α_short=0.65, α_long=0.35, α_ml=0.69
          Day 10/30: α_short=0.50, α_long=0.50, α_ml=0.66
          Day 15/30: α_short=0.35, α_long=0.65, α_ml=0.64
          Day 20/30: α_short=0.35, α_long=0.65, α_ml=0.61
          Day 25/30: α_short=0.35, α_long=0.65, α_ml=0.59
          Day 30/30: α_short=0.35, α_long=0.65, α_ml=0.56
          Final forecast shape: (2880,)
          Final range: [0.000, 0.706]

[STEP 4/4] Validation...
         ✓ Shape correct (2880 steps)
         ✓ Range valid [0.000, 0.706]
         ✓ All night hours zero
         ✓ Daylight mean: 0.356

[SUCCESS] Hierarchical 30-day forecast complete!
          Total TFT calls: 1 long-head + 30 short-head = 31
/home/dwijenayake/pv_forecast_30d/src/inference/physics_aware_forecaster.py:386: FutureWarning: 'H' is deprecated and will be removed in a future version, please use 'h' instead.
  hourly_hist = historical_df[['timestamp_utc'] + hist_numeric_cols].set_index('timestamp_utc').resample('1H').mean().reset_index()
/home/dwijenayake/pv_forecast_30d/src/inference/physics_aware_forecaster.py:387: FutureWarning: 'H' is deprecated and will be removed in a future version, please use 'h' instead.
  hourly_weather = weather_df[['timestamp_utc'] + weather_numeric_cols].set_index('timestamp_utc').resample('1H').mean().reset_index()
/home/dwijenayake/pv_forecast_30d/src/inference/physics_aware_forecaster.py:386: FutureWarning: 'H' is deprecated and will be removed in a future version, please use 'h' instead.
  hourly_hist = historical_df[['timestamp_utc'] + hist_numeric_cols].set_index('timestamp_utc').resample('1H').mean().reset_index()
/home/dwijenayake/pv_forecast_30d/src/inference/physics_aware_forecaster.py:387: FutureWarning: 'H' is deprecated and will be removed in a future version, please use 'h' instead.
  hourly_weather = weather_df[['timestamp_utc'] + weather_numeric_cols].set_index('timestamp_utc').resample('1H').mean().reset_index()
/home/dwijenayake/pv_forecast_30d/src/inference/physics_aware_forecaster.py:386: FutureWarning: 'H' is deprecated and will be removed in a future version, please use 'h' instead.
  hourly_hist = historical_df[['timestamp_utc'] + hist_numeric_cols].set_index('timestamp_utc').resample('1H').mean().reset_index()
/home/dwijenayake/pv_forecast_30d/src/inference/physics_aware_forecaster.py:387: FutureWarning: 'H' is deprecated and will be removed in a future version, please use 'h' instead.
  hourly_weather = weather_df[['timestamp_utc'] + weather_numeric_cols].set_index('timestamp_utc').resample('1H').mean().reset_index()
/home/dwijenayake/pv_forecast_30d/src/inference/physics_aware_forecaster.py:386: FutureWarning: 'H' is deprecated and will be removed in a future version, please use 'h' instead.
  hourly_hist = historical_df[['timestamp_utc'] + hist_numeric_cols].set_index('timestamp_utc').resample('1H').mean().reset_index()
/home/dwijenayake/pv_forecast_30d/src/inference/physics_aware_forecaster.py:387: FutureWarning: 'H' is deprecated and will be removed in a future version, please use 'h' instead.
  hourly_weather = weather_df[['timestamp_utc'] + weather_numeric_cols].set_index('timestamp_utc').resample('1H').mean().reset_index()

[INFO] Hierarchical 30-day forecast starting 2024-07-20 00:00:00+00:00
[INFO] Fetching live weather from OpenMeteo API...
                [Auto-selected ECMWF API for 15-day forecast]
[WeatherClient] Fetching 15-day ECMWF forecast
                Location: (48.6946°N, 12.5976°E)
                Period: 2024-07-20 → 2024-08-04
                Tilt/Azimuth: 25.0° / 180.0°
                API: ECMWF
[ERROR] Live weather fetch failed: OpenMeteo API call failed: {'error': True, 'reason': "Parameter 'start_date' is out of allowed range from 2025-10-06 to 2026-01-22"}
[ERROR] Falling back to test weather data if available
       Architecture: Long-head (strategic) + 30× Short-head (tactical) + Physics

[PREP] Preparing data for multi-resolution inference...
       Input frequency detected: 15min
       Resampling to hourly for long-head...
       Hourly shape: historical=(720, 28), weather=(720, 32)

[STEP 1/4] Computing PVLib physics baseline (2880 steps @ 15-min)...
          Weather window: 2880 steps (2024-07-20 00:00:00+00:00 → 2024-08-18 23:45:00+00:00)
          Using pre-computed PVLib baseline (pvlib_ac_kw column)
          PVLib shape: (2880,), range: [0.000, 0.882]

[STEP 2/4] Running long-head TFT (strategic: 720 hours @ 1-hour)...
          Long-head shape: (720,)
          Upsampling long-head to 15-min resolution...
          Long upsampled shape: (2880,)

[STEP 3/4] Rolling short-head refinement (30 days × 96 steps)...
          Day  5/30: α_short=0.65, α_long=0.35, α_ml=0.69
          Day 10/30: α_short=0.50, α_long=0.50, α_ml=0.66
          Day 15/30: α_short=0.35, α_long=0.65, α_ml=0.64
          Day 20/30: α_short=0.35, α_long=0.65, α_ml=0.61
          Day 25/30: α_short=0.35, α_long=0.65, α_ml=0.59
          Day 30/30: α_short=0.35, α_long=0.65, α_ml=0.56
          Final forecast shape: (2880,)
          Final range: [0.000, 0.702]

[STEP 4/4] Validation...
         ✓ Shape correct (2880 steps)
         ✓ Range valid [0.000, 0.702]
         ✓ All night hours zero
         ✓ Daylight mean: 0.348

[SUCCESS] Hierarchical 30-day forecast complete!
          Total TFT calls: 1 long-head + 30 short-head = 31

[INFO] Hierarchical 30-day forecast starting 2024-07-21 00:00:00+00:00
[INFO] Fetching live weather from OpenMeteo API...
                [Auto-selected ECMWF API for 15-day forecast]
[WeatherClient] Fetching 15-day ECMWF forecast
                Location: (48.6946°N, 12.5976°E)
                Period: 2024-07-21 → 2024-08-05
                Tilt/Azimuth: 25.0° / 180.0°
                API: ECMWF
[ERROR] Live weather fetch failed: OpenMeteo API call failed: {'reason': "Parameter 'start_date' is out of allowed range from 2025-10-06 to 2026-01-22", 'error': True}
[ERROR] Falling back to test weather data if available
       Architecture: Long-head (strategic) + 30× Short-head (tactical) + Physics

[PREP] Preparing data for multi-resolution inference...
       Input frequency detected: 15min
       Resampling to hourly for long-head...
       Hourly shape: historical=(720, 28), weather=(720, 32)

[STEP 1/4] Computing PVLib physics baseline (2880 steps @ 15-min)...
          Weather window: 2880 steps (2024-07-21 00:00:00+00:00 → 2024-08-19 23:45:00+00:00)
          Using pre-computed PVLib baseline (pvlib_ac_kw column)
          PVLib shape: (2880,), range: [0.000, 0.882]

[STEP 2/4] Running long-head TFT (strategic: 720 hours @ 1-hour)...
          Long-head shape: (720,)
          Upsampling long-head to 15-min resolution...
          Long upsampled shape: (2880,)

[STEP 3/4] Rolling short-head refinement (30 days × 96 steps)...
          Day  5/30: α_short=0.65, α_long=0.35, α_ml=0.69
          Day 10/30: α_short=0.50, α_long=0.50, α_ml=0.66
          Day 15/30: α_short=0.35, α_long=0.65, α_ml=0.64
          Day 20/30: α_short=0.35, α_long=0.65, α_ml=0.61
          Day 25/30: α_short=0.35, α_long=0.65, α_ml=0.59
          Day 30/30: α_short=0.35, α_long=0.65, α_ml=0.56
          Final forecast shape: (2880,)
          Final range: [0.000, 0.706]

[STEP 4/4] Validation...
         ✓ Shape correct (2880 steps)
         ✓ Range valid [0.000, 0.706]
         ✓ All night hours zero
         ✓ Daylight mean: 0.349

[SUCCESS] Hierarchical 30-day forecast complete!
          Total TFT calls: 1 long-head + 30 short-head = 31

[INFO] Hierarchical 30-day forecast starting 2024-07-22 00:00:00+00:00
[INFO] Fetching live weather from OpenMeteo API...
                [Auto-selected ECMWF API for 15-day forecast]
[WeatherClient] Fetching 15-day ECMWF forecast
                Location: (48.6946°N, 12.5976°E)
                Period: 2024-07-22 → 2024-08-06
                Tilt/Azimuth: 25.0° / 180.0°
                API: ECMWF
[ERROR] Live weather fetch failed: OpenMeteo API call failed: {'error': True, 'reason': "Parameter 'start_date' is out of allowed range from 2025-10-06 to 2026-01-22"}
[ERROR] Falling back to test weather data if available
       Architecture: Long-head (strategic) + 30× Short-head (tactical) + Physics

[PREP] Preparing data for multi-resolution inference...
       Input frequency detected: 15min
       Resampling to hourly for long-head...
       Hourly shape: historical=(720, 28), weather=(720, 32)

[STEP 1/4] Computing PVLib physics baseline (2880 steps @ 15-min)...
          Weather window: 2880 steps (2024-07-22 00:00:00+00:00 → 2024-08-20 23:45:00+00:00)
          Using pre-computed PVLib baseline (pvlib_ac_kw column)
          PVLib shape: (2880,), range: [0.000, 0.882]

[STEP 2/4] Running long-head TFT (strategic: 720 hours @ 1-hour)...
          Long-head shape: (720,)
          Upsampling long-head to 15-min resolution...
          Long upsampled shape: (2880,)

[STEP 3/4] Rolling short-head refinement (30 days × 96 steps)...
          Day  5/30: α_short=0.65, α_long=0.35, α_ml=0.69
          Day 10/30: α_short=0.50, α_long=0.50, α_ml=0.66
          Day 15/30: α_short=0.35, α_long=0.65, α_ml=0.64
          Day 20/30: α_short=0.35, α_long=0.65, α_ml=0.61
          Day 25/30: α_short=0.35, α_long=0.65, α_ml=0.59
          Day 30/30: α_short=0.35, α_long=0.65, α_ml=0.56
          Final forecast shape: (2880,)
          Final range: [0.000, 0.682]

[STEP 4/4] Validation...
         ✓ Shape correct (2880 steps)
         ✓ Range valid [0.000, 0.682]
         ✓ All night hours zero
         ✓ Daylight mean: 0.343

[SUCCESS] Hierarchical 30-day forecast complete!
          Total TFT calls: 1 long-head + 30 short-head = 31

[INFO] Hierarchical 30-day forecast starting 2024-07-23 00:00:00+00:00
[INFO] Fetching live weather from OpenMeteo API...
                [Auto-selected ECMWF API for 15-day forecast]
[WeatherClient] Fetching 15-day ECMWF forecast
                Location: (48.6946°N, 12.5976°E)
                Period: 2024-07-23 → 2024-08-07
                Tilt/Azimuth: 25.0° / 180.0°
                API: ECMWF
[ERROR] Live weather fetch failed: OpenMeteo API call failed: {'reason': "Parameter 'start_date' is out of allowed range from 2025-10-06 to 2026-01-22", 'error': True}
[ERROR] Falling back to test weather data if available
       Architecture: Long-head (strategic) + 30× Short-head (tactical) + Physics

[PREP] Preparing data for multi-resolution inference...
       Input frequency detected: 15min
       Resampling to hourly for long-head...
       Hourly shape: historical=(720, 28), weather=(720, 32)

[STEP 1/4] Computing PVLib physics baseline (2880 steps @ 15-min)...
          Weather window: 2880 steps (2024-07-23 00:00:00+00:00 → 2024-08-21 23:45:00+00:00)
          Using pre-computed PVLib baseline (pvlib_ac_kw column)
          PVLib shape: (2880,), range: [0.000, 0.882]

[STEP 2/4] Running long-head TFT (strategic: 720 hours @ 1-hour)...
          Long-head shape: (720,)
          Upsampling long-head to 15-min resolution...
          Long upsampled shape: (2880,)

[STEP 3/4] Rolling short-head refinement (30 days × 96 steps)...
          Day  5/30: α_short=0.65, α_long=0.35, α_ml=0.69
          Day 10/30: α_short=0.50, α_long=0.50, α_ml=0.66
/home/dwijenayake/pv_forecast_30d/src/inference/physics_aware_forecaster.py:386: FutureWarning: 'H' is deprecated and will be removed in a future version, please use 'h' instead.
  hourly_hist = historical_df[['timestamp_utc'] + hist_numeric_cols].set_index('timestamp_utc').resample('1H').mean().reset_index()
/home/dwijenayake/pv_forecast_30d/src/inference/physics_aware_forecaster.py:387: FutureWarning: 'H' is deprecated and will be removed in a future version, please use 'h' instead.
  hourly_weather = weather_df[['timestamp_utc'] + weather_numeric_cols].set_index('timestamp_utc').resample('1H').mean().reset_index()
/home/dwijenayake/pv_forecast_30d/src/inference/physics_aware_forecaster.py:386: FutureWarning: 'H' is deprecated and will be removed in a future version, please use 'h' instead.
  hourly_hist = historical_df[['timestamp_utc'] + hist_numeric_cols].set_index('timestamp_utc').resample('1H').mean().reset_index()
/home/dwijenayake/pv_forecast_30d/src/inference/physics_aware_forecaster.py:387: FutureWarning: 'H' is deprecated and will be removed in a future version, please use 'h' instead.
  hourly_weather = weather_df[['timestamp_utc'] + weather_numeric_cols].set_index('timestamp_utc').resample('1H').mean().reset_index()
/home/dwijenayake/pv_forecast_30d/src/inference/physics_aware_forecaster.py:386: FutureWarning: 'H' is deprecated and will be removed in a future version, please use 'h' instead.
  hourly_hist = historical_df[['timestamp_utc'] + hist_numeric_cols].set_index('timestamp_utc').resample('1H').mean().reset_index()
/home/dwijenayake/pv_forecast_30d/src/inference/physics_aware_forecaster.py:387: FutureWarning: 'H' is deprecated and will be removed in a future version, please use 'h' instead.
  hourly_weather = weather_df[['timestamp_utc'] + weather_numeric_cols].set_index('timestamp_utc').resample('1H').mean().reset_index()
/home/dwijenayake/pv_forecast_30d/src/inference/physics_aware_forecaster.py:386: FutureWarning: 'H' is deprecated and will be removed in a future version, please use 'h' instead.
  hourly_hist = historical_df[['timestamp_utc'] + hist_numeric_cols].set_index('timestamp_utc').resample('1H').mean().reset_index()
/home/dwijenayake/pv_forecast_30d/src/inference/physics_aware_forecaster.py:387: FutureWarning: 'H' is deprecated and will be removed in a future version, please use 'h' instead.
  hourly_weather = weather_df[['timestamp_utc'] + weather_numeric_cols].set_index('timestamp_utc').resample('1H').mean().reset_index()
          Day 15/30: α_short=0.35, α_long=0.65, α_ml=0.64
          Day 20/30: α_short=0.35, α_long=0.65, α_ml=0.61
          Day 25/30: α_short=0.35, α_long=0.65, α_ml=0.59
          Day 30/30: α_short=0.35, α_long=0.65, α_ml=0.56
          Final forecast shape: (2880,)
          Final range: [0.000, 0.702]

[STEP 4/4] Validation...
         ✓ Shape correct (2880 steps)
         ✓ Range valid [0.000, 0.702]
         ✓ All night hours zero
         ✓ Daylight mean: 0.344

[SUCCESS] Hierarchical 30-day forecast complete!
          Total TFT calls: 1 long-head + 30 short-head = 31

[INFO] Hierarchical 30-day forecast starting 2024-07-24 00:00:00+00:00
[INFO] Fetching live weather from OpenMeteo API...
                [Auto-selected ECMWF API for 15-day forecast]
[WeatherClient] Fetching 15-day ECMWF forecast
                Location: (48.6946°N, 12.5976°E)
                Period: 2024-07-24 → 2024-08-08
                Tilt/Azimuth: 25.0° / 180.0°
                API: ECMWF
[ERROR] Live weather fetch failed: OpenMeteo API call failed: {'error': True, 'reason': "Parameter 'start_date' is out of allowed range from 2025-10-06 to 2026-01-22"}
[ERROR] Falling back to test weather data if available
       Architecture: Long-head (strategic) + 30× Short-head (tactical) + Physics

[PREP] Preparing data for multi-resolution inference...
       Input frequency detected: 15min
       Resampling to hourly for long-head...
       Hourly shape: historical=(720, 28), weather=(720, 32)

[STEP 1/4] Computing PVLib physics baseline (2880 steps @ 15-min)...
          Weather window: 2880 steps (2024-07-24 00:00:00+00:00 → 2024-08-22 23:45:00+00:00)
          Using pre-computed PVLib baseline (pvlib_ac_kw column)
          PVLib shape: (2880,), range: [0.000, 0.882]

[STEP 2/4] Running long-head TFT (strategic: 720 hours @ 1-hour)...
          Long-head shape: (720,)
          Upsampling long-head to 15-min resolution...
          Long upsampled shape: (2880,)

[STEP 3/4] Rolling short-head refinement (30 days × 96 steps)...
          Day  5/30: α_short=0.65, α_long=0.35, α_ml=0.69
          Day 10/30: α_short=0.50, α_long=0.50, α_ml=0.66
          Day 15/30: α_short=0.35, α_long=0.65, α_ml=0.64
          Day 20/30: α_short=0.35, α_long=0.65, α_ml=0.61
          Day 25/30: α_short=0.35, α_long=0.65, α_ml=0.59
          Day 30/30: α_short=0.35, α_long=0.65, α_ml=0.56
          Final forecast shape: (2880,)
          Final range: [0.000, 0.727]

[STEP 4/4] Validation...
         ✓ Shape correct (2880 steps)
         ✓ Range valid [0.000, 0.727]
         ✓ All night hours zero
         ✓ Daylight mean: 0.346

[SUCCESS] Hierarchical 30-day forecast complete!
          Total TFT calls: 1 long-head + 30 short-head = 31

[INFO] Hierarchical 30-day forecast starting 2024-07-25 00:00:00+00:00
[INFO] Fetching live weather from OpenMeteo API...
                [Auto-selected ECMWF API for 15-day forecast]
[WeatherClient] Fetching 15-day ECMWF forecast
                Location: (48.6946°N, 12.5976°E)
                Period: 2024-07-25 → 2024-08-09
                Tilt/Azimuth: 25.0° / 180.0°
                API: ECMWF
[ERROR] Live weather fetch failed: OpenMeteo API call failed: {'error': True, 'reason': "Parameter 'start_date' is out of allowed range from 2025-10-06 to 2026-01-22"}
[ERROR] Falling back to test weather data if available
       Architecture: Long-head (strategic) + 30× Short-head (tactical) + Physics

[PREP] Preparing data for multi-resolution inference...
       Input frequency detected: 15min
       Resampling to hourly for long-head...
       Hourly shape: historical=(720, 28), weather=(720, 32)

[STEP 1/4] Computing PVLib physics baseline (2880 steps @ 15-min)...
          Weather window: 2880 steps (2024-07-25 00:00:00+00:00 → 2024-08-23 23:45:00+00:00)
          Using pre-computed PVLib baseline (pvlib_ac_kw column)
          PVLib shape: (2880,), range: [0.000, 0.882]

[STEP 2/4] Running long-head TFT (strategic: 720 hours @ 1-hour)...
          Long-head shape: (720,)
          Upsampling long-head to 15-min resolution...
          Long upsampled shape: (2880,)

[STEP 3/4] Rolling short-head refinement (30 days × 96 steps)...
          Day  5/30: α_short=0.65, α_long=0.35, α_ml=0.69
          Day 10/30: α_short=0.50, α_long=0.50, α_ml=0.66
          Day 15/30: α_short=0.35, α_long=0.65, α_ml=0.64
          Day 20/30: α_short=0.35, α_long=0.65, α_ml=0.61
          Day 25/30: α_short=0.35, α_long=0.65, α_ml=0.59
          Day 30/30: α_short=0.35, α_long=0.65, α_ml=0.56
          Final forecast shape: (2880,)
          Final range: [0.000, 0.726]

[STEP 4/4] Validation...
         ✓ Shape correct (2880 steps)
         ✓ Range valid [0.000, 0.726]
         ✓ All night hours zero
         ✓ Daylight mean: 0.348

[SUCCESS] Hierarchical 30-day forecast complete!
          Total TFT calls: 1 long-head + 30 short-head = 31

[INFO] Hierarchical 30-day forecast starting 2024-07-26 00:00:00+00:00
[INFO] Fetching live weather from OpenMeteo API...
                [Auto-selected ECMWF API for 15-day forecast]
[WeatherClient] Fetching 15-day ECMWF forecast
                Location: (48.6946°N, 12.5976°E)
                Period: 2024-07-26 → 2024-08-10
                Tilt/Azimuth: 25.0° / 180.0°
                API: ECMWF
[ERROR] Live weather fetch failed: OpenMeteo API call failed: {'reason': "Parameter 'start_date' is out of allowed range from 2025-10-06 to 2026-01-22", 'error': True}
[ERROR] Falling back to test weather data if available
       Architecture: Long-head (strategic) + 30× Short-head (tactical) + Physics

[PREP] Preparing data for multi-resolution inference...
       Input frequency detected: 15min
       Resampling to hourly for long-head...
       Hourly shape: historical=(720, 28), weather=(720, 32)

[STEP 1/4] Computing PVLib physics baseline (2880 steps @ 15-min)...
          Weather window: 2880 steps (2024-07-26 00:00:00+00:00 → 2024-08-24 23:45:00+00:00)
          Using pre-computed PVLib baseline (pvlib_ac_kw column)
          PVLib shape: (2880,), range: [0.000, 0.882]

[STEP 2/4] Running long-head TFT (strategic: 720 hours @ 1-hour)...
          Long-head shape: (720,)
          Upsampling long-head to 15-min resolution...
          Long upsampled shape: (2880,)

[STEP 3/4] Rolling short-head refinement (30 days × 96 steps)...
          Day  5/30: α_short=0.65, α_long=0.35, α_ml=0.69
          Day 10/30: α_short=0.50, α_long=0.50, α_ml=0.66
          Day 15/30: α_short=0.35, α_long=0.65, α_ml=0.64
          Day 20/30: α_short=0.35, α_long=0.65, α_ml=0.61
          Day 25/30: α_short=0.35, α_long=0.65, α_ml=0.59
          Day 30/30: α_short=0.35, α_long=0.65, α_ml=0.56
          Final forecast shape: (2880,)
          Final range: [0.000, 0.725]

[STEP 4/4] Validation...
         ✓ Shape correct (2880 steps)
         ✓ Range valid [0.000, 0.725]
         ✓ All night hours zero
         ✓ Daylight mean: 0.346

[SUCCESS] Hierarchical 30-day forecast complete!
          Total TFT calls: 1 long-head + 30 short-head = 31

[INFO] Hierarchical 30-day forecast starting 2024-07-27 00:00:00+00:00
[INFO] Fetching live weather from OpenMeteo API...
                [Auto-selected ECMWF API for 15-day forecast]
[WeatherClient] Fetching 15-day ECMWF forecast
                Location: (48.6946°N, 12.5976°E)
                Period: 2024-07-27 → 2024-08-11
                Tilt/Azimuth: 25.0° / 180.0°
                API: ECMWF
[ERROR] Live weather fetch failed: OpenMeteo API call failed: {'error': True, 'reason': "Parameter 'start_date' is out of allowed range from 2025-10-06 to 2026-01-22"}
[ERROR] Falling back to test weather data if available
       Architecture: Long-head (strategic) + 30× Short-head (tactical) + Physics

[PREP] Preparing data for multi-resolution inference...
       Input frequency detected: 15min
       Resampling to hourly for long-head...
       Hourly shape: historical=(720, 28), weather=(720, 32)

[STEP 1/4] Computing PVLib physics baseline (2880 steps @ 15-min)...
/home/dwijenayake/pv_forecast_30d/src/inference/physics_aware_forecaster.py:386: FutureWarning: 'H' is deprecated and will be removed in a future version, please use 'h' instead.
  hourly_hist = historical_df[['timestamp_utc'] + hist_numeric_cols].set_index('timestamp_utc').resample('1H').mean().reset_index()
/home/dwijenayake/pv_forecast_30d/src/inference/physics_aware_forecaster.py:387: FutureWarning: 'H' is deprecated and will be removed in a future version, please use 'h' instead.
  hourly_weather = weather_df[['timestamp_utc'] + weather_numeric_cols].set_index('timestamp_utc').resample('1H').mean().reset_index()
/home/dwijenayake/pv_forecast_30d/src/inference/physics_aware_forecaster.py:386: FutureWarning: 'H' is deprecated and will be removed in a future version, please use 'h' instead.
  hourly_hist = historical_df[['timestamp_utc'] + hist_numeric_cols].set_index('timestamp_utc').resample('1H').mean().reset_index()
/home/dwijenayake/pv_forecast_30d/src/inference/physics_aware_forecaster.py:387: FutureWarning: 'H' is deprecated and will be removed in a future version, please use 'h' instead.
  hourly_weather = weather_df[['timestamp_utc'] + weather_numeric_cols].set_index('timestamp_utc').resample('1H').mean().reset_index()
/home/dwijenayake/pv_forecast_30d/src/inference/physics_aware_forecaster.py:386: FutureWarning: 'H' is deprecated and will be removed in a future version, please use 'h' instead.
  hourly_hist = historical_df[['timestamp_utc'] + hist_numeric_cols].set_index('timestamp_utc').resample('1H').mean().reset_index()
/home/dwijenayake/pv_forecast_30d/src/inference/physics_aware_forecaster.py:387: FutureWarning: 'H' is deprecated and will be removed in a future version, please use 'h' instead.
  hourly_weather = weather_df[['timestamp_utc'] + weather_numeric_cols].set_index('timestamp_utc').resample('1H').mean().reset_index()
          Weather window: 2880 steps (2024-07-27 00:00:00+00:00 → 2024-08-25 23:45:00+00:00)
          Using pre-computed PVLib baseline (pvlib_ac_kw column)
          PVLib shape: (2880,), range: [0.000, 0.882]

[STEP 2/4] Running long-head TFT (strategic: 720 hours @ 1-hour)...
          Long-head shape: (720,)
          Upsampling long-head to 15-min resolution...
          Long upsampled shape: (2880,)

[STEP 3/4] Rolling short-head refinement (30 days × 96 steps)...
          Day  5/30: α_short=0.65, α_long=0.35, α_ml=0.69
          Day 10/30: α_short=0.50, α_long=0.50, α_ml=0.66
          Day 15/30: α_short=0.35, α_long=0.65, α_ml=0.64
          Day 20/30: α_short=0.35, α_long=0.65, α_ml=0.61
          Day 25/30: α_short=0.35, α_long=0.65, α_ml=0.59
          Day 30/30: α_short=0.35, α_long=0.65, α_ml=0.56
          Final forecast shape: (2880,)
          Final range: [0.000, 0.724]

[STEP 4/4] Validation...
         ✓ Shape correct (2880 steps)
         ✓ Range valid [0.000, 0.724]
         ✓ All night hours zero
         ✓ Daylight mean: 0.342

[SUCCESS] Hierarchical 30-day forecast complete!
          Total TFT calls: 1 long-head + 30 short-head = 31

[INFO] Hierarchical 30-day forecast starting 2024-07-28 00:00:00+00:00
[INFO] Fetching live weather from OpenMeteo API...
                [Auto-selected ECMWF API for 15-day forecast]
[WeatherClient] Fetching 15-day ECMWF forecast
                Location: (48.6946°N, 12.5976°E)
                Period: 2024-07-28 → 2024-08-12
                Tilt/Azimuth: 25.0° / 180.0°
                API: ECMWF
[ERROR] Live weather fetch failed: OpenMeteo API call failed: {'reason': "Parameter 'start_date' is out of allowed range from 2025-10-06 to 2026-01-22", 'error': True}
[ERROR] Falling back to test weather data if available
       Architecture: Long-head (strategic) + 30× Short-head (tactical) + Physics

[PREP] Preparing data for multi-resolution inference...
       Input frequency detected: 15min
       Resampling to hourly for long-head...
       Hourly shape: historical=(720, 28), weather=(720, 32)

[STEP 1/4] Computing PVLib physics baseline (2880 steps @ 15-min)...
          Weather window: 2880 steps (2024-07-28 00:00:00+00:00 → 2024-08-26 23:45:00+00:00)
          Using pre-computed PVLib baseline (pvlib_ac_kw column)
          PVLib shape: (2880,), range: [0.000, 0.882]

[STEP 2/4] Running long-head TFT (strategic: 720 hours @ 1-hour)...
          Long-head shape: (720,)
          Upsampling long-head to 15-min resolution...
          Long upsampled shape: (2880,)

[STEP 3/4] Rolling short-head refinement (30 days × 96 steps)...
          Day  5/30: α_short=0.65, α_long=0.35, α_ml=0.69
          Day 10/30: α_short=0.50, α_long=0.50, α_ml=0.66
          Day 15/30: α_short=0.35, α_long=0.65, α_ml=0.64
          Day 20/30: α_short=0.35, α_long=0.65, α_ml=0.61
          Day 25/30: α_short=0.35, α_long=0.65, α_ml=0.59
          Day 30/30: α_short=0.35, α_long=0.65, α_ml=0.56
          Final forecast shape: (2880,)
          Final range: [0.000, 0.721]

[STEP 4/4] Validation...
         ✓ Shape correct (2880 steps)
         ✓ Range valid [0.000, 0.721]
         ✓ All night hours zero
         ✓ Daylight mean: 0.338

[SUCCESS] Hierarchical 30-day forecast complete!
          Total TFT calls: 1 long-head + 30 short-head = 31

[INFO] Hierarchical 30-day forecast starting 2024-07-29 00:00:00+00:00
[INFO] Fetching live weather from OpenMeteo API...
                [Auto-selected ECMWF API for 15-day forecast]
[WeatherClient] Fetching 15-day ECMWF forecast
                Location: (48.6946°N, 12.5976°E)
                Period: 2024-07-29 → 2024-08-13
                Tilt/Azimuth: 25.0° / 180.0°
                API: ECMWF
[ERROR] Live weather fetch failed: OpenMeteo API call failed: {'reason': "Parameter 'start_date' is out of allowed range from 2025-10-06 to 2026-01-22", 'error': True}
[ERROR] Falling back to test weather data if available
       Architecture: Long-head (strategic) + 30× Short-head (tactical) + Physics

[PREP] Preparing data for multi-resolution inference...
       Input frequency detected: 15min
       Resampling to hourly for long-head...
       Hourly shape: historical=(720, 28), weather=(720, 32)

[STEP 1/4] Computing PVLib physics baseline (2880 steps @ 15-min)...
          Weather window: 2880 steps (2024-07-29 00:00:00+00:00 → 2024-08-27 23:45:00+00:00)
          Using pre-computed PVLib baseline (pvlib_ac_kw column)
          PVLib shape: (2880,), range: [0.000, 0.882]

[STEP 2/4] Running long-head TFT (strategic: 720 hours @ 1-hour)...
          Long-head shape: (720,)
          Upsampling long-head to 15-min resolution...
          Long upsampled shape: (2880,)

[STEP 3/4] Rolling short-head refinement (30 days × 96 steps)...
          Day  5/30: α_short=0.65, α_long=0.35, α_ml=0.69
          Day 10/30: α_short=0.50, α_long=0.50, α_ml=0.66
          Day 15/30: α_short=0.35, α_long=0.65, α_ml=0.64
          Day 20/30: α_short=0.35, α_long=0.65, α_ml=0.61
          Day 25/30: α_short=0.35, α_long=0.65, α_ml=0.59
          Day 30/30: α_short=0.35, α_long=0.65, α_ml=0.56
          Final forecast shape: (2880,)
          Final range: [0.000, 0.721]

[STEP 4/4] Validation...
         ✓ Shape correct (2880 steps)
         ✓ Range valid [0.000, 0.721]
         ✓ All night hours zero
         ✓ Daylight mean: 0.340

[SUCCESS] Hierarchical 30-day forecast complete!
          Total TFT calls: 1 long-head + 30 short-head = 31

[INFO] Hierarchical 30-day forecast starting 2024-07-30 00:00:00+00:00
[INFO] Fetching live weather from OpenMeteo API...
                [Auto-selected ECMWF API for 15-day forecast]
[WeatherClient] Fetching 15-day ECMWF forecast
                Location: (48.6946°N, 12.5976°E)
                Period: 2024-07-30 → 2024-08-14
                Tilt/Azimuth: 25.0° / 180.0°
                API: ECMWF
[ERROR] Live weather fetch failed: OpenMeteo API call failed: {'reason': "Parameter 'start_date' is out of allowed range from 2025-10-06 to 2026-01-22", 'error': True}
[ERROR] Falling back to test weather data if available
       Architecture: Long-head (strategic) + 30× Short-head (tactical) + Physics

[PREP] Preparing data for multi-resolution inference...
       Input frequency detected: 15min
       Resampling to hourly for long-head...
       Hourly shape: historical=(720, 28), weather=(720, 32)

[STEP 1/4] Computing PVLib physics baseline (2880 steps @ 15-min)...
          Weather window: 2880 steps (2024-07-30 00:00:00+00:00 → 2024-08-28 23:45:00+00:00)
          Using pre-computed PVLib baseline (pvlib_ac_kw column)
          PVLib shape: (2880,), range: [0.000, 0.882]

[STEP 2/4] Running long-head TFT (strategic: 720 hours @ 1-hour)...
          Long-head shape: (720,)
          Upsampling long-head to 15-min resolution...
          Long upsampled shape: (2880,)

[STEP 3/4] Rolling short-head refinement (30 days × 96 steps)...
          Day  5/30: α_short=0.65, α_long=0.35, α_ml=0.69
          Day 10/30: α_short=0.50, α_long=0.50, α_ml=0.66
          Day 15/30: α_short=0.35, α_long=0.65, α_ml=0.64
          Day 20/30: α_short=0.35, α_long=0.65, α_ml=0.61
          Day 25/30: α_short=0.35, α_long=0.65, α_ml=0.59
          Day 30/30: α_short=0.35, α_long=0.65, α_ml=0.56
          Final forecast shape: (2880,)
          Final range: [0.000, 0.719]

[STEP 4/4] Validation...
         ✓ Shape correct (2880 steps)
         ✓ Range valid [0.000, 0.719]
         ✓ All night hours zero
         ✓ Daylight mean: 0.337

[SUCCESS] Hierarchical 30-day forecast complete!
          Total TFT calls: 1 long-head + 30 short-head = 31

[INFO] Hierarchical 30-day forecast starting 2024-07-31 00:00:00+00:00
[INFO] Fetching live weather from OpenMeteo API...
                [Auto-selected ECMWF API for 15-day forecast]
[WeatherClient] Fetching 15-day ECMWF forecast
                Location: (48.6946°N, 12.5976°E)
                Period: 2024-07-31 → 2024-08-15
                Tilt/Azimuth: 25.0° / 180.0°
                API: ECMWF
/home/dwijenayake/pv_forecast_30d/src/inference/physics_aware_forecaster.py:386: FutureWarning: 'H' is deprecated and will be removed in a future version, please use 'h' instead.
  hourly_hist = historical_df[['timestamp_utc'] + hist_numeric_cols].set_index('timestamp_utc').resample('1H').mean().reset_index()
/home/dwijenayake/pv_forecast_30d/src/inference/physics_aware_forecaster.py:387: FutureWarning: 'H' is deprecated and will be removed in a future version, please use 'h' instead.
  hourly_weather = weather_df[['timestamp_utc'] + weather_numeric_cols].set_index('timestamp_utc').resample('1H').mean().reset_index()
/home/dwijenayake/pv_forecast_30d/src/inference/physics_aware_forecaster.py:386: FutureWarning: 'H' is deprecated and will be removed in a future version, please use 'h' instead.
  hourly_hist = historical_df[['timestamp_utc'] + hist_numeric_cols].set_index('timestamp_utc').resample('1H').mean().reset_index()
/home/dwijenayake/pv_forecast_30d/src/inference/physics_aware_forecaster.py:387: FutureWarning: 'H' is deprecated and will be removed in a future version, please use 'h' instead.
  hourly_weather = weather_df[['timestamp_utc'] + weather_numeric_cols].set_index('timestamp_utc').resample('1H').mean().reset_index()
/home/dwijenayake/pv_forecast_30d/src/inference/physics_aware_forecaster.py:386: FutureWarning: 'H' is deprecated and will be removed in a future version, please use 'h' instead.
  hourly_hist = historical_df[['timestamp_utc'] + hist_numeric_cols].set_index('timestamp_utc').resample('1H').mean().reset_index()
/home/dwijenayake/pv_forecast_30d/src/inference/physics_aware_forecaster.py:387: FutureWarning: 'H' is deprecated and will be removed in a future version, please use 'h' instead.
  hourly_weather = weather_df[['timestamp_utc'] + weather_numeric_cols].set_index('timestamp_utc').resample('1H').mean().reset_index()
/home/dwijenayake/pv_forecast_30d/src/inference/physics_aware_forecaster.py:386: FutureWarning: 'H' is deprecated and will be removed in a future version, please use 'h' instead.
  hourly_hist = historical_df[['timestamp_utc'] + hist_numeric_cols].set_index('timestamp_utc').resample('1H').mean().reset_index()
/home/dwijenayake/pv_forecast_30d/src/inference/physics_aware_forecaster.py:387: FutureWarning: 'H' is deprecated and will be removed in a future version, please use 'h' instead.
  hourly_weather = weather_df[['timestamp_utc'] + weather_numeric_cols].set_index('timestamp_utc').resample('1H').mean().reset_index()
[ERROR] Live weather fetch failed: OpenMeteo API call failed: {'error': True, 'reason': "Parameter 'start_date' is out of allowed range from 2025-10-06 to 2026-01-22"}
[ERROR] Falling back to test weather data if available
       Architecture: Long-head (strategic) + 30× Short-head (tactical) + Physics

[PREP] Preparing data for multi-resolution inference...
       Input frequency detected: 15min
       Resampling to hourly for long-head...
       Hourly shape: historical=(720, 28), weather=(720, 32)

[STEP 1/4] Computing PVLib physics baseline (2880 steps @ 15-min)...
          Weather window: 2880 steps (2024-07-31 00:00:00+00:00 → 2024-08-29 23:45:00+00:00)
          Using pre-computed PVLib baseline (pvlib_ac_kw column)
          PVLib shape: (2880,), range: [0.000, 0.858]

[STEP 2/4] Running long-head TFT (strategic: 720 hours @ 1-hour)...
          Long-head shape: (720,)
          Upsampling long-head to 15-min resolution...
          Long upsampled shape: (2880,)

[STEP 3/4] Rolling short-head refinement (30 days × 96 steps)...
          Day  5/30: α_short=0.65, α_long=0.35, α_ml=0.69
          Day 10/30: α_short=0.50, α_long=0.50, α_ml=0.66
          Day 15/30: α_short=0.35, α_long=0.65, α_ml=0.64
          Day 20/30: α_short=0.35, α_long=0.65, α_ml=0.61
          Day 25/30: α_short=0.35, α_long=0.65, α_ml=0.59
          Day 30/30: α_short=0.35, α_long=0.65, α_ml=0.56
          Final forecast shape: (2880,)
          Final range: [0.000, 0.717]

[STEP 4/4] Validation...
         ✓ Shape correct (2880 steps)
         ✓ Range valid [0.000, 0.717]
         ✓ All night hours zero
         ✓ Daylight mean: 0.336

[SUCCESS] Hierarchical 30-day forecast complete!
          Total TFT calls: 1 long-head + 30 short-head = 31

[INFO] Hierarchical 30-day forecast starting 2024-08-01 00:00:00+00:00
[INFO] Fetching live weather from OpenMeteo API...
                [Auto-selected ECMWF API for 15-day forecast]
[WeatherClient] Fetching 15-day ECMWF forecast
                Location: (48.6946°N, 12.5976°E)
                Period: 2024-08-01 → 2024-08-16
                Tilt/Azimuth: 25.0° / 180.0°
                API: ECMWF
[ERROR] Live weather fetch failed: OpenMeteo API call failed: {'reason': "Parameter 'start_date' is out of allowed range from 2025-10-06 to 2026-01-22", 'error': True}
[ERROR] Falling back to test weather data if available
       Architecture: Long-head (strategic) + 30× Short-head (tactical) + Physics

[PREP] Preparing data for multi-resolution inference...
       Input frequency detected: 15min
       Resampling to hourly for long-head...
       Hourly shape: historical=(720, 28), weather=(720, 32)

[STEP 1/4] Computing PVLib physics baseline (2880 steps @ 15-min)...
          Weather window: 2880 steps (2024-08-01 00:00:00+00:00 → 2024-08-30 23:45:00+00:00)
          Using pre-computed PVLib baseline (pvlib_ac_kw column)
          PVLib shape: (2880,), range: [0.000, 0.858]

[STEP 2/4] Running long-head TFT (strategic: 720 hours @ 1-hour)...
          Long-head shape: (720,)
          Upsampling long-head to 15-min resolution...
          Long upsampled shape: (2880,)

[STEP 3/4] Rolling short-head refinement (30 days × 96 steps)...
          Day  5/30: α_short=0.65, α_long=0.35, α_ml=0.69
          Day 10/30: α_short=0.50, α_long=0.50, α_ml=0.66
          Day 15/30: α_short=0.35, α_long=0.65, α_ml=0.64
          Day 20/30: α_short=0.35, α_long=0.65, α_ml=0.61
          Day 25/30: α_short=0.35, α_long=0.65, α_ml=0.59
          Day 30/30: α_short=0.35, α_long=0.65, α_ml=0.56
          Final forecast shape: (2880,)
          Final range: [0.000, 0.658]

[STEP 4/4] Validation...
         ✓ Shape correct (2880 steps)
         ✓ Range valid [0.000, 0.658]
         ✓ All night hours zero
         ✓ Daylight mean: 0.333

[SUCCESS] Hierarchical 30-day forecast complete!
          Total TFT calls: 1 long-head + 30 short-head = 31

[INFO] Hierarchical 30-day forecast starting 2024-08-02 00:00:00+00:00
[INFO] Fetching live weather from OpenMeteo API...
                [Auto-selected ECMWF API for 15-day forecast]
[WeatherClient] Fetching 15-day ECMWF forecast
                Location: (48.6946°N, 12.5976°E)
                Period: 2024-08-02 → 2024-08-17
                Tilt/Azimuth: 25.0° / 180.0°
                API: ECMWF
[ERROR] Live weather fetch failed: OpenMeteo API call failed: {'reason': "Parameter 'start_date' is out of allowed range from 2025-10-06 to 2026-01-22", 'error': True}
[ERROR] Falling back to test weather data if available
       Architecture: Long-head (strategic) + 30× Short-head (tactical) + Physics

[PREP] Preparing data for multi-resolution inference...
       Input frequency detected: 15min
       Resampling to hourly for long-head...
       Hourly shape: historical=(720, 28), weather=(720, 32)

[STEP 1/4] Computing PVLib physics baseline (2880 steps @ 15-min)...
          Weather window: 2880 steps (2024-08-02 00:00:00+00:00 → 2024-08-31 23:45:00+00:00)
          Using pre-computed PVLib baseline (pvlib_ac_kw column)
          PVLib shape: (2880,), range: [0.000, 0.858]

[STEP 2/4] Running long-head TFT (strategic: 720 hours @ 1-hour)...
          Long-head shape: (720,)
          Upsampling long-head to 15-min resolution...
          Long upsampled shape: (2880,)

[STEP 3/4] Rolling short-head refinement (30 days × 96 steps)...
          Day  5/30: α_short=0.65, α_long=0.35, α_ml=0.69
          Day 10/30: α_short=0.50, α_long=0.50, α_ml=0.66
          Day 15/30: α_short=0.35, α_long=0.65, α_ml=0.64
          Day 20/30: α_short=0.35, α_long=0.65, α_ml=0.61
          Day 25/30: α_short=0.35, α_long=0.65, α_ml=0.59
          Day 30/30: α_short=0.35, α_long=0.65, α_ml=0.56
          Final forecast shape: (2880,)
          Final range: [0.000, 0.656]

[STEP 4/4] Validation...
         ✓ Shape correct (2880 steps)
         ✓ Range valid [0.000, 0.656]
         ✓ All night hours zero
         ✓ Daylight mean: 0.332

[SUCCESS] Hierarchical 30-day forecast complete!
          Total TFT calls: 1 long-head + 30 short-head = 31

[INFO] Hierarchical 30-day forecast starting 2024-08-03 00:00:00+00:00
[INFO] Fetching live weather from OpenMeteo API...
                [Auto-selected ECMWF API for 15-day forecast]
[WeatherClient] Fetching 15-day ECMWF forecast
                Location: (48.6946°N, 12.5976°E)
                Period: 2024-08-03 → 2024-08-18
                Tilt/Azimuth: 25.0° / 180.0°
                API: ECMWF
[ERROR] Live weather fetch failed: OpenMeteo API call failed: {'error': True, 'reason': "Parameter 'start_date' is out of allowed range from 2025-10-06 to 2026-01-22"}
[ERROR] Falling back to test weather data if available
       Architecture: Long-head (strategic) + 30× Short-head (tactical) + Physics

[PREP] Preparing data for multi-resolution inference...
       Input frequency detected: 15min
       Resampling to hourly for long-head...
       Hourly shape: historical=(720, 28), weather=(720, 32)

[STEP 1/4] Computing PVLib physics baseline (2880 steps @ 15-min)...
          Weather window: 2880 steps (2024-08-03 00:00:00+00:00 → 2024-09-01 23:45:00+00:00)
          Using pre-computed PVLib baseline (pvlib_ac_kw column)
          PVLib shape: (2880,), range: [0.000, 0.858]

[STEP 2/4] Running long-head TFT (strategic: 720 hours @ 1-hour)...
          Long-head shape: (720,)
          Upsampling long-head to 15-min resolution...
          Long upsampled shape: (2880,)

[STEP 3/4] Rolling short-head refinement (30 days × 96 steps)...
          Day  5/30: α_short=0.65, α_long=0.35, α_ml=0.69
          Day 10/30: α_short=0.50, α_long=0.50, α_ml=0.66
          Day 15/30: α_short=0.35, α_long=0.65, α_ml=0.64
          Day 20/30: α_short=0.35, α_long=0.65, α_ml=0.61
          Day 25/30: α_short=0.35, α_long=0.65, α_ml=0.59
          Day 30/30: α_short=0.35, α_long=0.65, α_ml=0.56
          Final forecast shape: (2880,)
          Final range: [0.000, 0.656]

[STEP 4/4] Validation...
         ✓ Shape correct (2880 steps)
         ✓ Range valid [0.000, 0.656]
/home/dwijenayake/pv_forecast_30d/src/inference/physics_aware_forecaster.py:386: FutureWarning: 'H' is deprecated and will be removed in a future version, please use 'h' instead.
  hourly_hist = historical_df[['timestamp_utc'] + hist_numeric_cols].set_index('timestamp_utc').resample('1H').mean().reset_index()
/home/dwijenayake/pv_forecast_30d/src/inference/physics_aware_forecaster.py:387: FutureWarning: 'H' is deprecated and will be removed in a future version, please use 'h' instead.
  hourly_weather = weather_df[['timestamp_utc'] + weather_numeric_cols].set_index('timestamp_utc').resample('1H').mean().reset_index()
/home/dwijenayake/pv_forecast_30d/src/inference/physics_aware_forecaster.py:386: FutureWarning: 'H' is deprecated and will be removed in a future version, please use 'h' instead.
  hourly_hist = historical_df[['timestamp_utc'] + hist_numeric_cols].set_index('timestamp_utc').resample('1H').mean().reset_index()
/home/dwijenayake/pv_forecast_30d/src/inference/physics_aware_forecaster.py:387: FutureWarning: 'H' is deprecated and will be removed in a future version, please use 'h' instead.
  hourly_weather = weather_df[['timestamp_utc'] + weather_numeric_cols].set_index('timestamp_utc').resample('1H').mean().reset_index()
/home/dwijenayake/pv_forecast_30d/src/inference/physics_aware_forecaster.py:386: FutureWarning: 'H' is deprecated and will be removed in a future version, please use 'h' instead.
  hourly_hist = historical_df[['timestamp_utc'] + hist_numeric_cols].set_index('timestamp_utc').resample('1H').mean().reset_index()
/home/dwijenayake/pv_forecast_30d/src/inference/physics_aware_forecaster.py:387: FutureWarning: 'H' is deprecated and will be removed in a future version, please use 'h' instead.
  hourly_weather = weather_df[['timestamp_utc'] + weather_numeric_cols].set_index('timestamp_utc').resample('1H').mean().reset_index()
/home/dwijenayake/pv_forecast_30d/src/inference/physics_aware_forecaster.py:386: FutureWarning: 'H' is deprecated and will be removed in a future version, please use 'h' instead.
  hourly_hist = historical_df[['timestamp_utc'] + hist_numeric_cols].set_index('timestamp_utc').resample('1H').mean().reset_index()
/home/dwijenayake/pv_forecast_30d/src/inference/physics_aware_forecaster.py:387: FutureWarning: 'H' is deprecated and will be removed in a future version, please use 'h' instead.
  hourly_weather = weather_df[['timestamp_utc'] + weather_numeric_cols].set_index('timestamp_utc').resample('1H').mean().reset_index()
         ✓ All night hours zero
         ✓ Daylight mean: 0.336

[SUCCESS] Hierarchical 30-day forecast complete!
          Total TFT calls: 1 long-head + 30 short-head = 31

[INFO] Hierarchical 30-day forecast starting 2024-08-04 00:00:00+00:00
[INFO] Fetching live weather from OpenMeteo API...
                [Auto-selected ECMWF API for 15-day forecast]
[WeatherClient] Fetching 15-day ECMWF forecast
                Location: (48.6946°N, 12.5976°E)
                Period: 2024-08-04 → 2024-08-19
                Tilt/Azimuth: 25.0° / 180.0°
                API: ECMWF
[ERROR] Live weather fetch failed: OpenMeteo API call failed: {'reason': "Parameter 'start_date' is out of allowed range from 2025-10-06 to 2026-01-22", 'error': True}
[ERROR] Falling back to test weather data if available
       Architecture: Long-head (strategic) + 30× Short-head (tactical) + Physics

[PREP] Preparing data for multi-resolution inference...
       Input frequency detected: 15min
       Resampling to hourly for long-head...
       Hourly shape: historical=(720, 28), weather=(720, 32)

[STEP 1/4] Computing PVLib physics baseline (2880 steps @ 15-min)...
          Weather window: 2880 steps (2024-08-04 00:00:00+00:00 → 2024-09-02 23:45:00+00:00)
          Using pre-computed PVLib baseline (pvlib_ac_kw column)
          PVLib shape: (2880,), range: [0.000, 0.858]

[STEP 2/4] Running long-head TFT (strategic: 720 hours @ 1-hour)...
          Long-head shape: (720,)
          Upsampling long-head to 15-min resolution...
          Long upsampled shape: (2880,)

[STEP 3/4] Rolling short-head refinement (30 days × 96 steps)...
          Day  5/30: α_short=0.65, α_long=0.35, α_ml=0.69
          Day 10/30: α_short=0.50, α_long=0.50, α_ml=0.66
          Day 15/30: α_short=0.35, α_long=0.65, α_ml=0.64
          Day 20/30: α_short=0.35, α_long=0.65, α_ml=0.61
          Day 25/30: α_short=0.35, α_long=0.65, α_ml=0.59
          Day 30/30: α_short=0.35, α_long=0.65, α_ml=0.56
          Final forecast shape: (2880,)
          Final range: [0.000, 0.653]

[STEP 4/4] Validation...
         ✓ Shape correct (2880 steps)
         ✓ Range valid [0.000, 0.653]
         ✓ All night hours zero
         ✓ Daylight mean: 0.335

[SUCCESS] Hierarchical 30-day forecast complete!
          Total TFT calls: 1 long-head + 30 short-head = 31

[INFO] Hierarchical 30-day forecast starting 2024-08-05 00:00:00+00:00
[INFO] Fetching live weather from OpenMeteo API...
                [Auto-selected ECMWF API for 15-day forecast]
[WeatherClient] Fetching 15-day ECMWF forecast
                Location: (48.6946°N, 12.5976°E)
                Period: 2024-08-05 → 2024-08-20
                Tilt/Azimuth: 25.0° / 180.0°
                API: ECMWF
[ERROR] Live weather fetch failed: OpenMeteo API call failed: {'reason': "Parameter 'start_date' is out of allowed range from 2025-10-06 to 2026-01-22", 'error': True}
[ERROR] Falling back to test weather data if available
       Architecture: Long-head (strategic) + 30× Short-head (tactical) + Physics

[PREP] Preparing data for multi-resolution inference...
       Input frequency detected: 15min
       Resampling to hourly for long-head...
       Hourly shape: historical=(720, 28), weather=(720, 32)

[STEP 1/4] Computing PVLib physics baseline (2880 steps @ 15-min)...
          Weather window: 2880 steps (2024-08-05 00:00:00+00:00 → 2024-09-03 23:45:00+00:00)
          Using pre-computed PVLib baseline (pvlib_ac_kw column)
          PVLib shape: (2880,), range: [0.000, 0.858]

[STEP 2/4] Running long-head TFT (strategic: 720 hours @ 1-hour)...
          Long-head shape: (720,)
          Upsampling long-head to 15-min resolution...
          Long upsampled shape: (2880,)

[STEP 3/4] Rolling short-head refinement (30 days × 96 steps)...
          Day  5/30: α_short=0.65, α_long=0.35, α_ml=0.69
          Day 10/30: α_short=0.50, α_long=0.50, α_ml=0.66
          Day 15/30: α_short=0.35, α_long=0.65, α_ml=0.64
          Day 20/30: α_short=0.35, α_long=0.65, α_ml=0.61
          Day 25/30: α_short=0.35, α_long=0.65, α_ml=0.59
          Day 30/30: α_short=0.35, α_long=0.65, α_ml=0.56
          Final forecast shape: (2880,)
          Final range: [0.000, 0.652]

[STEP 4/4] Validation...
         ✓ Shape correct (2880 steps)
         ✓ Range valid [0.000, 0.652]
         ✓ All night hours zero
         ✓ Daylight mean: 0.338

[SUCCESS] Hierarchical 30-day forecast complete!
          Total TFT calls: 1 long-head + 30 short-head = 31

[INFO] Hierarchical 30-day forecast starting 2024-08-06 00:00:00+00:00
[INFO] Fetching live weather from OpenMeteo API...
                [Auto-selected ECMWF API for 15-day forecast]
[WeatherClient] Fetching 15-day ECMWF forecast
                Location: (48.6946°N, 12.5976°E)
                Period: 2024-08-06 → 2024-08-21
                Tilt/Azimuth: 25.0° / 180.0°
                API: ECMWF
[ERROR] Live weather fetch failed: OpenMeteo API call failed: {'reason': "Parameter 'start_date' is out of allowed range from 2025-10-06 to 2026-01-22", 'error': True}
[ERROR] Falling back to test weather data if available
       Architecture: Long-head (strategic) + 30× Short-head (tactical) + Physics

[PREP] Preparing data for multi-resolution inference...
       Input frequency detected: 15min
       Resampling to hourly for long-head...
       Hourly shape: historical=(720, 28), weather=(720, 32)

[STEP 1/4] Computing PVLib physics baseline (2880 steps @ 15-min)...
          Weather window: 2880 steps (2024-08-06 00:00:00+00:00 → 2024-09-04 23:45:00+00:00)
          Using pre-computed PVLib baseline (pvlib_ac_kw column)
          PVLib shape: (2880,), range: [0.000, 0.858]

[STEP 2/4] Running long-head TFT (strategic: 720 hours @ 1-hour)...
          Long-head shape: (720,)
          Upsampling long-head to 15-min resolution...
          Long upsampled shape: (2880,)

[STEP 3/4] Rolling short-head refinement (30 days × 96 steps)...
          Day  5/30: α_short=0.65, α_long=0.35, α_ml=0.69
          Day 10/30: α_short=0.50, α_long=0.50, α_ml=0.66
          Day 15/30: α_short=0.35, α_long=0.65, α_ml=0.64
          Day 20/30: α_short=0.35, α_long=0.65, α_ml=0.61
          Day 25/30: α_short=0.35, α_long=0.65, α_ml=0.59
          Day 30/30: α_short=0.35, α_long=0.65, α_ml=0.56
          Final forecast shape: (2880,)
          Final range: [0.000, 0.694]

[STEP 4/4] Validation...
         ✓ Shape correct (2880 steps)
         ✓ Range valid [0.000, 0.694]
         ✓ All night hours zero
         ✓ Daylight mean: 0.339

[SUCCESS] Hierarchical 30-day forecast complete!
          Total TFT calls: 1 long-head + 30 short-head = 31

[INFO] Hierarchical 30-day forecast starting 2024-08-07 00:00:00+00:00
[INFO] Fetching live weather from OpenMeteo API...
                [Auto-selected ECMWF API for 15-day forecast]
[WeatherClient] Fetching 15-day ECMWF forecast
                Location: (48.6946°N, 12.5976°E)
                Period: 2024-08-07 → 2024-08-22
                Tilt/Azimuth: 25.0° / 180.0°
                API: ECMWF
[ERROR] Live weather fetch failed: OpenMeteo API call failed: {'reason': "Parameter 'start_date' is out of allowed range from 2025-10-06 to 2026-01-22", 'error': True}
[ERROR] Falling back to test weather data if available
       Architecture: Long-head (strategic) + 30× Short-head (tactical) + Physics

[PREP] Preparing data for multi-resolution inference...
       Input frequency detected: 15min
       Resampling to hourly for long-head...
       Hourly shape: historical=(720, 28), weather=(720, 32)

[STEP 1/4] Computing PVLib physics baseline (2880 steps @ 15-min)...
          Weather window: 2880 steps (2024-08-07 00:00:00+00:00 → 2024-09-05 23:45:00+00:00)
          Using pre-computed PVLib baseline (pvlib_ac_kw column)
          PVLib shape: (2880,), range: [0.000, 0.858]

[STEP 2/4] Running long-head TFT (strategic: 720 hours @ 1-hour)...
          Long-head shape: (720,)
          Upsampling long-head to 15-min resolution...
          Long upsampled shape: (2880,)
/home/dwijenayake/pv_forecast_30d/src/inference/physics_aware_forecaster.py:386: FutureWarning: 'H' is deprecated and will be removed in a future version, please use 'h' instead.
  hourly_hist = historical_df[['timestamp_utc'] + hist_numeric_cols].set_index('timestamp_utc').resample('1H').mean().reset_index()
/home/dwijenayake/pv_forecast_30d/src/inference/physics_aware_forecaster.py:387: FutureWarning: 'H' is deprecated and will be removed in a future version, please use 'h' instead.
  hourly_weather = weather_df[['timestamp_utc'] + weather_numeric_cols].set_index('timestamp_utc').resample('1H').mean().reset_index()
/home/dwijenayake/pv_forecast_30d/src/inference/physics_aware_forecaster.py:386: FutureWarning: 'H' is deprecated and will be removed in a future version, please use 'h' instead.
  hourly_hist = historical_df[['timestamp_utc'] + hist_numeric_cols].set_index('timestamp_utc').resample('1H').mean().reset_index()
/home/dwijenayake/pv_forecast_30d/src/inference/physics_aware_forecaster.py:387: FutureWarning: 'H' is deprecated and will be removed in a future version, please use 'h' instead.
  hourly_weather = weather_df[['timestamp_utc'] + weather_numeric_cols].set_index('timestamp_utc').resample('1H').mean().reset_index()
/home/dwijenayake/pv_forecast_30d/src/inference/physics_aware_forecaster.py:386: FutureWarning: 'H' is deprecated and will be removed in a future version, please use 'h' instead.
  hourly_hist = historical_df[['timestamp_utc'] + hist_numeric_cols].set_index('timestamp_utc').resample('1H').mean().reset_index()
/home/dwijenayake/pv_forecast_30d/src/inference/physics_aware_forecaster.py:387: FutureWarning: 'H' is deprecated and will be removed in a future version, please use 'h' instead.
  hourly_weather = weather_df[['timestamp_utc'] + weather_numeric_cols].set_index('timestamp_utc').resample('1H').mean().reset_index()

[STEP 3/4] Rolling short-head refinement (30 days × 96 steps)...
          Day  5/30: α_short=0.65, α_long=0.35, α_ml=0.69
          Day 10/30: α_short=0.50, α_long=0.50, α_ml=0.66
          Day 15/30: α_short=0.35, α_long=0.65, α_ml=0.64
          Day 20/30: α_short=0.35, α_long=0.65, α_ml=0.61
          Day 25/30: α_short=0.35, α_long=0.65, α_ml=0.59
          Day 30/30: α_short=0.35, α_long=0.65, α_ml=0.56
          Final forecast shape: (2880,)
          Final range: [0.000, 0.693]

[STEP 4/4] Validation...
         ✓ Shape correct (2880 steps)
         ✓ Range valid [0.000, 0.693]
         ✓ All night hours zero
         ✓ Daylight mean: 0.337

[SUCCESS] Hierarchical 30-day forecast complete!
          Total TFT calls: 1 long-head + 30 short-head = 31

[INFO] Hierarchical 30-day forecast starting 2024-08-08 00:00:00+00:00
[INFO] Fetching live weather from OpenMeteo API...
                [Auto-selected ECMWF API for 15-day forecast]
[WeatherClient] Fetching 15-day ECMWF forecast
                Location: (48.6946°N, 12.5976°E)
                Period: 2024-08-08 → 2024-08-23
                Tilt/Azimuth: 25.0° / 180.0°
                API: ECMWF
[ERROR] Live weather fetch failed: OpenMeteo API call failed: {'error': True, 'reason': "Parameter 'start_date' is out of allowed range from 2025-10-06 to 2026-01-22"}
[ERROR] Falling back to test weather data if available
       Architecture: Long-head (strategic) + 30× Short-head (tactical) + Physics

[PREP] Preparing data for multi-resolution inference...
       Input frequency detected: 15min
       Resampling to hourly for long-head...
       Hourly shape: historical=(720, 28), weather=(720, 32)

[STEP 1/4] Computing PVLib physics baseline (2880 steps @ 15-min)...
          Weather window: 2880 steps (2024-08-08 00:00:00+00:00 → 2024-09-06 23:45:00+00:00)
          Using pre-computed PVLib baseline (pvlib_ac_kw column)
          PVLib shape: (2880,), range: [0.000, 0.858]

[STEP 2/4] Running long-head TFT (strategic: 720 hours @ 1-hour)...
          Long-head shape: (720,)
          Upsampling long-head to 15-min resolution...
          Long upsampled shape: (2880,)

[STEP 3/4] Rolling short-head refinement (30 days × 96 steps)...
          Day  5/30: α_short=0.65, α_long=0.35, α_ml=0.69
          Day 10/30: α_short=0.50, α_long=0.50, α_ml=0.66
          Day 15/30: α_short=0.35, α_long=0.65, α_ml=0.64
          Day 20/30: α_short=0.35, α_long=0.65, α_ml=0.61
          Day 25/30: α_short=0.35, α_long=0.65, α_ml=0.59
          Day 30/30: α_short=0.35, α_long=0.65, α_ml=0.56
          Final forecast shape: (2880,)
          Final range: [0.000, 0.693]

[STEP 4/4] Validation...
         ✓ Shape correct (2880 steps)
         ✓ Range valid [0.000, 0.693]
         ✓ All night hours zero
         ✓ Daylight mean: 0.337

[SUCCESS] Hierarchical 30-day forecast complete!
          Total TFT calls: 1 long-head + 30 short-head = 31

[INFO] Hierarchical 30-day forecast starting 2024-08-09 00:00:00+00:00
[INFO] Fetching live weather from OpenMeteo API...
                [Auto-selected ECMWF API for 15-day forecast]
[WeatherClient] Fetching 15-day ECMWF forecast
                Location: (48.6946°N, 12.5976°E)
                Period: 2024-08-09 → 2024-08-24
                Tilt/Azimuth: 25.0° / 180.0°
                API: ECMWF
[ERROR] Live weather fetch failed: OpenMeteo API call failed: {'error': True, 'reason': "Parameter 'start_date' is out of allowed range from 2025-10-06 to 2026-01-22"}
[ERROR] Falling back to test weather data if available
       Architecture: Long-head (strategic) + 30× Short-head (tactical) + Physics

[PREP] Preparing data for multi-resolution inference...
       Input frequency detected: 15min
       Resampling to hourly for long-head...
       Hourly shape: historical=(720, 28), weather=(720, 32)

[STEP 1/4] Computing PVLib physics baseline (2880 steps @ 15-min)...
          Weather window: 2880 steps (2024-08-09 00:00:00+00:00 → 2024-09-07 23:45:00+00:00)
          Using pre-computed PVLib baseline (pvlib_ac_kw column)
          PVLib shape: (2880,), range: [0.000, 0.858]

[STEP 2/4] Running long-head TFT (strategic: 720 hours @ 1-hour)...
          Long-head shape: (720,)
          Upsampling long-head to 15-min resolution...
          Long upsampled shape: (2880,)

[STEP 3/4] Rolling short-head refinement (30 days × 96 steps)...
          Day  5/30: α_short=0.65, α_long=0.35, α_ml=0.69
          Day 10/30: α_short=0.50, α_long=0.50, α_ml=0.66
          Day 15/30: α_short=0.35, α_long=0.65, α_ml=0.64
          Day 20/30: α_short=0.35, α_long=0.65, α_ml=0.61
          Day 25/30: α_short=0.35, α_long=0.65, α_ml=0.59
          Day 30/30: α_short=0.35, α_long=0.65, α_ml=0.56
          Final forecast shape: (2880,)
          Final range: [0.000, 0.693]

[STEP 4/4] Validation...
         ✓ Shape correct (2880 steps)
         ✓ Range valid [0.000, 0.693]
         ✓ All night hours zero
         ✓ Daylight mean: 0.342

[SUCCESS] Hierarchical 30-day forecast complete!
          Total TFT calls: 1 long-head + 30 short-head = 31

[INFO] Hierarchical 30-day forecast starting 2024-08-10 00:00:00+00:00
[INFO] Fetching live weather from OpenMeteo API...
                [Auto-selected ECMWF API for 15-day forecast]
[WeatherClient] Fetching 15-day ECMWF forecast
                Location: (48.6946°N, 12.5976°E)
                Period: 2024-08-10 → 2024-08-25
                Tilt/Azimuth: 25.0° / 180.0°
                API: ECMWF
[ERROR] Live weather fetch failed: OpenMeteo API call failed: {'error': True, 'reason': "Parameter 'start_date' is out of allowed range from 2025-10-06 to 2026-01-22"}
[ERROR] Falling back to test weather data if available
       Architecture: Long-head (strategic) + 30× Short-head (tactical) + Physics

[PREP] Preparing data for multi-resolution inference...
       Input frequency detected: 15min
       Resampling to hourly for long-head...
       Hourly shape: historical=(720, 28), weather=(720, 32)

[STEP 1/4] Computing PVLib physics baseline (2880 steps @ 15-min)...
          Weather window: 2880 steps (2024-08-10 00:00:00+00:00 → 2024-09-08 23:45:00+00:00)
          Using pre-computed PVLib baseline (pvlib_ac_kw column)
          PVLib shape: (2880,), range: [0.000, 0.858]

[STEP 2/4] Running long-head TFT (strategic: 720 hours @ 1-hour)...
          Long-head shape: (720,)
          Upsampling long-head to 15-min resolution...
          Long upsampled shape: (2880,)

[STEP 3/4] Rolling short-head refinement (30 days × 96 steps)...
          Day  5/30: α_short=0.65, α_long=0.35, α_ml=0.69
          Day 10/30: α_short=0.50, α_long=0.50, α_ml=0.66
          Day 15/30: α_short=0.35, α_long=0.65, α_ml=0.64
          Day 20/30: α_short=0.35, α_long=0.65, α_ml=0.61
          Day 25/30: α_short=0.35, α_long=0.65, α_ml=0.59
          Day 30/30: α_short=0.35, α_long=0.65, α_ml=0.56
          Final forecast shape: (2880,)
          Final range: [0.000, 0.692]

[STEP 4/4] Validation...
         ✓ Shape correct (2880 steps)
         ✓ Range valid [0.000, 0.692]
         ✓ All night hours zero
         ✓ Daylight mean: 0.342

[SUCCESS] Hierarchical 30-day forecast complete!
          Total TFT calls: 1 long-head + 30 short-head = 31

[INFO] Hierarchical 30-day forecast starting 2024-08-11 00:00:00+00:00
[INFO] Fetching live weather from OpenMeteo API...
                [Auto-selected ECMWF API for 15-day forecast]
[WeatherClient] Fetching 15-day ECMWF forecast
                Location: (48.6946°N, 12.5976°E)
                Period: 2024-08-11 → 2024-08-26
                Tilt/Azimuth: 25.0° / 180.0°
                API: ECMWF
[ERROR] Live weather fetch failed: OpenMeteo API call failed: {'error': True, 'reason': "Parameter 'start_date' is out of allowed range from 2025-10-06 to 2026-01-22"}
[ERROR] Falling back to test weather data if available
       Architecture: Long-head (strategic) + 30× Short-head (tactical) + Physics

[PREP] Preparing data for multi-resolution inference...
       Input frequency detected: 15min
/home/dwijenayake/pv_forecast_30d/src/inference/physics_aware_forecaster.py:386: FutureWarning: 'H' is deprecated and will be removed in a future version, please use 'h' instead.
  hourly_hist = historical_df[['timestamp_utc'] + hist_numeric_cols].set_index('timestamp_utc').resample('1H').mean().reset_index()
/home/dwijenayake/pv_forecast_30d/src/inference/physics_aware_forecaster.py:387: FutureWarning: 'H' is deprecated and will be removed in a future version, please use 'h' instead.
  hourly_weather = weather_df[['timestamp_utc'] + weather_numeric_cols].set_index('timestamp_utc').resample('1H').mean().reset_index()
/home/dwijenayake/pv_forecast_30d/src/inference/physics_aware_forecaster.py:386: FutureWarning: 'H' is deprecated and will be removed in a future version, please use 'h' instead.
  hourly_hist = historical_df[['timestamp_utc'] + hist_numeric_cols].set_index('timestamp_utc').resample('1H').mean().reset_index()
/home/dwijenayake/pv_forecast_30d/src/inference/physics_aware_forecaster.py:387: FutureWarning: 'H' is deprecated and will be removed in a future version, please use 'h' instead.
  hourly_weather = weather_df[['timestamp_utc'] + weather_numeric_cols].set_index('timestamp_utc').resample('1H').mean().reset_index()
/home/dwijenayake/pv_forecast_30d/src/inference/physics_aware_forecaster.py:386: FutureWarning: 'H' is deprecated and will be removed in a future version, please use 'h' instead.
  hourly_hist = historical_df[['timestamp_utc'] + hist_numeric_cols].set_index('timestamp_utc').resample('1H').mean().reset_index()
/home/dwijenayake/pv_forecast_30d/src/inference/physics_aware_forecaster.py:387: FutureWarning: 'H' is deprecated and will be removed in a future version, please use 'h' instead.
  hourly_weather = weather_df[['timestamp_utc'] + weather_numeric_cols].set_index('timestamp_utc').resample('1H').mean().reset_index()
WARNING:urllib3.connectionpool:Retrying (Retry(total=4, connect=5, read=5, redirect=None, status=None)) after connection broken by 'SSLEOFError(8, '[SSL: UNEXPECTED_EOF_WHILE_READING] EOF occurred in violation of protocol (_ssl.c:1000)')': /v1/ecmwf?latitude=48.694644&longitude=12.597587&start_date=2024-08-14&end_date=2024-08-29&hourly=temperature_2m&hourly=relative_humidity_2m&hourly=precipitation&hourly=weather_code&hourly=cloud_cover&hourly=wind_speed_10m&hourly=wind_direction_10m&hourly=shortwave_radiation_instant&hourly=direct_radiation_instant&hourly=diffuse_radiation_instant&hourly=direct_normal_irradiance_instant&hourly=global_tilted_irradiance_instant&hourly=surface_pressure&timezone=UTC&tilt=25.0&azimuth=180.0&format=flatbuffers
/home/dwijenayake/pv_forecast_30d/src/inference/physics_aware_forecaster.py:386: FutureWarning: 'H' is deprecated and will be removed in a future version, please use 'h' instead.
  hourly_hist = historical_df[['timestamp_utc'] + hist_numeric_cols].set_index('timestamp_utc').resample('1H').mean().reset_index()
/home/dwijenayake/pv_forecast_30d/src/inference/physics_aware_forecaster.py:387: FutureWarning: 'H' is deprecated and will be removed in a future version, please use 'h' instead.
  hourly_weather = weather_df[['timestamp_utc'] + weather_numeric_cols].set_index('timestamp_utc').resample('1H').mean().reset_index()
       Resampling to hourly for long-head...
       Hourly shape: historical=(720, 28), weather=(720, 32)

[STEP 1/4] Computing PVLib physics baseline (2880 steps @ 15-min)...
          Weather window: 2880 steps (2024-08-11 00:00:00+00:00 → 2024-09-09 23:45:00+00:00)
          Using pre-computed PVLib baseline (pvlib_ac_kw column)
          PVLib shape: (2880,), range: [0.000, 0.858]

[STEP 2/4] Running long-head TFT (strategic: 720 hours @ 1-hour)...
          Long-head shape: (720,)
          Upsampling long-head to 15-min resolution...
          Long upsampled shape: (2880,)

[STEP 3/4] Rolling short-head refinement (30 days × 96 steps)...
          Day  5/30: α_short=0.65, α_long=0.35, α_ml=0.69
          Day 10/30: α_short=0.50, α_long=0.50, α_ml=0.66
          Day 15/30: α_short=0.35, α_long=0.65, α_ml=0.64
          Day 20/30: α_short=0.35, α_long=0.65, α_ml=0.61
          Day 25/30: α_short=0.35, α_long=0.65, α_ml=0.59
          Day 30/30: α_short=0.35, α_long=0.65, α_ml=0.56
          Final forecast shape: (2880,)
          Final range: [0.000, 0.693]

[STEP 4/4] Validation...
         ✓ Shape correct (2880 steps)
         ✓ Range valid [0.000, 0.693]
         ✓ All night hours zero
         ✓ Daylight mean: 0.339

[SUCCESS] Hierarchical 30-day forecast complete!
          Total TFT calls: 1 long-head + 30 short-head = 31

[INFO] Hierarchical 30-day forecast starting 2024-08-12 00:00:00+00:00
[INFO] Fetching live weather from OpenMeteo API...
                [Auto-selected ECMWF API for 15-day forecast]
[WeatherClient] Fetching 15-day ECMWF forecast
                Location: (48.6946°N, 12.5976°E)
                Period: 2024-08-12 → 2024-08-27
                Tilt/Azimuth: 25.0° / 180.0°
                API: ECMWF
[ERROR] Live weather fetch failed: OpenMeteo API call failed: {'error': True, 'reason': "Parameter 'start_date' is out of allowed range from 2025-10-06 to 2026-01-22"}
[ERROR] Falling back to test weather data if available
       Architecture: Long-head (strategic) + 30× Short-head (tactical) + Physics

[PREP] Preparing data for multi-resolution inference...
       Input frequency detected: 15min
       Resampling to hourly for long-head...
       Hourly shape: historical=(720, 28), weather=(720, 32)

[STEP 1/4] Computing PVLib physics baseline (2880 steps @ 15-min)...
          Weather window: 2880 steps (2024-08-12 00:00:00+00:00 → 2024-09-10 23:45:00+00:00)
          Using pre-computed PVLib baseline (pvlib_ac_kw column)
          PVLib shape: (2880,), range: [0.000, 0.858]

[STEP 2/4] Running long-head TFT (strategic: 720 hours @ 1-hour)...
          Long-head shape: (720,)
          Upsampling long-head to 15-min resolution...
          Long upsampled shape: (2880,)

[STEP 3/4] Rolling short-head refinement (30 days × 96 steps)...
          Day  5/30: α_short=0.65, α_long=0.35, α_ml=0.69
          Day 10/30: α_short=0.50, α_long=0.50, α_ml=0.66
          Day 15/30: α_short=0.35, α_long=0.65, α_ml=0.64
          Day 20/30: α_short=0.35, α_long=0.65, α_ml=0.61
          Day 25/30: α_short=0.35, α_long=0.65, α_ml=0.59
          Day 30/30: α_short=0.35, α_long=0.65, α_ml=0.56
          Final forecast shape: (2880,)
          Final range: [0.000, 0.690]

[STEP 4/4] Validation...
         ✓ Shape correct (2880 steps)
         ✓ Range valid [0.000, 0.690]
         ✓ All night hours zero
         ✓ Daylight mean: 0.331

[SUCCESS] Hierarchical 30-day forecast complete!
          Total TFT calls: 1 long-head + 30 short-head = 31

[INFO] Hierarchical 30-day forecast starting 2024-08-13 00:00:00+00:00
[INFO] Fetching live weather from OpenMeteo API...
                [Auto-selected ECMWF API for 15-day forecast]
[WeatherClient] Fetching 15-day ECMWF forecast
                Location: (48.6946°N, 12.5976°E)
                Period: 2024-08-13 → 2024-08-28
                Tilt/Azimuth: 25.0° / 180.0°
                API: ECMWF
[ERROR] Live weather fetch failed: OpenMeteo API call failed: {'reason': "Parameter 'start_date' is out of allowed range from 2025-10-06 to 2026-01-22", 'error': True}
[ERROR] Falling back to test weather data if available
       Architecture: Long-head (strategic) + 30× Short-head (tactical) + Physics

[PREP] Preparing data for multi-resolution inference...
       Input frequency detected: 15min
       Resampling to hourly for long-head...
       Hourly shape: historical=(720, 28), weather=(720, 32)

[STEP 1/4] Computing PVLib physics baseline (2880 steps @ 15-min)...
          Weather window: 2880 steps (2024-08-13 00:00:00+00:00 → 2024-09-11 23:45:00+00:00)
          Using pre-computed PVLib baseline (pvlib_ac_kw column)
          PVLib shape: (2880,), range: [0.000, 0.858]

[STEP 2/4] Running long-head TFT (strategic: 720 hours @ 1-hour)...
          Long-head shape: (720,)
          Upsampling long-head to 15-min resolution...
          Long upsampled shape: (2880,)

[STEP 3/4] Rolling short-head refinement (30 days × 96 steps)...
          Day  5/30: α_short=0.65, α_long=0.35, α_ml=0.69
          Day 10/30: α_short=0.50, α_long=0.50, α_ml=0.66
          Day 15/30: α_short=0.35, α_long=0.65, α_ml=0.64
          Day 20/30: α_short=0.35, α_long=0.65, α_ml=0.61
          Day 25/30: α_short=0.35, α_long=0.65, α_ml=0.59
          Day 30/30: α_short=0.35, α_long=0.65, α_ml=0.56
          Final forecast shape: (2880,)
          Final range: [0.000, 0.675]

[STEP 4/4] Validation...
         ✓ Shape correct (2880 steps)
         ✓ Range valid [0.000, 0.675]
         ✓ All night hours zero
         ✓ Daylight mean: 0.326

[SUCCESS] Hierarchical 30-day forecast complete!
          Total TFT calls: 1 long-head + 30 short-head = 31

[INFO] Hierarchical 30-day forecast starting 2024-08-14 00:00:00+00:00
[INFO] Fetching live weather from OpenMeteo API...
                [Auto-selected ECMWF API for 15-day forecast]
[WeatherClient] Fetching 15-day ECMWF forecast
                Location: (48.6946°N, 12.5976°E)
                Period: 2024-08-14 → 2024-08-29
                Tilt/Azimuth: 25.0° / 180.0°
                API: ECMWF
[ERROR] Live weather fetch failed: OpenMeteo API call failed: {'error': True, 'reason': "Parameter 'start_date' is out of allowed range from 2025-10-06 to 2026-01-22"}
[ERROR] Falling back to test weather data if available
       Architecture: Long-head (strategic) + 30× Short-head (tactical) + Physics

[PREP] Preparing data for multi-resolution inference...
       Input frequency detected: 15min
       Resampling to hourly for long-head...
       Hourly shape: historical=(720, 28), weather=(720, 32)

[STEP 1/4] Computing PVLib physics baseline (2880 steps @ 15-min)...
          Weather window: 2880 steps (2024-08-14 00:00:00+00:00 → 2024-09-12 23:45:00+00:00)
          Using pre-computed PVLib baseline (pvlib_ac_kw column)
          PVLib shape: (2880,), range: [0.000, 0.858]

[STEP 2/4] Running long-head TFT (strategic: 720 hours @ 1-hour)...
          Long-head shape: (720,)
          Upsampling long-head to 15-min resolution...
          Long upsampled shape: (2880,)

[STEP 3/4] Rolling short-head refinement (30 days × 96 steps)...
          Day  5/30: α_short=0.65, α_long=0.35, α_ml=0.69
          Day 10/30: α_short=0.50, α_long=0.50, α_ml=0.66
          Day 15/30: α_short=0.35, α_long=0.65, α_ml=0.64
          Day 20/30: α_short=0.35, α_long=0.65, α_ml=0.61
          Day 25/30: α_short=0.35, α_long=0.65, α_ml=0.59
          Day 30/30: α_short=0.35, α_long=0.65, α_ml=0.56
          Final forecast shape: (2880,)
          Final range: [0.000, 0.638]

[STEP 4/4] Validation...
         ✓ Shape correct (2880 steps)
         ✓ Range valid [0.000, 0.638]
         ✓ All night hours zero
         ✓ Daylight mean: 0.321

[SUCCESS] Hierarchical 30-day forecast complete!
          Total TFT calls: 1 long-head + 30 short-head = 31

[INFO] Hierarchical 30-day forecast starting 2024-08-15 00:00:00+00:00
[INFO] Fetching live weather from OpenMeteo API...
                [Auto-selected ECMWF API for 15-day forecast]
[WeatherClient] Fetching 15-day ECMWF forecast
/home/dwijenayake/pv_forecast_30d/src/inference/physics_aware_forecaster.py:386: FutureWarning: 'H' is deprecated and will be removed in a future version, please use 'h' instead.
  hourly_hist = historical_df[['timestamp_utc'] + hist_numeric_cols].set_index('timestamp_utc').resample('1H').mean().reset_index()
/home/dwijenayake/pv_forecast_30d/src/inference/physics_aware_forecaster.py:387: FutureWarning: 'H' is deprecated and will be removed in a future version, please use 'h' instead.
  hourly_weather = weather_df[['timestamp_utc'] + weather_numeric_cols].set_index('timestamp_utc').resample('1H').mean().reset_index()
/home/dwijenayake/pv_forecast_30d/src/inference/physics_aware_forecaster.py:386: FutureWarning: 'H' is deprecated and will be removed in a future version, please use 'h' instead.
  hourly_hist = historical_df[['timestamp_utc'] + hist_numeric_cols].set_index('timestamp_utc').resample('1H').mean().reset_index()
/home/dwijenayake/pv_forecast_30d/src/inference/physics_aware_forecaster.py:387: FutureWarning: 'H' is deprecated and will be removed in a future version, please use 'h' instead.
  hourly_weather = weather_df[['timestamp_utc'] + weather_numeric_cols].set_index('timestamp_utc').resample('1H').mean().reset_index()
/home/dwijenayake/pv_forecast_30d/src/inference/physics_aware_forecaster.py:386: FutureWarning: 'H' is deprecated and will be removed in a future version, please use 'h' instead.
  hourly_hist = historical_df[['timestamp_utc'] + hist_numeric_cols].set_index('timestamp_utc').resample('1H').mean().reset_index()
/home/dwijenayake/pv_forecast_30d/src/inference/physics_aware_forecaster.py:387: FutureWarning: 'H' is deprecated and will be removed in a future version, please use 'h' instead.
  hourly_weather = weather_df[['timestamp_utc'] + weather_numeric_cols].set_index('timestamp_utc').resample('1H').mean().reset_index()
/home/dwijenayake/pv_forecast_30d/src/inference/physics_aware_forecaster.py:386: FutureWarning: 'H' is deprecated and will be removed in a future version, please use 'h' instead.
  hourly_hist = historical_df[['timestamp_utc'] + hist_numeric_cols].set_index('timestamp_utc').resample('1H').mean().reset_index()
/home/dwijenayake/pv_forecast_30d/src/inference/physics_aware_forecaster.py:387: FutureWarning: 'H' is deprecated and will be removed in a future version, please use 'h' instead.
  hourly_weather = weather_df[['timestamp_utc'] + weather_numeric_cols].set_index('timestamp_utc').resample('1H').mean().reset_index()
                Location: (48.6946°N, 12.5976°E)
                Period: 2024-08-15 → 2024-08-30
                Tilt/Azimuth: 25.0° / 180.0°
                API: ECMWF
[ERROR] Live weather fetch failed: OpenMeteo API call failed: {'error': True, 'reason': "Parameter 'start_date' is out of allowed range from 2025-10-06 to 2026-01-22"}
[ERROR] Falling back to test weather data if available
       Architecture: Long-head (strategic) + 30× Short-head (tactical) + Physics

[PREP] Preparing data for multi-resolution inference...
       Input frequency detected: 15min
       Resampling to hourly for long-head...
       Hourly shape: historical=(720, 28), weather=(720, 32)

[STEP 1/4] Computing PVLib physics baseline (2880 steps @ 15-min)...
          Weather window: 2880 steps (2024-08-15 00:00:00+00:00 → 2024-09-13 23:45:00+00:00)
          Using pre-computed PVLib baseline (pvlib_ac_kw column)
          PVLib shape: (2880,), range: [0.000, 0.858]

[STEP 2/4] Running long-head TFT (strategic: 720 hours @ 1-hour)...
          Long-head shape: (720,)
          Upsampling long-head to 15-min resolution...
          Long upsampled shape: (2880,)

[STEP 3/4] Rolling short-head refinement (30 days × 96 steps)...
          Day  5/30: α_short=0.65, α_long=0.35, α_ml=0.69
          Day 10/30: α_short=0.50, α_long=0.50, α_ml=0.66
          Day 15/30: α_short=0.35, α_long=0.65, α_ml=0.64
          Day 20/30: α_short=0.35, α_long=0.65, α_ml=0.61
          Day 25/30: α_short=0.35, α_long=0.65, α_ml=0.59
          Day 30/30: α_short=0.35, α_long=0.65, α_ml=0.56
          Final forecast shape: (2880,)
          Final range: [0.000, 0.637]

[STEP 4/4] Validation...
         ✓ Shape correct (2880 steps)
         ✓ Range valid [0.000, 0.637]
         ✓ All night hours zero
         ✓ Daylight mean: 0.317

[SUCCESS] Hierarchical 30-day forecast complete!
          Total TFT calls: 1 long-head + 30 short-head = 31

[INFO] Hierarchical 30-day forecast starting 2024-08-16 00:00:00+00:00
[INFO] Fetching live weather from OpenMeteo API...
                [Auto-selected ECMWF API for 15-day forecast]
[WeatherClient] Fetching 15-day ECMWF forecast
                Location: (48.6946°N, 12.5976°E)
                Period: 2024-08-16 → 2024-08-31
                Tilt/Azimuth: 25.0° / 180.0°
                API: ECMWF
[ERROR] Live weather fetch failed: OpenMeteo API call failed: {'error': True, 'reason': "Parameter 'start_date' is out of allowed range from 2025-10-06 to 2026-01-22"}
[ERROR] Falling back to test weather data if available
       Architecture: Long-head (strategic) + 30× Short-head (tactical) + Physics

[PREP] Preparing data for multi-resolution inference...
       Input frequency detected: 15min
       Resampling to hourly for long-head...
       Hourly shape: historical=(720, 28), weather=(720, 32)

[STEP 1/4] Computing PVLib physics baseline (2880 steps @ 15-min)...
          Weather window: 2880 steps (2024-08-16 00:00:00+00:00 → 2024-09-14 23:45:00+00:00)
          Using pre-computed PVLib baseline (pvlib_ac_kw column)
          PVLib shape: (2880,), range: [0.000, 0.858]

[STEP 2/4] Running long-head TFT (strategic: 720 hours @ 1-hour)...
          Long-head shape: (720,)
          Upsampling long-head to 15-min resolution...
          Long upsampled shape: (2880,)

[STEP 3/4] Rolling short-head refinement (30 days × 96 steps)...
          Day  5/30: α_short=0.65, α_long=0.35, α_ml=0.69
          Day 10/30: α_short=0.50, α_long=0.50, α_ml=0.66
          Day 15/30: α_short=0.35, α_long=0.65, α_ml=0.64
          Day 20/30: α_short=0.35, α_long=0.65, α_ml=0.61
          Day 25/30: α_short=0.35, α_long=0.65, α_ml=0.59
          Day 30/30: α_short=0.35, α_long=0.65, α_ml=0.56
          Final forecast shape: (2880,)
          Final range: [0.000, 0.629]

[STEP 4/4] Validation...
         ✓ Shape correct (2880 steps)
         ✓ Range valid [0.000, 0.629]
         ✓ All night hours zero
         ✓ Daylight mean: 0.316

[SUCCESS] Hierarchical 30-day forecast complete!
          Total TFT calls: 1 long-head + 30 short-head = 31

[INFO] Hierarchical 30-day forecast starting 2024-08-17 00:00:00+00:00
[INFO] Fetching live weather from OpenMeteo API...
                [Auto-selected ECMWF API for 15-day forecast]
[WeatherClient] Fetching 15-day ECMWF forecast
                Location: (48.6946°N, 12.5976°E)
                Period: 2024-08-17 → 2024-09-01
                Tilt/Azimuth: 25.0° / 180.0°
                API: ECMWF
[ERROR] Live weather fetch failed: OpenMeteo API call failed: {'reason': "Parameter 'start_date' is out of allowed range from 2025-10-06 to 2026-01-22", 'error': True}
[ERROR] Falling back to test weather data if available
       Architecture: Long-head (strategic) + 30× Short-head (tactical) + Physics

[PREP] Preparing data for multi-resolution inference...
       Input frequency detected: 15min
       Resampling to hourly for long-head...
       Hourly shape: historical=(720, 28), weather=(720, 32)

[STEP 1/4] Computing PVLib physics baseline (2880 steps @ 15-min)...
          Weather window: 2880 steps (2024-08-17 00:00:00+00:00 → 2024-09-15 23:45:00+00:00)
          Using pre-computed PVLib baseline (pvlib_ac_kw column)
          PVLib shape: (2880,), range: [0.000, 0.858]

[STEP 2/4] Running long-head TFT (strategic: 720 hours @ 1-hour)...
          Long-head shape: (720,)
          Upsampling long-head to 15-min resolution...
          Long upsampled shape: (2880,)

[STEP 3/4] Rolling short-head refinement (30 days × 96 steps)...
          Day  5/30: α_short=0.65, α_long=0.35, α_ml=0.69
          Day 10/30: α_short=0.50, α_long=0.50, α_ml=0.66
          Day 15/30: α_short=0.35, α_long=0.65, α_ml=0.64
          Day 20/30: α_short=0.35, α_long=0.65, α_ml=0.61
          Day 25/30: α_short=0.35, α_long=0.65, α_ml=0.59
          Day 30/30: α_short=0.35, α_long=0.65, α_ml=0.56
          Final forecast shape: (2880,)
          Final range: [0.000, 0.627]

[STEP 4/4] Validation...
         ✓ Shape correct (2880 steps)
         ✓ Range valid [0.000, 0.627]
         ✓ All night hours zero
         ✓ Daylight mean: 0.316

[SUCCESS] Hierarchical 30-day forecast complete!
          Total TFT calls: 1 long-head + 30 short-head = 31

[INFO] Hierarchical 30-day forecast starting 2024-08-18 00:00:00+00:00
[INFO] Fetching live weather from OpenMeteo API...
                [Auto-selected ECMWF API for 15-day forecast]
[WeatherClient] Fetching 15-day ECMWF forecast
                Location: (48.6946°N, 12.5976°E)
                Period: 2024-08-18 → 2024-09-02
                Tilt/Azimuth: 25.0° / 180.0°
                API: ECMWF
[ERROR] Live weather fetch failed: OpenMeteo API call failed: {'reason': "Parameter 'start_date' is out of allowed range from 2025-10-06 to 2026-01-22", 'error': True}
[ERROR] Falling back to test weather data if available
       Architecture: Long-head (strategic) + 30× Short-head (tactical) + Physics

[PREP] Preparing data for multi-resolution inference...
       Input frequency detected: 15min
       Resampling to hourly for long-head...
       Hourly shape: historical=(720, 28), weather=(720, 32)

[STEP 1/4] Computing PVLib physics baseline (2880 steps @ 15-min)...
          Weather window: 2880 steps (2024-08-18 00:00:00+00:00 → 2024-09-16 23:45:00+00:00)
          Using pre-computed PVLib baseline (pvlib_ac_kw column)
          PVLib shape: (2880,), range: [0.000, 0.858]

[STEP 2/4] Running long-head TFT (strategic: 720 hours @ 1-hour)...
          Long-head shape: (720,)
          Upsampling long-head to 15-min resolution...
          Long upsampled shape: (2880,)

[STEP 3/4] Rolling short-head refinement (30 days × 96 steps)...
          Day  5/30: α_short=0.65, α_long=0.35, α_ml=0.69
          Day 10/30: α_short=0.50, α_long=0.50, α_ml=0.66
          Day 15/30: α_short=0.35, α_long=0.65, α_ml=0.64
          Day 20/30: α_short=0.35, α_long=0.65, α_ml=0.61
          Day 25/30: α_short=0.35, α_long=0.65, α_ml=0.59
          Day 30/30: α_short=0.35, α_long=0.65, α_ml=0.56
/home/dwijenayake/pv_forecast_30d/src/inference/physics_aware_forecaster.py:386: FutureWarning: 'H' is deprecated and will be removed in a future version, please use 'h' instead.
  hourly_hist = historical_df[['timestamp_utc'] + hist_numeric_cols].set_index('timestamp_utc').resample('1H').mean().reset_index()
/home/dwijenayake/pv_forecast_30d/src/inference/physics_aware_forecaster.py:387: FutureWarning: 'H' is deprecated and will be removed in a future version, please use 'h' instead.
  hourly_weather = weather_df[['timestamp_utc'] + weather_numeric_cols].set_index('timestamp_utc').resample('1H').mean().reset_index()
/home/dwijenayake/pv_forecast_30d/src/inference/physics_aware_forecaster.py:386: FutureWarning: 'H' is deprecated and will be removed in a future version, please use 'h' instead.
  hourly_hist = historical_df[['timestamp_utc'] + hist_numeric_cols].set_index('timestamp_utc').resample('1H').mean().reset_index()
/home/dwijenayake/pv_forecast_30d/src/inference/physics_aware_forecaster.py:387: FutureWarning: 'H' is deprecated and will be removed in a future version, please use 'h' instead.
  hourly_weather = weather_df[['timestamp_utc'] + weather_numeric_cols].set_index('timestamp_utc').resample('1H').mean().reset_index()
/home/dwijenayake/pv_forecast_30d/src/inference/physics_aware_forecaster.py:386: FutureWarning: 'H' is deprecated and will be removed in a future version, please use 'h' instead.
  hourly_hist = historical_df[['timestamp_utc'] + hist_numeric_cols].set_index('timestamp_utc').resample('1H').mean().reset_index()
/home/dwijenayake/pv_forecast_30d/src/inference/physics_aware_forecaster.py:387: FutureWarning: 'H' is deprecated and will be removed in a future version, please use 'h' instead.
  hourly_weather = weather_df[['timestamp_utc'] + weather_numeric_cols].set_index('timestamp_utc').resample('1H').mean().reset_index()
/home/dwijenayake/pv_forecast_30d/src/inference/physics_aware_forecaster.py:386: FutureWarning: 'H' is deprecated and will be removed in a future version, please use 'h' instead.
  hourly_hist = historical_df[['timestamp_utc'] + hist_numeric_cols].set_index('timestamp_utc').resample('1H').mean().reset_index()
/home/dwijenayake/pv_forecast_30d/src/inference/physics_aware_forecaster.py:387: FutureWarning: 'H' is deprecated and will be removed in a future version, please use 'h' instead.
  hourly_weather = weather_df[['timestamp_utc'] + weather_numeric_cols].set_index('timestamp_utc').resample('1H').mean().reset_index()
          Final forecast shape: (2880,)
          Final range: [0.000, 0.631]

[STEP 4/4] Validation...
         ✓ Shape correct (2880 steps)
         ✓ Range valid [0.000, 0.631]
         ✓ All night hours zero
         ✓ Daylight mean: 0.321

[SUCCESS] Hierarchical 30-day forecast complete!
          Total TFT calls: 1 long-head + 30 short-head = 31

[INFO] Hierarchical 30-day forecast starting 2024-08-19 00:00:00+00:00
[INFO] Fetching live weather from OpenMeteo API...
                [Auto-selected ECMWF API for 15-day forecast]
[WeatherClient] Fetching 15-day ECMWF forecast
                Location: (48.6946°N, 12.5976°E)
                Period: 2024-08-19 → 2024-09-03
                Tilt/Azimuth: 25.0° / 180.0°
                API: ECMWF
[ERROR] Live weather fetch failed: OpenMeteo API call failed: {'error': True, 'reason': "Parameter 'start_date' is out of allowed range from 2025-10-06 to 2026-01-22"}
[ERROR] Falling back to test weather data if available
       Architecture: Long-head (strategic) + 30× Short-head (tactical) + Physics

[PREP] Preparing data for multi-resolution inference...
       Input frequency detected: 15min
       Resampling to hourly for long-head...
       Hourly shape: historical=(720, 28), weather=(720, 32)

[STEP 1/4] Computing PVLib physics baseline (2880 steps @ 15-min)...
          Weather window: 2880 steps (2024-08-19 00:00:00+00:00 → 2024-09-17 23:45:00+00:00)
          Using pre-computed PVLib baseline (pvlib_ac_kw column)
          PVLib shape: (2880,), range: [0.000, 0.858]

[STEP 2/4] Running long-head TFT (strategic: 720 hours @ 1-hour)...
          Long-head shape: (720,)
          Upsampling long-head to 15-min resolution...
          Long upsampled shape: (2880,)

[STEP 3/4] Rolling short-head refinement (30 days × 96 steps)...
          Day  5/30: α_short=0.65, α_long=0.35, α_ml=0.69
          Day 10/30: α_short=0.50, α_long=0.50, α_ml=0.66
          Day 15/30: α_short=0.35, α_long=0.65, α_ml=0.64
          Day 20/30: α_short=0.35, α_long=0.65, α_ml=0.61
          Day 25/30: α_short=0.35, α_long=0.65, α_ml=0.59
          Day 30/30: α_short=0.35, α_long=0.65, α_ml=0.56
          Final forecast shape: (2880,)
          Final range: [0.000, 0.636]

[STEP 4/4] Validation...
         ✓ Shape correct (2880 steps)
         ✓ Range valid [0.000, 0.636]
         ✓ All night hours zero
         ✓ Daylight mean: 0.323

[SUCCESS] Hierarchical 30-day forecast complete!
          Total TFT calls: 1 long-head + 30 short-head = 31

[INFO] Hierarchical 30-day forecast starting 2024-08-20 00:00:00+00:00
[INFO] Fetching live weather from OpenMeteo API...
                [Auto-selected ECMWF API for 15-day forecast]
[WeatherClient] Fetching 15-day ECMWF forecast
                Location: (48.6946°N, 12.5976°E)
                Period: 2024-08-20 → 2024-09-04
                Tilt/Azimuth: 25.0° / 180.0°
                API: ECMWF
[ERROR] Live weather fetch failed: OpenMeteo API call failed: {'error': True, 'reason': "Parameter 'start_date' is out of allowed range from 2025-10-06 to 2026-01-22"}
[ERROR] Falling back to test weather data if available
       Architecture: Long-head (strategic) + 30× Short-head (tactical) + Physics

[PREP] Preparing data for multi-resolution inference...
       Input frequency detected: 15min
       Resampling to hourly for long-head...
       Hourly shape: historical=(720, 28), weather=(720, 32)

[STEP 1/4] Computing PVLib physics baseline (2880 steps @ 15-min)...
          Weather window: 2880 steps (2024-08-20 00:00:00+00:00 → 2024-09-18 23:45:00+00:00)
          Using pre-computed PVLib baseline (pvlib_ac_kw column)
          PVLib shape: (2880,), range: [0.000, 0.858]

[STEP 2/4] Running long-head TFT (strategic: 720 hours @ 1-hour)...
          Long-head shape: (720,)
          Upsampling long-head to 15-min resolution...
          Long upsampled shape: (2880,)

[STEP 3/4] Rolling short-head refinement (30 days × 96 steps)...
          Day  5/30: α_short=0.65, α_long=0.35, α_ml=0.69
          Day 10/30: α_short=0.50, α_long=0.50, α_ml=0.66
          Day 15/30: α_short=0.35, α_long=0.65, α_ml=0.64
          Day 20/30: α_short=0.35, α_long=0.65, α_ml=0.61
          Day 25/30: α_short=0.35, α_long=0.65, α_ml=0.59
          Day 30/30: α_short=0.35, α_long=0.65, α_ml=0.56
          Final forecast shape: (2880,)
          Final range: [0.000, 0.636]

[STEP 4/4] Validation...
         ✓ Shape correct (2880 steps)
         ✓ Range valid [0.000, 0.636]
         ✓ All night hours zero
         ✓ Daylight mean: 0.328

[SUCCESS] Hierarchical 30-day forecast complete!
          Total TFT calls: 1 long-head + 30 short-head = 31

[INFO] Hierarchical 30-day forecast starting 2024-08-21 00:00:00+00:00
[INFO] Fetching live weather from OpenMeteo API...
                [Auto-selected ECMWF API for 15-day forecast]
[WeatherClient] Fetching 15-day ECMWF forecast
                Location: (48.6946°N, 12.5976°E)
                Period: 2024-08-21 → 2024-09-05
                Tilt/Azimuth: 25.0° / 180.0°
                API: ECMWF
[ERROR] Live weather fetch failed: OpenMeteo API call failed: {'error': True, 'reason': "Parameter 'start_date' is out of allowed range from 2025-10-06 to 2026-01-22"}
[ERROR] Falling back to test weather data if available
       Architecture: Long-head (strategic) + 30× Short-head (tactical) + Physics

[PREP] Preparing data for multi-resolution inference...
       Input frequency detected: 15min
       Resampling to hourly for long-head...
       Hourly shape: historical=(720, 28), weather=(720, 32)

[STEP 1/4] Computing PVLib physics baseline (2880 steps @ 15-min)...
          Weather window: 2880 steps (2024-08-21 00:00:00+00:00 → 2024-09-19 23:45:00+00:00)
          Using pre-computed PVLib baseline (pvlib_ac_kw column)
          PVLib shape: (2880,), range: [0.000, 0.858]

[STEP 2/4] Running long-head TFT (strategic: 720 hours @ 1-hour)...
          Long-head shape: (720,)
          Upsampling long-head to 15-min resolution...
          Long upsampled shape: (2880,)

[STEP 3/4] Rolling short-head refinement (30 days × 96 steps)...
          Day  5/30: α_short=0.65, α_long=0.35, α_ml=0.69
          Day 10/30: α_short=0.50, α_long=0.50, α_ml=0.66
          Day 15/30: α_short=0.35, α_long=0.65, α_ml=0.64
          Day 20/30: α_short=0.35, α_long=0.65, α_ml=0.61
          Day 25/30: α_short=0.35, α_long=0.65, α_ml=0.59
          Day 30/30: α_short=0.35, α_long=0.65, α_ml=0.56
          Final forecast shape: (2880,)
          Final range: [0.000, 0.705]

[STEP 4/4] Validation...
         ✓ Shape correct (2880 steps)
         ✓ Range valid [0.000, 0.705]
         ✓ All night hours zero
         ✓ Daylight mean: 0.332

[SUCCESS] Hierarchical 30-day forecast complete!
          Total TFT calls: 1 long-head + 30 short-head = 31

[INFO] Hierarchical 30-day forecast starting 2024-08-22 00:00:00+00:00
[INFO] Fetching live weather from OpenMeteo API...
                [Auto-selected ECMWF API for 15-day forecast]
[WeatherClient] Fetching 15-day ECMWF forecast
                Location: (48.6946°N, 12.5976°E)
                Period: 2024-08-22 → 2024-09-06
                Tilt/Azimuth: 25.0° / 180.0°
                API: ECMWF
[ERROR] Live weather fetch failed: OpenMeteo API call failed: {'error': True, 'reason': "Parameter 'start_date' is out of allowed range from 2025-10-06 to 2026-01-22"}
[ERROR] Falling back to test weather data if available
       Architecture: Long-head (strategic) + 30× Short-head (tactical) + Physics

[PREP] Preparing data for multi-resolution inference...
       Input frequency detected: 15min
       Resampling to hourly for long-head...
       Hourly shape: historical=(720, 28), weather=(720, 32)

[STEP 1/4] Computing PVLib physics baseline (2880 steps @ 15-min)...
          Weather window: 2880 steps (2024-08-22 00:00:00+00:00 → 2024-09-20 23:45:00+00:00)
          Using pre-computed PVLib baseline (pvlib_ac_kw column)
          PVLib shape: (2880,), range: [0.000, 0.858]
/home/dwijenayake/pv_forecast_30d/src/inference/physics_aware_forecaster.py:386: FutureWarning: 'H' is deprecated and will be removed in a future version, please use 'h' instead.
  hourly_hist = historical_df[['timestamp_utc'] + hist_numeric_cols].set_index('timestamp_utc').resample('1H').mean().reset_index()
/home/dwijenayake/pv_forecast_30d/src/inference/physics_aware_forecaster.py:387: FutureWarning: 'H' is deprecated and will be removed in a future version, please use 'h' instead.
  hourly_weather = weather_df[['timestamp_utc'] + weather_numeric_cols].set_index('timestamp_utc').resample('1H').mean().reset_index()
/home/dwijenayake/pv_forecast_30d/src/inference/physics_aware_forecaster.py:386: FutureWarning: 'H' is deprecated and will be removed in a future version, please use 'h' instead.
  hourly_hist = historical_df[['timestamp_utc'] + hist_numeric_cols].set_index('timestamp_utc').resample('1H').mean().reset_index()
/home/dwijenayake/pv_forecast_30d/src/inference/physics_aware_forecaster.py:387: FutureWarning: 'H' is deprecated and will be removed in a future version, please use 'h' instead.
  hourly_weather = weather_df[['timestamp_utc'] + weather_numeric_cols].set_index('timestamp_utc').resample('1H').mean().reset_index()
/home/dwijenayake/pv_forecast_30d/src/inference/physics_aware_forecaster.py:386: FutureWarning: 'H' is deprecated and will be removed in a future version, please use 'h' instead.
  hourly_hist = historical_df[['timestamp_utc'] + hist_numeric_cols].set_index('timestamp_utc').resample('1H').mean().reset_index()
/home/dwijenayake/pv_forecast_30d/src/inference/physics_aware_forecaster.py:387: FutureWarning: 'H' is deprecated and will be removed in a future version, please use 'h' instead.
  hourly_weather = weather_df[['timestamp_utc'] + weather_numeric_cols].set_index('timestamp_utc').resample('1H').mean().reset_index()

[STEP 2/4] Running long-head TFT (strategic: 720 hours @ 1-hour)...
          Long-head shape: (720,)
          Upsampling long-head to 15-min resolution...
          Long upsampled shape: (2880,)

[STEP 3/4] Rolling short-head refinement (30 days × 96 steps)...
          Day  5/30: α_short=0.65, α_long=0.35, α_ml=0.69
          Day 10/30: α_short=0.50, α_long=0.50, α_ml=0.66
          Day 15/30: α_short=0.35, α_long=0.65, α_ml=0.64
          Day 20/30: α_short=0.35, α_long=0.65, α_ml=0.61
          Day 25/30: α_short=0.35, α_long=0.65, α_ml=0.59
          Day 30/30: α_short=0.35, α_long=0.65, α_ml=0.56
          Final forecast shape: (2880,)
          Final range: [0.000, 0.704]

[STEP 4/4] Validation...
         ✓ Shape correct (2880 steps)
         ✓ Range valid [0.000, 0.704]
         ✓ All night hours zero
         ✓ Daylight mean: 0.333

[SUCCESS] Hierarchical 30-day forecast complete!
          Total TFT calls: 1 long-head + 30 short-head = 31

[INFO] Hierarchical 30-day forecast starting 2024-08-23 00:00:00+00:00
[INFO] Fetching live weather from OpenMeteo API...
                [Auto-selected ECMWF API for 15-day forecast]
[WeatherClient] Fetching 15-day ECMWF forecast
                Location: (48.6946°N, 12.5976°E)
                Period: 2024-08-23 → 2024-09-07
                Tilt/Azimuth: 25.0° / 180.0°
                API: ECMWF
[ERROR] Live weather fetch failed: OpenMeteo API call failed: {'error': True, 'reason': "Parameter 'start_date' is out of allowed range from 2025-10-06 to 2026-01-22"}
[ERROR] Falling back to test weather data if available
       Architecture: Long-head (strategic) + 30× Short-head (tactical) + Physics

[PREP] Preparing data for multi-resolution inference...
       Input frequency detected: 15min
       Resampling to hourly for long-head...
       Hourly shape: historical=(720, 28), weather=(720, 32)

[STEP 1/4] Computing PVLib physics baseline (2880 steps @ 15-min)...
          Weather window: 2880 steps (2024-08-23 00:00:00+00:00 → 2024-09-21 23:45:00+00:00)
          Using pre-computed PVLib baseline (pvlib_ac_kw column)
          PVLib shape: (2880,), range: [0.000, 0.858]

[STEP 2/4] Running long-head TFT (strategic: 720 hours @ 1-hour)...
          Long-head shape: (720,)
          Upsampling long-head to 15-min resolution...
          Long upsampled shape: (2880,)

[STEP 3/4] Rolling short-head refinement (30 days × 96 steps)...
          Day  5/30: α_short=0.65, α_long=0.35, α_ml=0.69
          Day 10/30: α_short=0.50, α_long=0.50, α_ml=0.66
          Day 15/30: α_short=0.35, α_long=0.65, α_ml=0.64
          Day 20/30: α_short=0.35, α_long=0.65, α_ml=0.61
          Day 25/30: α_short=0.35, α_long=0.65, α_ml=0.59
          Day 30/30: α_short=0.35, α_long=0.65, α_ml=0.56
          Final forecast shape: (2880,)
          Final range: [0.000, 0.703]

[STEP 4/4] Validation...
         ✓ Shape correct (2880 steps)
         ✓ Range valid [0.000, 0.703]
         ✓ All night hours zero
         ✓ Daylight mean: 0.334

[SUCCESS] Hierarchical 30-day forecast complete!
          Total TFT calls: 1 long-head + 30 short-head = 31

[INFO] Hierarchical 30-day forecast starting 2024-08-24 00:00:00+00:00
[INFO] Fetching live weather from OpenMeteo API...
                [Auto-selected ECMWF API for 15-day forecast]
[WeatherClient] Fetching 15-day ECMWF forecast
                Location: (48.6946°N, 12.5976°E)
                Period: 2024-08-24 → 2024-09-08
                Tilt/Azimuth: 25.0° / 180.0°
                API: ECMWF
[ERROR] Live weather fetch failed: OpenMeteo API call failed: {'reason': "Parameter 'start_date' is out of allowed range from 2025-10-06 to 2026-01-22", 'error': True}
[ERROR] Falling back to test weather data if available
       Architecture: Long-head (strategic) + 30× Short-head (tactical) + Physics

[PREP] Preparing data for multi-resolution inference...
       Input frequency detected: 15min
       Resampling to hourly for long-head...
       Hourly shape: historical=(720, 28), weather=(720, 32)

[STEP 1/4] Computing PVLib physics baseline (2880 steps @ 15-min)...
          Weather window: 2880 steps (2024-08-24 00:00:00+00:00 → 2024-09-22 23:45:00+00:00)
          Using pre-computed PVLib baseline (pvlib_ac_kw column)
          PVLib shape: (2880,), range: [0.000, 0.842]

[STEP 2/4] Running long-head TFT (strategic: 720 hours @ 1-hour)...
          Long-head shape: (720,)
          Upsampling long-head to 15-min resolution...
          Long upsampled shape: (2880,)

[STEP 3/4] Rolling short-head refinement (30 days × 96 steps)...
          Day  5/30: α_short=0.65, α_long=0.35, α_ml=0.69
          Day 10/30: α_short=0.50, α_long=0.50, α_ml=0.66
          Day 15/30: α_short=0.35, α_long=0.65, α_ml=0.64
          Day 20/30: α_short=0.35, α_long=0.65, α_ml=0.61
          Day 25/30: α_short=0.35, α_long=0.65, α_ml=0.59
          Day 30/30: α_short=0.35, α_long=0.65, α_ml=0.56
          Final forecast shape: (2880,)
          Final range: [0.000, 0.702]

[STEP 4/4] Validation...
         ✓ Shape correct (2880 steps)
         ✓ Range valid [0.000, 0.702]
         ✓ All night hours zero
         ✓ Daylight mean: 0.335

[SUCCESS] Hierarchical 30-day forecast complete!
          Total TFT calls: 1 long-head + 30 short-head = 31

[INFO] Hierarchical 30-day forecast starting 2024-08-25 00:00:00+00:00
[INFO] Fetching live weather from OpenMeteo API...
                [Auto-selected ECMWF API for 15-day forecast]
[WeatherClient] Fetching 15-day ECMWF forecast
                Location: (48.6946°N, 12.5976°E)
                Period: 2024-08-25 → 2024-09-09
                Tilt/Azimuth: 25.0° / 180.0°
                API: ECMWF
[ERROR] Live weather fetch failed: OpenMeteo API call failed: {'error': True, 'reason': "Parameter 'start_date' is out of allowed range from 2025-10-06 to 2026-01-22"}
[ERROR] Falling back to test weather data if available
       Architecture: Long-head (strategic) + 30× Short-head (tactical) + Physics

[PREP] Preparing data for multi-resolution inference...
       Input frequency detected: 15min
       Resampling to hourly for long-head...
       Hourly shape: historical=(720, 28), weather=(720, 32)

[STEP 1/4] Computing PVLib physics baseline (2880 steps @ 15-min)...
          Weather window: 2880 steps (2024-08-25 00:00:00+00:00 → 2024-09-23 23:45:00+00:00)
          Using pre-computed PVLib baseline (pvlib_ac_kw column)
          PVLib shape: (2880,), range: [0.000, 0.842]

[STEP 2/4] Running long-head TFT (strategic: 720 hours @ 1-hour)...
          Long-head shape: (720,)
          Upsampling long-head to 15-min resolution...
          Long upsampled shape: (2880,)

[STEP 3/4] Rolling short-head refinement (30 days × 96 steps)...
          Day  5/30: α_short=0.65, α_long=0.35, α_ml=0.69
          Day 10/30: α_short=0.50, α_long=0.50, α_ml=0.66
          Day 15/30: α_short=0.35, α_long=0.65, α_ml=0.64
          Day 20/30: α_short=0.35, α_long=0.65, α_ml=0.61
          Day 25/30: α_short=0.35, α_long=0.65, α_ml=0.59
          Day 30/30: α_short=0.35, α_long=0.65, α_ml=0.56
          Final forecast shape: (2880,)
          Final range: [0.000, 0.701]

[STEP 4/4] Validation...
         ✓ Shape correct (2880 steps)
         ✓ Range valid [0.000, 0.701]
         ✓ All night hours zero
         ✓ Daylight mean: 0.335

[SUCCESS] Hierarchical 30-day forecast complete!
          Total TFT calls: 1 long-head + 30 short-head = 31

[INFO] Hierarchical 30-day forecast starting 2024-08-26 00:00:00+00:00
[INFO] Fetching live weather from OpenMeteo API...
                [Auto-selected ECMWF API for 15-day forecast]
[WeatherClient] Fetching 15-day ECMWF forecast
                Location: (48.6946°N, 12.5976°E)
                Period: 2024-08-26 → 2024-09-10
                Tilt/Azimuth: 25.0° / 180.0°
                API: ECMWF
[ERROR] Live weather fetch failed: OpenMeteo API call failed: {'error': True, 'reason': "Parameter 'start_date' is out of allowed range from 2025-10-06 to 2026-01-22"}
/home/dwijenayake/pv_forecast_30d/src/inference/physics_aware_forecaster.py:386: FutureWarning: 'H' is deprecated and will be removed in a future version, please use 'h' instead.
  hourly_hist = historical_df[['timestamp_utc'] + hist_numeric_cols].set_index('timestamp_utc').resample('1H').mean().reset_index()
/home/dwijenayake/pv_forecast_30d/src/inference/physics_aware_forecaster.py:387: FutureWarning: 'H' is deprecated and will be removed in a future version, please use 'h' instead.
  hourly_weather = weather_df[['timestamp_utc'] + weather_numeric_cols].set_index('timestamp_utc').resample('1H').mean().reset_index()
/home/dwijenayake/pv_forecast_30d/src/inference/physics_aware_forecaster.py:386: FutureWarning: 'H' is deprecated and will be removed in a future version, please use 'h' instead.
  hourly_hist = historical_df[['timestamp_utc'] + hist_numeric_cols].set_index('timestamp_utc').resample('1H').mean().reset_index()
/home/dwijenayake/pv_forecast_30d/src/inference/physics_aware_forecaster.py:387: FutureWarning: 'H' is deprecated and will be removed in a future version, please use 'h' instead.
  hourly_weather = weather_df[['timestamp_utc'] + weather_numeric_cols].set_index('timestamp_utc').resample('1H').mean().reset_index()
/home/dwijenayake/pv_forecast_30d/src/inference/physics_aware_forecaster.py:386: FutureWarning: 'H' is deprecated and will be removed in a future version, please use 'h' instead.
  hourly_hist = historical_df[['timestamp_utc'] + hist_numeric_cols].set_index('timestamp_utc').resample('1H').mean().reset_index()
/home/dwijenayake/pv_forecast_30d/src/inference/physics_aware_forecaster.py:387: FutureWarning: 'H' is deprecated and will be removed in a future version, please use 'h' instead.
  hourly_weather = weather_df[['timestamp_utc'] + weather_numeric_cols].set_index('timestamp_utc').resample('1H').mean().reset_index()
/home/dwijenayake/pv_forecast_30d/src/inference/physics_aware_forecaster.py:386: FutureWarning: 'H' is deprecated and will be removed in a future version, please use 'h' instead.
  hourly_hist = historical_df[['timestamp_utc'] + hist_numeric_cols].set_index('timestamp_utc').resample('1H').mean().reset_index()
/home/dwijenayake/pv_forecast_30d/src/inference/physics_aware_forecaster.py:387: FutureWarning: 'H' is deprecated and will be removed in a future version, please use 'h' instead.
  hourly_weather = weather_df[['timestamp_utc'] + weather_numeric_cols].set_index('timestamp_utc').resample('1H').mean().reset_index()
[ERROR] Falling back to test weather data if available
       Architecture: Long-head (strategic) + 30× Short-head (tactical) + Physics

[PREP] Preparing data for multi-resolution inference...
       Input frequency detected: 15min
       Resampling to hourly for long-head...
       Hourly shape: historical=(720, 28), weather=(720, 32)

[STEP 1/4] Computing PVLib physics baseline (2880 steps @ 15-min)...
          Weather window: 2880 steps (2024-08-26 00:00:00+00:00 → 2024-09-24 23:45:00+00:00)
          Using pre-computed PVLib baseline (pvlib_ac_kw column)
          PVLib shape: (2880,), range: [0.000, 0.842]

[STEP 2/4] Running long-head TFT (strategic: 720 hours @ 1-hour)...
          Long-head shape: (720,)
          Upsampling long-head to 15-min resolution...
          Long upsampled shape: (2880,)

[STEP 3/4] Rolling short-head refinement (30 days × 96 steps)...
          Day  5/30: α_short=0.65, α_long=0.35, α_ml=0.69
          Day 10/30: α_short=0.50, α_long=0.50, α_ml=0.66
          Day 15/30: α_short=0.35, α_long=0.65, α_ml=0.64
          Day 20/30: α_short=0.35, α_long=0.65, α_ml=0.61
          Day 25/30: α_short=0.35, α_long=0.65, α_ml=0.59
          Day 30/30: α_short=0.35, α_long=0.65, α_ml=0.56
          Final forecast shape: (2880,)
          Final range: [0.000, 0.700]

[STEP 4/4] Validation...
         ✓ Shape correct (2880 steps)
         ✓ Range valid [0.000, 0.700]
         ✓ All night hours zero
         ✓ Daylight mean: 0.337

[SUCCESS] Hierarchical 30-day forecast complete!
          Total TFT calls: 1 long-head + 30 short-head = 31

[INFO] Hierarchical 30-day forecast starting 2024-08-27 00:00:00+00:00
[INFO] Fetching live weather from OpenMeteo API...
                [Auto-selected ECMWF API for 15-day forecast]
[WeatherClient] Fetching 15-day ECMWF forecast
                Location: (48.6946°N, 12.5976°E)
                Period: 2024-08-27 → 2024-09-11
                Tilt/Azimuth: 25.0° / 180.0°
                API: ECMWF
[ERROR] Live weather fetch failed: OpenMeteo API call failed: {'reason': "Parameter 'start_date' is out of allowed range from 2025-10-06 to 2026-01-22", 'error': True}
[ERROR] Falling back to test weather data if available
       Architecture: Long-head (strategic) + 30× Short-head (tactical) + Physics

[PREP] Preparing data for multi-resolution inference...
       Input frequency detected: 15min
       Resampling to hourly for long-head...
       Hourly shape: historical=(720, 28), weather=(720, 32)

[STEP 1/4] Computing PVLib physics baseline (2880 steps @ 15-min)...
          Weather window: 2880 steps (2024-08-27 00:00:00+00:00 → 2024-09-25 23:45:00+00:00)
          Using pre-computed PVLib baseline (pvlib_ac_kw column)
          PVLib shape: (2880,), range: [0.000, 0.842]

[STEP 2/4] Running long-head TFT (strategic: 720 hours @ 1-hour)...
          Long-head shape: (720,)
          Upsampling long-head to 15-min resolution...
          Long upsampled shape: (2880,)

[STEP 3/4] Rolling short-head refinement (30 days × 96 steps)...
          Day  5/30: α_short=0.65, α_long=0.35, α_ml=0.69
          Day 10/30: α_short=0.50, α_long=0.50, α_ml=0.66
          Day 15/30: α_short=0.35, α_long=0.65, α_ml=0.64
          Day 20/30: α_short=0.35, α_long=0.65, α_ml=0.61
          Day 25/30: α_short=0.35, α_long=0.65, α_ml=0.59
          Day 30/30: α_short=0.35, α_long=0.65, α_ml=0.56
          Final forecast shape: (2880,)
          Final range: [0.000, 0.691]

[STEP 4/4] Validation...
         ✓ Shape correct (2880 steps)
         ✓ Range valid [0.000, 0.691]
         ✓ All night hours zero
         ✓ Daylight mean: 0.339

[SUCCESS] Hierarchical 30-day forecast complete!
          Total TFT calls: 1 long-head + 30 short-head = 31

[INFO] Hierarchical 30-day forecast starting 2024-08-28 00:00:00+00:00
[INFO] Fetching live weather from OpenMeteo API...
                [Auto-selected ECMWF API for 15-day forecast]
[WeatherClient] Fetching 15-day ECMWF forecast
                Location: (48.6946°N, 12.5976°E)
                Period: 2024-08-28 → 2024-09-12
                Tilt/Azimuth: 25.0° / 180.0°
                API: ECMWF
[ERROR] Live weather fetch failed: OpenMeteo API call failed: {'error': True, 'reason': "Parameter 'start_date' is out of allowed range from 2025-10-06 to 2026-01-22"}
[ERROR] Falling back to test weather data if available
       Architecture: Long-head (strategic) + 30× Short-head (tactical) + Physics

[PREP] Preparing data for multi-resolution inference...
       Input frequency detected: 15min
       Resampling to hourly for long-head...
       Hourly shape: historical=(720, 28), weather=(720, 32)

[STEP 1/4] Computing PVLib physics baseline (2880 steps @ 15-min)...
          Weather window: 2880 steps (2024-08-28 00:00:00+00:00 → 2024-09-26 23:45:00+00:00)
          Using pre-computed PVLib baseline (pvlib_ac_kw column)
          PVLib shape: (2880,), range: [0.000, 0.830]

[STEP 2/4] Running long-head TFT (strategic: 720 hours @ 1-hour)...
          Long-head shape: (720,)
          Upsampling long-head to 15-min resolution...
          Long upsampled shape: (2880,)

[STEP 3/4] Rolling short-head refinement (30 days × 96 steps)...
          Day  5/30: α_short=0.65, α_long=0.35, α_ml=0.69
          Day 10/30: α_short=0.50, α_long=0.50, α_ml=0.66
          Day 15/30: α_short=0.35, α_long=0.65, α_ml=0.64
          Day 20/30: α_short=0.35, α_long=0.65, α_ml=0.61
          Day 25/30: α_short=0.35, α_long=0.65, α_ml=0.59
          Day 30/30: α_short=0.35, α_long=0.65, α_ml=0.56
          Final forecast shape: (2880,)
          Final range: [0.000, 0.672]

[STEP 4/4] Validation...
         ✓ Shape correct (2880 steps)
         ✓ Range valid [0.000, 0.672]
         ✓ All night hours zero
         ✓ Daylight mean: 0.333

[SUCCESS] Hierarchical 30-day forecast complete!
          Total TFT calls: 1 long-head + 30 short-head = 31

[INFO] Hierarchical 30-day forecast starting 2024-08-29 00:00:00+00:00
[INFO] Fetching live weather from OpenMeteo API...
                [Auto-selected ECMWF API for 15-day forecast]
[WeatherClient] Fetching 15-day ECMWF forecast
                Location: (48.6946°N, 12.5976°E)
                Period: 2024-08-29 → 2024-09-13
                Tilt/Azimuth: 25.0° / 180.0°
                API: ECMWF
[ERROR] Live weather fetch failed: OpenMeteo API call failed: {'error': True, 'reason': "Parameter 'start_date' is out of allowed range from 2025-10-06 to 2026-01-22"}
[ERROR] Falling back to test weather data if available
       Architecture: Long-head (strategic) + 30× Short-head (tactical) + Physics

[PREP] Preparing data for multi-resolution inference...
       Input frequency detected: 15min
       Resampling to hourly for long-head...
       Hourly shape: historical=(720, 28), weather=(720, 32)

[STEP 1/4] Computing PVLib physics baseline (2880 steps @ 15-min)...
          Weather window: 2880 steps (2024-08-29 00:00:00+00:00 → 2024-09-27 23:45:00+00:00)
          Using pre-computed PVLib baseline (pvlib_ac_kw column)
          PVLib shape: (2880,), range: [0.000, 0.830]

[STEP 2/4] Running long-head TFT (strategic: 720 hours @ 1-hour)...
          Long-head shape: (720,)
          Upsampling long-head to 15-min resolution...
          Long upsampled shape: (2880,)

[STEP 3/4] Rolling short-head refinement (30 days × 96 steps)...
          Day  5/30: α_short=0.65, α_long=0.35, α_ml=0.69
          Day 10/30: α_short=0.50, α_long=0.50, α_ml=0.66
          Day 15/30: α_short=0.35, α_long=0.65, α_ml=0.64
          Day 20/30: α_short=0.35, α_long=0.65, α_ml=0.61
          Day 25/30: α_short=0.35, α_long=0.65, α_ml=0.59
          Day 30/30: α_short=0.35, α_long=0.65, α_ml=0.56
          Final forecast shape: (2880,)
          Final range: [0.000, 0.664]

[STEP 4/4] Validation...
         ✓ Shape correct (2880 steps)
         ✓ Range valid [0.000, 0.664]
         ✓ All night hours zero
         ✓ Daylight mean: 0.325

[SUCCESS] Hierarchical 30-day forecast complete!
          Total TFT calls: 1 long-head + 30 short-head = 31
/home/dwijenayake/pv_forecast_30d/src/inference/physics_aware_forecaster.py:386: FutureWarning: 'H' is deprecated and will be removed in a future version, please use 'h' instead.
  hourly_hist = historical_df[['timestamp_utc'] + hist_numeric_cols].set_index('timestamp_utc').resample('1H').mean().reset_index()
/home/dwijenayake/pv_forecast_30d/src/inference/physics_aware_forecaster.py:387: FutureWarning: 'H' is deprecated and will be removed in a future version, please use 'h' instead.
  hourly_weather = weather_df[['timestamp_utc'] + weather_numeric_cols].set_index('timestamp_utc').resample('1H').mean().reset_index()
/home/dwijenayake/pv_forecast_30d/src/inference/physics_aware_forecaster.py:386: FutureWarning: 'H' is deprecated and will be removed in a future version, please use 'h' instead.
  hourly_hist = historical_df[['timestamp_utc'] + hist_numeric_cols].set_index('timestamp_utc').resample('1H').mean().reset_index()
/home/dwijenayake/pv_forecast_30d/src/inference/physics_aware_forecaster.py:387: FutureWarning: 'H' is deprecated and will be removed in a future version, please use 'h' instead.
  hourly_weather = weather_df[['timestamp_utc'] + weather_numeric_cols].set_index('timestamp_utc').resample('1H').mean().reset_index()
/home/dwijenayake/pv_forecast_30d/src/inference/physics_aware_forecaster.py:386: FutureWarning: 'H' is deprecated and will be removed in a future version, please use 'h' instead.
  hourly_hist = historical_df[['timestamp_utc'] + hist_numeric_cols].set_index('timestamp_utc').resample('1H').mean().reset_index()
/home/dwijenayake/pv_forecast_30d/src/inference/physics_aware_forecaster.py:387: FutureWarning: 'H' is deprecated and will be removed in a future version, please use 'h' instead.
  hourly_weather = weather_df[['timestamp_utc'] + weather_numeric_cols].set_index('timestamp_utc').resample('1H').mean().reset_index()
/home/dwijenayake/pv_forecast_30d/src/inference/physics_aware_forecaster.py:386: FutureWarning: 'H' is deprecated and will be removed in a future version, please use 'h' instead.
  hourly_hist = historical_df[['timestamp_utc'] + hist_numeric_cols].set_index('timestamp_utc').resample('1H').mean().reset_index()
/home/dwijenayake/pv_forecast_30d/src/inference/physics_aware_forecaster.py:387: FutureWarning: 'H' is deprecated and will be removed in a future version, please use 'h' instead.
  hourly_weather = weather_df[['timestamp_utc'] + weather_numeric_cols].set_index('timestamp_utc').resample('1H').mean().reset_index()

[INFO] Hierarchical 30-day forecast starting 2024-08-30 00:00:00+00:00
[INFO] Fetching live weather from OpenMeteo API...
                [Auto-selected ECMWF API for 15-day forecast]
[WeatherClient] Fetching 15-day ECMWF forecast
                Location: (48.6946°N, 12.5976°E)
                Period: 2024-08-30 → 2024-09-14
                Tilt/Azimuth: 25.0° / 180.0°
                API: ECMWF
[ERROR] Live weather fetch failed: OpenMeteo API call failed: {'error': True, 'reason': "Parameter 'start_date' is out of allowed range from 2025-10-06 to 2026-01-22"}
[ERROR] Falling back to test weather data if available
       Architecture: Long-head (strategic) + 30× Short-head (tactical) + Physics

[PREP] Preparing data for multi-resolution inference...
       Input frequency detected: 15min
       Resampling to hourly for long-head...
       Hourly shape: historical=(720, 28), weather=(720, 32)

[STEP 1/4] Computing PVLib physics baseline (2880 steps @ 15-min)...
          Weather window: 2880 steps (2024-08-30 00:00:00+00:00 → 2024-09-28 23:45:00+00:00)
          Using pre-computed PVLib baseline (pvlib_ac_kw column)
          PVLib shape: (2880,), range: [0.000, 0.817]

[STEP 2/4] Running long-head TFT (strategic: 720 hours @ 1-hour)...
          Long-head shape: (720,)
          Upsampling long-head to 15-min resolution...
          Long upsampled shape: (2880,)

[STEP 3/4] Rolling short-head refinement (30 days × 96 steps)...
          Day  5/30: α_short=0.65, α_long=0.35, α_ml=0.69
          Day 10/30: α_short=0.50, α_long=0.50, α_ml=0.66
          Day 15/30: α_short=0.35, α_long=0.65, α_ml=0.64
          Day 20/30: α_short=0.35, α_long=0.65, α_ml=0.61
          Day 25/30: α_short=0.35, α_long=0.65, α_ml=0.59
          Day 30/30: α_short=0.35, α_long=0.65, α_ml=0.56
          Final forecast shape: (2880,)
          Final range: [0.000, 0.639]

[STEP 4/4] Validation...
         ✓ Shape correct (2880 steps)
         ✓ Range valid [0.000, 0.639]
         ✓ All night hours zero
         ✓ Daylight mean: 0.317

[SUCCESS] Hierarchical 30-day forecast complete!
          Total TFT calls: 1 long-head + 30 short-head = 31

[INFO] Hierarchical 30-day forecast starting 2024-08-31 00:00:00+00:00
[INFO] Fetching live weather from OpenMeteo API...
                [Auto-selected ECMWF API for 15-day forecast]
[WeatherClient] Fetching 15-day ECMWF forecast
                Location: (48.6946°N, 12.5976°E)
                Period: 2024-08-31 → 2024-09-15
                Tilt/Azimuth: 25.0° / 180.0°
                API: ECMWF
[ERROR] Live weather fetch failed: OpenMeteo API call failed: {'error': True, 'reason': "Parameter 'start_date' is out of allowed range from 2025-10-06 to 2026-01-22"}
[ERROR] Falling back to test weather data if available
       Architecture: Long-head (strategic) + 30× Short-head (tactical) + Physics

[PREP] Preparing data for multi-resolution inference...
       Input frequency detected: 15min
       Resampling to hourly for long-head...
       Hourly shape: historical=(720, 28), weather=(720, 32)

[STEP 1/4] Computing PVLib physics baseline (2880 steps @ 15-min)...
          Weather window: 2880 steps (2024-08-31 00:00:00+00:00 → 2024-09-29 23:45:00+00:00)
          Using pre-computed PVLib baseline (pvlib_ac_kw column)
          PVLib shape: (2880,), range: [0.000, 0.815]

[STEP 2/4] Running long-head TFT (strategic: 720 hours @ 1-hour)...
          Long-head shape: (720,)
          Upsampling long-head to 15-min resolution...
          Long upsampled shape: (2880,)

[STEP 3/4] Rolling short-head refinement (30 days × 96 steps)...
          Day  5/30: α_short=0.65, α_long=0.35, α_ml=0.69
          Day 10/30: α_short=0.50, α_long=0.50, α_ml=0.66
          Day 15/30: α_short=0.35, α_long=0.65, α_ml=0.64
          Day 20/30: α_short=0.35, α_long=0.65, α_ml=0.61
          Day 25/30: α_short=0.35, α_long=0.65, α_ml=0.59
          Day 30/30: α_short=0.35, α_long=0.65, α_ml=0.56
          Final forecast shape: (2880,)
          Final range: [0.000, 0.626]

[STEP 4/4] Validation...
         ✓ Shape correct (2880 steps)
         ✓ Range valid [0.000, 0.626]
         ✓ All night hours zero
         ✓ Daylight mean: 0.313

[SUCCESS] Hierarchical 30-day forecast complete!
          Total TFT calls: 1 long-head + 30 short-head = 31

[INFO] Hierarchical 30-day forecast starting 2024-09-01 00:00:00+00:00
[INFO] Fetching live weather from OpenMeteo API...
                [Auto-selected ECMWF API for 15-day forecast]
[WeatherClient] Fetching 15-day ECMWF forecast
                Location: (48.6946°N, 12.5976°E)
                Period: 2024-09-01 → 2024-09-16
                Tilt/Azimuth: 25.0° / 180.0°
                API: ECMWF
[ERROR] Live weather fetch failed: OpenMeteo API call failed: {'error': True, 'reason': "Parameter 'start_date' is out of allowed range from 2025-10-06 to 2026-01-22"}
[ERROR] Falling back to test weather data if available
       Architecture: Long-head (strategic) + 30× Short-head (tactical) + Physics

[PREP] Preparing data for multi-resolution inference...
       Input frequency detected: 15min
       Resampling to hourly for long-head...
       Hourly shape: historical=(720, 28), weather=(720, 32)

[STEP 1/4] Computing PVLib physics baseline (2880 steps @ 15-min)...
          Weather window: 2880 steps (2024-09-01 00:00:00+00:00 → 2024-09-30 23:45:00+00:00)
          Using pre-computed PVLib baseline (pvlib_ac_kw column)
          PVLib shape: (2880,), range: [0.000, 0.815]

[STEP 2/4] Running long-head TFT (strategic: 720 hours @ 1-hour)...
          Long-head shape: (720,)
          Upsampling long-head to 15-min resolution...
          Long upsampled shape: (2880,)

[STEP 3/4] Rolling short-head refinement (30 days × 96 steps)...
          Day  5/30: α_short=0.65, α_long=0.35, α_ml=0.69
          Day 10/30: α_short=0.50, α_long=0.50, α_ml=0.66
          Day 15/30: α_short=0.35, α_long=0.65, α_ml=0.64
          Day 20/30: α_short=0.35, α_long=0.65, α_ml=0.61
          Day 25/30: α_short=0.35, α_long=0.65, α_ml=0.59
          Day 30/30: α_short=0.35, α_long=0.65, α_ml=0.56
          Final forecast shape: (2880,)
          Final range: [0.000, 0.663]

[STEP 4/4] Validation...
         ✓ Shape correct (2880 steps)
         ✓ Range valid [0.000, 0.663]
         ✓ All night hours zero
         ✓ Daylight mean: 0.308

[SUCCESS] Hierarchical 30-day forecast complete!
          Total TFT calls: 1 long-head + 30 short-head = 31

[INFO] Hierarchical 30-day forecast starting 2024-09-02 00:00:00+00:00
[INFO] Fetching live weather from OpenMeteo API...
                [Auto-selected ECMWF API for 15-day forecast]
[WeatherClient] Fetching 15-day ECMWF forecast
                Location: (48.6946°N, 12.5976°E)
                Period: 2024-09-02 → 2024-09-17
                Tilt/Azimuth: 25.0° / 180.0°
                API: ECMWF
[ERROR] Live weather fetch failed: OpenMeteo API call failed: {'error': True, 'reason': "Parameter 'start_date' is out of allowed range from 2025-10-06 to 2026-01-22"}
[ERROR] Falling back to test weather data if available
       Architecture: Long-head (strategic) + 30× Short-head (tactical) + Physics

[PREP] Preparing data for multi-resolution inference...
       Input frequency detected: 15min
       Resampling to hourly for long-head...
       Hourly shape: historical=(720, 28), weather=(720, 32)

[STEP 1/4] Computing PVLib physics baseline (2880 steps @ 15-min)...
          Weather window: 2880 steps (2024-09-02 00:00:00+00:00 → 2024-10-01 23:45:00+00:00)
          Using pre-computed PVLib baseline (pvlib_ac_kw column)
          PVLib shape: (2880,), range: [0.000, 0.815]

[STEP 2/4] Running long-head TFT (strategic: 720 hours @ 1-hour)...
          Long-head shape: (720,)
          Upsampling long-head to 15-min resolution...
          Long upsampled shape: (2880,)

[STEP 3/4] Rolling short-head refinement (30 days × 96 steps)...
          Day  5/30: α_short=0.65, α_long=0.35, α_ml=0.69
          Day 10/30: α_short=0.50, α_long=0.50, α_ml=0.66
/home/dwijenayake/pv_forecast_30d/src/inference/physics_aware_forecaster.py:386: FutureWarning: 'H' is deprecated and will be removed in a future version, please use 'h' instead.
  hourly_hist = historical_df[['timestamp_utc'] + hist_numeric_cols].set_index('timestamp_utc').resample('1H').mean().reset_index()
/home/dwijenayake/pv_forecast_30d/src/inference/physics_aware_forecaster.py:387: FutureWarning: 'H' is deprecated and will be removed in a future version, please use 'h' instead.
  hourly_weather = weather_df[['timestamp_utc'] + weather_numeric_cols].set_index('timestamp_utc').resample('1H').mean().reset_index()
/home/dwijenayake/pv_forecast_30d/src/inference/physics_aware_forecaster.py:386: FutureWarning: 'H' is deprecated and will be removed in a future version, please use 'h' instead.
  hourly_hist = historical_df[['timestamp_utc'] + hist_numeric_cols].set_index('timestamp_utc').resample('1H').mean().reset_index()
/home/dwijenayake/pv_forecast_30d/src/inference/physics_aware_forecaster.py:387: FutureWarning: 'H' is deprecated and will be removed in a future version, please use 'h' instead.
  hourly_weather = weather_df[['timestamp_utc'] + weather_numeric_cols].set_index('timestamp_utc').resample('1H').mean().reset_index()
/home/dwijenayake/pv_forecast_30d/src/inference/physics_aware_forecaster.py:386: FutureWarning: 'H' is deprecated and will be removed in a future version, please use 'h' instead.
  hourly_hist = historical_df[['timestamp_utc'] + hist_numeric_cols].set_index('timestamp_utc').resample('1H').mean().reset_index()
/home/dwijenayake/pv_forecast_30d/src/inference/physics_aware_forecaster.py:387: FutureWarning: 'H' is deprecated and will be removed in a future version, please use 'h' instead.
  hourly_weather = weather_df[['timestamp_utc'] + weather_numeric_cols].set_index('timestamp_utc').resample('1H').mean().reset_index()
/home/dwijenayake/pv_forecast_30d/src/inference/physics_aware_forecaster.py:386: FutureWarning: 'H' is deprecated and will be removed in a future version, please use 'h' instead.
  hourly_hist = historical_df[['timestamp_utc'] + hist_numeric_cols].set_index('timestamp_utc').resample('1H').mean().reset_index()
/home/dwijenayake/pv_forecast_30d/src/inference/physics_aware_forecaster.py:387: FutureWarning: 'H' is deprecated and will be removed in a future version, please use 'h' instead.
  hourly_weather = weather_df[['timestamp_utc'] + weather_numeric_cols].set_index('timestamp_utc').resample('1H').mean().reset_index()
          Day 15/30: α_short=0.35, α_long=0.65, α_ml=0.64
          Day 20/30: α_short=0.35, α_long=0.65, α_ml=0.61
          Day 25/30: α_short=0.35, α_long=0.65, α_ml=0.59
          Day 30/30: α_short=0.35, α_long=0.65, α_ml=0.56
          Final forecast shape: (2880,)
          Final range: [0.000, 0.662]

[STEP 4/4] Validation...
         ✓ Shape correct (2880 steps)
         ✓ Range valid [0.000, 0.662]
         ✓ All night hours zero
         ✓ Daylight mean: 0.301

[SUCCESS] Hierarchical 30-day forecast complete!
          Total TFT calls: 1 long-head + 30 short-head = 31

[INFO] Hierarchical 30-day forecast starting 2024-09-03 00:00:00+00:00
[INFO] Fetching live weather from OpenMeteo API...
                [Auto-selected ECMWF API for 15-day forecast]
[WeatherClient] Fetching 15-day ECMWF forecast
                Location: (48.6946°N, 12.5976°E)
                Period: 2024-09-03 → 2024-09-18
                Tilt/Azimuth: 25.0° / 180.0°
                API: ECMWF
[ERROR] Live weather fetch failed: OpenMeteo API call failed: {'error': True, 'reason': "Parameter 'start_date' is out of allowed range from 2025-10-06 to 2026-01-22"}
[ERROR] Falling back to test weather data if available
       Architecture: Long-head (strategic) + 30× Short-head (tactical) + Physics

[PREP] Preparing data for multi-resolution inference...
       Input frequency detected: 15min
       Resampling to hourly for long-head...
       Hourly shape: historical=(720, 28), weather=(720, 32)

[STEP 1/4] Computing PVLib physics baseline (2880 steps @ 15-min)...
          Weather window: 2880 steps (2024-09-03 00:00:00+00:00 → 2024-10-02 23:45:00+00:00)
          Using pre-computed PVLib baseline (pvlib_ac_kw column)
          PVLib shape: (2880,), range: [0.000, 0.815]

[STEP 2/4] Running long-head TFT (strategic: 720 hours @ 1-hour)...
          Long-head shape: (720,)
          Upsampling long-head to 15-min resolution...
          Long upsampled shape: (2880,)

[STEP 3/4] Rolling short-head refinement (30 days × 96 steps)...
          Day  5/30: α_short=0.65, α_long=0.35, α_ml=0.69
          Day 10/30: α_short=0.50, α_long=0.50, α_ml=0.66
          Day 15/30: α_short=0.35, α_long=0.65, α_ml=0.64
          Day 20/30: α_short=0.35, α_long=0.65, α_ml=0.61
          Day 25/30: α_short=0.35, α_long=0.65, α_ml=0.59
          Day 30/30: α_short=0.35, α_long=0.65, α_ml=0.56
          Final forecast shape: (2880,)
          Final range: [0.000, 0.658]

[STEP 4/4] Validation...
         ✓ Shape correct (2880 steps)
         ✓ Range valid [0.000, 0.658]
         ✓ All night hours zero
         ✓ Daylight mean: 0.290

[SUCCESS] Hierarchical 30-day forecast complete!
          Total TFT calls: 1 long-head + 30 short-head = 31

[INFO] Hierarchical 30-day forecast starting 2024-09-04 00:00:00+00:00
[INFO] Fetching live weather from OpenMeteo API...
                [Auto-selected ECMWF API for 15-day forecast]
[WeatherClient] Fetching 15-day ECMWF forecast
                Location: (48.6946°N, 12.5976°E)
                Period: 2024-09-04 → 2024-09-19
                Tilt/Azimuth: 25.0° / 180.0°
                API: ECMWF
[ERROR] Live weather fetch failed: OpenMeteo API call failed: {'error': True, 'reason': "Parameter 'start_date' is out of allowed range from 2025-10-06 to 2026-01-22"}
[ERROR] Falling back to test weather data if available
       Architecture: Long-head (strategic) + 30× Short-head (tactical) + Physics

[PREP] Preparing data for multi-resolution inference...
       Input frequency detected: 15min
       Resampling to hourly for long-head...
       Hourly shape: historical=(720, 28), weather=(720, 32)

[STEP 1/4] Computing PVLib physics baseline (2880 steps @ 15-min)...
          Weather window: 2880 steps (2024-09-04 00:00:00+00:00 → 2024-10-03 23:45:00+00:00)
          Using pre-computed PVLib baseline (pvlib_ac_kw column)
          PVLib shape: (2880,), range: [0.000, 0.815]

[STEP 2/4] Running long-head TFT (strategic: 720 hours @ 1-hour)...
          Long-head shape: (720,)
          Upsampling long-head to 15-min resolution...
          Long upsampled shape: (2880,)

[STEP 3/4] Rolling short-head refinement (30 days × 96 steps)...
          Day  5/30: α_short=0.65, α_long=0.35, α_ml=0.69
          Day 10/30: α_short=0.50, α_long=0.50, α_ml=0.66
          Day 15/30: α_short=0.35, α_long=0.65, α_ml=0.64
          Day 20/30: α_short=0.35, α_long=0.65, α_ml=0.61
          Day 25/30: α_short=0.35, α_long=0.65, α_ml=0.59
          Day 30/30: α_short=0.35, α_long=0.65, α_ml=0.56
          Final forecast shape: (2880,)
          Final range: [0.000, 0.657]

[STEP 4/4] Validation...
         ✓ Shape correct (2880 steps)
         ✓ Range valid [0.000, 0.657]
         ✓ All night hours zero
         ✓ Daylight mean: 0.282

[SUCCESS] Hierarchical 30-day forecast complete!
          Total TFT calls: 1 long-head + 30 short-head = 31

[INFO] Hierarchical 30-day forecast starting 2024-09-05 00:00:00+00:00
[INFO] Fetching live weather from OpenMeteo API...
                [Auto-selected ECMWF API for 15-day forecast]
[WeatherClient] Fetching 15-day ECMWF forecast
                Location: (48.6946°N, 12.5976°E)
                Period: 2024-09-05 → 2024-09-20
                Tilt/Azimuth: 25.0° / 180.0°
                API: ECMWF
[ERROR] Live weather fetch failed: OpenMeteo API call failed: {'error': True, 'reason': "Parameter 'start_date' is out of allowed range from 2025-10-06 to 2026-01-22"}
[ERROR] Falling back to test weather data if available
       Architecture: Long-head (strategic) + 30× Short-head (tactical) + Physics

[PREP] Preparing data for multi-resolution inference...
       Input frequency detected: 15min
       Resampling to hourly for long-head...
       Hourly shape: historical=(720, 28), weather=(720, 32)

[STEP 1/4] Computing PVLib physics baseline (2880 steps @ 15-min)...
          Weather window: 2880 steps (2024-09-05 00:00:00+00:00 → 2024-10-04 23:45:00+00:00)
          Using pre-computed PVLib baseline (pvlib_ac_kw column)
          PVLib shape: (2880,), range: [0.000, 0.815]

[STEP 2/4] Running long-head TFT (strategic: 720 hours @ 1-hour)...
          Long-head shape: (720,)
          Upsampling long-head to 15-min resolution...
          Long upsampled shape: (2880,)

[STEP 3/4] Rolling short-head refinement (30 days × 96 steps)...
          Day  5/30: α_short=0.65, α_long=0.35, α_ml=0.69
          Day 10/30: α_short=0.50, α_long=0.50, α_ml=0.66
          Day 15/30: α_short=0.35, α_long=0.65, α_ml=0.64
          Day 20/30: α_short=0.35, α_long=0.65, α_ml=0.61
          Day 25/30: α_short=0.35, α_long=0.65, α_ml=0.59
          Day 30/30: α_short=0.35, α_long=0.65, α_ml=0.56
          Final forecast shape: (2880,)
          Final range: [0.000, 0.657]

[STEP 4/4] Validation...
         ✓ Shape correct (2880 steps)
         ✓ Range valid [0.000, 0.657]
         ✓ All night hours zero
         ✓ Daylight mean: 0.280

[SUCCESS] Hierarchical 30-day forecast complete!
          Total TFT calls: 1 long-head + 30 short-head = 31

[INFO] Hierarchical 30-day forecast starting 2024-09-06 00:00:00+00:00
[INFO] Fetching live weather from OpenMeteo API...
                [Auto-selected ECMWF API for 15-day forecast]
[WeatherClient] Fetching 15-day ECMWF forecast
                Location: (48.6946°N, 12.5976°E)
                Period: 2024-09-06 → 2024-09-21
                Tilt/Azimuth: 25.0° / 180.0°
                API: ECMWF
[ERROR] Live weather fetch failed: OpenMeteo API call failed: {'error': True, 'reason': "Parameter 'start_date' is out of allowed range from 2025-10-06 to 2026-01-22"}
[ERROR] Falling back to test weather data if available
       Architecture: Long-head (strategic) + 30× Short-head (tactical) + Physics

[PREP] Preparing data for multi-resolution inference...
       Input frequency detected: 15min
       Resampling to hourly for long-head...
       Hourly shape: historical=(720, 28), weather=(720, 32)

[STEP 1/4] Computing PVLib physics baseline (2880 steps @ 15-min)...
/home/dwijenayake/pv_forecast_30d/src/inference/physics_aware_forecaster.py:386: FutureWarning: 'H' is deprecated and will be removed in a future version, please use 'h' instead.
  hourly_hist = historical_df[['timestamp_utc'] + hist_numeric_cols].set_index('timestamp_utc').resample('1H').mean().reset_index()
/home/dwijenayake/pv_forecast_30d/src/inference/physics_aware_forecaster.py:387: FutureWarning: 'H' is deprecated and will be removed in a future version, please use 'h' instead.
  hourly_weather = weather_df[['timestamp_utc'] + weather_numeric_cols].set_index('timestamp_utc').resample('1H').mean().reset_index()
/home/dwijenayake/pv_forecast_30d/src/inference/physics_aware_forecaster.py:386: FutureWarning: 'H' is deprecated and will be removed in a future version, please use 'h' instead.
  hourly_hist = historical_df[['timestamp_utc'] + hist_numeric_cols].set_index('timestamp_utc').resample('1H').mean().reset_index()
/home/dwijenayake/pv_forecast_30d/src/inference/physics_aware_forecaster.py:387: FutureWarning: 'H' is deprecated and will be removed in a future version, please use 'h' instead.
  hourly_weather = weather_df[['timestamp_utc'] + weather_numeric_cols].set_index('timestamp_utc').resample('1H').mean().reset_index()
/home/dwijenayake/pv_forecast_30d/src/inference/physics_aware_forecaster.py:386: FutureWarning: 'H' is deprecated and will be removed in a future version, please use 'h' instead.
  hourly_hist = historical_df[['timestamp_utc'] + hist_numeric_cols].set_index('timestamp_utc').resample('1H').mean().reset_index()
/home/dwijenayake/pv_forecast_30d/src/inference/physics_aware_forecaster.py:387: FutureWarning: 'H' is deprecated and will be removed in a future version, please use 'h' instead.
  hourly_weather = weather_df[['timestamp_utc'] + weather_numeric_cols].set_index('timestamp_utc').resample('1H').mean().reset_index()
          Weather window: 2880 steps (2024-09-06 00:00:00+00:00 → 2024-10-05 23:45:00+00:00)
          Using pre-computed PVLib baseline (pvlib_ac_kw column)
          PVLib shape: (2880,), range: [0.000, 0.815]

[STEP 2/4] Running long-head TFT (strategic: 720 hours @ 1-hour)...
          Long-head shape: (720,)
          Upsampling long-head to 15-min resolution...
          Long upsampled shape: (2880,)

[STEP 3/4] Rolling short-head refinement (30 days × 96 steps)...
          Day  5/30: α_short=0.65, α_long=0.35, α_ml=0.69
          Day 10/30: α_short=0.50, α_long=0.50, α_ml=0.66
          Day 15/30: α_short=0.35, α_long=0.65, α_ml=0.64
          Day 20/30: α_short=0.35, α_long=0.65, α_ml=0.61
          Day 25/30: α_short=0.35, α_long=0.65, α_ml=0.59
          Day 30/30: α_short=0.35, α_long=0.65, α_ml=0.56
          Final forecast shape: (2880,)
          Final range: [0.000, 0.656]

[STEP 4/4] Validation...
         ✓ Shape correct (2880 steps)
         ✓ Range valid [0.000, 0.656]
         ✓ All night hours zero
         ✓ Daylight mean: 0.274

[SUCCESS] Hierarchical 30-day forecast complete!
          Total TFT calls: 1 long-head + 30 short-head = 31

[INFO] Hierarchical 30-day forecast starting 2024-09-07 00:00:00+00:00
[INFO] Fetching live weather from OpenMeteo API...
                [Auto-selected ECMWF API for 15-day forecast]
[WeatherClient] Fetching 15-day ECMWF forecast
                Location: (48.6946°N, 12.5976°E)
                Period: 2024-09-07 → 2024-09-22
                Tilt/Azimuth: 25.0° / 180.0°
                API: ECMWF
[ERROR] Live weather fetch failed: OpenMeteo API call failed: {'error': True, 'reason': "Parameter 'start_date' is out of allowed range from 2025-10-06 to 2026-01-22"}
[ERROR] Falling back to test weather data if available
       Architecture: Long-head (strategic) + 30× Short-head (tactical) + Physics

[PREP] Preparing data for multi-resolution inference...
       Input frequency detected: 15min
       Resampling to hourly for long-head...
       Hourly shape: historical=(720, 28), weather=(720, 32)

[STEP 1/4] Computing PVLib physics baseline (2880 steps @ 15-min)...
          Weather window: 2880 steps (2024-09-07 00:00:00+00:00 → 2024-10-06 23:45:00+00:00)
          Using pre-computed PVLib baseline (pvlib_ac_kw column)
          PVLib shape: (2880,), range: [0.000, 0.815]

[STEP 2/4] Running long-head TFT (strategic: 720 hours @ 1-hour)...
          Long-head shape: (720,)
          Upsampling long-head to 15-min resolution...
          Long upsampled shape: (2880,)

[STEP 3/4] Rolling short-head refinement (30 days × 96 steps)...
          Day  5/30: α_short=0.65, α_long=0.35, α_ml=0.69
          Day 10/30: α_short=0.50, α_long=0.50, α_ml=0.66
          Day 15/30: α_short=0.35, α_long=0.65, α_ml=0.64
          Day 20/30: α_short=0.35, α_long=0.65, α_ml=0.61
          Day 25/30: α_short=0.35, α_long=0.65, α_ml=0.59
          Day 30/30: α_short=0.35, α_long=0.65, α_ml=0.56
          Final forecast shape: (2880,)
          Final range: [0.000, 0.651]

[STEP 4/4] Validation...
         ✓ Shape correct (2880 steps)
         ✓ Range valid [0.000, 0.651]
         ✓ All night hours zero
         ✓ Daylight mean: 0.270

[SUCCESS] Hierarchical 30-day forecast complete!
          Total TFT calls: 1 long-head + 30 short-head = 31

[INFO] Hierarchical 30-day forecast starting 2024-09-08 00:00:00+00:00
[INFO] Fetching live weather from OpenMeteo API...
                [Auto-selected ECMWF API for 15-day forecast]
[WeatherClient] Fetching 15-day ECMWF forecast
                Location: (48.6946°N, 12.5976°E)
                Period: 2024-09-08 → 2024-09-23
                Tilt/Azimuth: 25.0° / 180.0°
                API: ECMWF
[ERROR] Live weather fetch failed: OpenMeteo API call failed: {'error': True, 'reason': "Parameter 'start_date' is out of allowed range from 2025-10-06 to 2026-01-22"}
[ERROR] Falling back to test weather data if available
       Architecture: Long-head (strategic) + 30× Short-head (tactical) + Physics

[PREP] Preparing data for multi-resolution inference...
       Input frequency detected: 15min
       Resampling to hourly for long-head...
       Hourly shape: historical=(720, 28), weather=(720, 32)

[STEP 1/4] Computing PVLib physics baseline (2880 steps @ 15-min)...
          Weather window: 2880 steps (2024-09-08 00:00:00+00:00 → 2024-10-07 23:45:00+00:00)
          Using pre-computed PVLib baseline (pvlib_ac_kw column)
          PVLib shape: (2880,), range: [0.000, 0.813]

[STEP 2/4] Running long-head TFT (strategic: 720 hours @ 1-hour)...
          Long-head shape: (720,)
          Upsampling long-head to 15-min resolution...
          Long upsampled shape: (2880,)

[STEP 3/4] Rolling short-head refinement (30 days × 96 steps)...
          Day  5/30: α_short=0.65, α_long=0.35, α_ml=0.69
          Day 10/30: α_short=0.50, α_long=0.50, α_ml=0.66
          Day 15/30: α_short=0.35, α_long=0.65, α_ml=0.64
          Day 20/30: α_short=0.35, α_long=0.65, α_ml=0.61
          Day 25/30: α_short=0.35, α_long=0.65, α_ml=0.59
          Day 30/30: α_short=0.35, α_long=0.65, α_ml=0.56
          Final forecast shape: (2880,)
          Final range: [0.000, 0.583]

[STEP 4/4] Validation...
         ✓ Shape correct (2880 steps)
         ✓ Range valid [0.000, 0.583]
         ✓ All night hours zero
         ✓ Daylight mean: 0.264

[SUCCESS] Hierarchical 30-day forecast complete!
          Total TFT calls: 1 long-head + 30 short-head = 31

[INFO] Hierarchical 30-day forecast starting 2024-09-09 00:00:00+00:00
[INFO] Fetching live weather from OpenMeteo API...
                [Auto-selected ECMWF API for 15-day forecast]
[WeatherClient] Fetching 15-day ECMWF forecast
                Location: (48.6946°N, 12.5976°E)
                Period: 2024-09-09 → 2024-09-24
                Tilt/Azimuth: 25.0° / 180.0°
                API: ECMWF
[ERROR] Live weather fetch failed: OpenMeteo API call failed: {'reason': "Parameter 'start_date' is out of allowed range from 2025-10-06 to 2026-01-22", 'error': True}
[ERROR] Falling back to test weather data if available
       Architecture: Long-head (strategic) + 30× Short-head (tactical) + Physics

[PREP] Preparing data for multi-resolution inference...
       Input frequency detected: 15min
       Resampling to hourly for long-head...
       Hourly shape: historical=(720, 28), weather=(720, 32)

[STEP 1/4] Computing PVLib physics baseline (2880 steps @ 15-min)...
          Weather window: 2880 steps (2024-09-09 00:00:00+00:00 → 2024-10-08 23:45:00+00:00)
          Using pre-computed PVLib baseline (pvlib_ac_kw column)
          PVLib shape: (2880,), range: [0.000, 0.813]

[STEP 2/4] Running long-head TFT (strategic: 720 hours @ 1-hour)...
          Long-head shape: (720,)
          Upsampling long-head to 15-min resolution...
          Long upsampled shape: (2880,)

[STEP 3/4] Rolling short-head refinement (30 days × 96 steps)...
          Day  5/30: α_short=0.65, α_long=0.35, α_ml=0.69
          Day 10/30: α_short=0.50, α_long=0.50, α_ml=0.66
          Day 15/30: α_short=0.35, α_long=0.65, α_ml=0.64
          Day 20/30: α_short=0.35, α_long=0.65, α_ml=0.61
          Day 25/30: α_short=0.35, α_long=0.65, α_ml=0.59
          Day 30/30: α_short=0.35, α_long=0.65, α_ml=0.56
          Final forecast shape: (2880,)
          Final range: [0.000, 0.582]

[STEP 4/4] Validation...
         ✓ Shape correct (2880 steps)
         ✓ Range valid [0.000, 0.582]
         ✓ All night hours zero
         ✓ Daylight mean: 0.262

[SUCCESS] Hierarchical 30-day forecast complete!
          Total TFT calls: 1 long-head + 30 short-head = 31

[INFO] Hierarchical 30-day forecast starting 2024-09-10 00:00:00+00:00
[INFO] Fetching live weather from OpenMeteo API...
                [Auto-selected ECMWF API for 15-day forecast]
[WeatherClient] Fetching 15-day ECMWF forecast
                Location: (48.6946°N, 12.5976°E)
                Period: 2024-09-10 → 2024-09-25
                Tilt/Azimuth: 25.0° / 180.0°
                API: ECMWF
/home/dwijenayake/pv_forecast_30d/src/inference/physics_aware_forecaster.py:386: FutureWarning: 'H' is deprecated and will be removed in a future version, please use 'h' instead.
  hourly_hist = historical_df[['timestamp_utc'] + hist_numeric_cols].set_index('timestamp_utc').resample('1H').mean().reset_index()
/home/dwijenayake/pv_forecast_30d/src/inference/physics_aware_forecaster.py:387: FutureWarning: 'H' is deprecated and will be removed in a future version, please use 'h' instead.
  hourly_weather = weather_df[['timestamp_utc'] + weather_numeric_cols].set_index('timestamp_utc').resample('1H').mean().reset_index()
/home/dwijenayake/pv_forecast_30d/src/inference/physics_aware_forecaster.py:386: FutureWarning: 'H' is deprecated and will be removed in a future version, please use 'h' instead.
  hourly_hist = historical_df[['timestamp_utc'] + hist_numeric_cols].set_index('timestamp_utc').resample('1H').mean().reset_index()
/home/dwijenayake/pv_forecast_30d/src/inference/physics_aware_forecaster.py:387: FutureWarning: 'H' is deprecated and will be removed in a future version, please use 'h' instead.
  hourly_weather = weather_df[['timestamp_utc'] + weather_numeric_cols].set_index('timestamp_utc').resample('1H').mean().reset_index()
/home/dwijenayake/pv_forecast_30d/src/inference/physics_aware_forecaster.py:386: FutureWarning: 'H' is deprecated and will be removed in a future version, please use 'h' instead.
  hourly_hist = historical_df[['timestamp_utc'] + hist_numeric_cols].set_index('timestamp_utc').resample('1H').mean().reset_index()
/home/dwijenayake/pv_forecast_30d/src/inference/physics_aware_forecaster.py:387: FutureWarning: 'H' is deprecated and will be removed in a future version, please use 'h' instead.
  hourly_weather = weather_df[['timestamp_utc'] + weather_numeric_cols].set_index('timestamp_utc').resample('1H').mean().reset_index()
/home/dwijenayake/pv_forecast_30d/src/inference/physics_aware_forecaster.py:386: FutureWarning: 'H' is deprecated and will be removed in a future version, please use 'h' instead.
  hourly_hist = historical_df[['timestamp_utc'] + hist_numeric_cols].set_index('timestamp_utc').resample('1H').mean().reset_index()
/home/dwijenayake/pv_forecast_30d/src/inference/physics_aware_forecaster.py:387: FutureWarning: 'H' is deprecated and will be removed in a future version, please use 'h' instead.
  hourly_weather = weather_df[['timestamp_utc'] + weather_numeric_cols].set_index('timestamp_utc').resample('1H').mean().reset_index()
[ERROR] Live weather fetch failed: OpenMeteo API call failed: {'error': True, 'reason': "Parameter 'start_date' is out of allowed range from 2025-10-06 to 2026-01-22"}
[ERROR] Falling back to test weather data if available
       Architecture: Long-head (strategic) + 30× Short-head (tactical) + Physics

[PREP] Preparing data for multi-resolution inference...
       Input frequency detected: 15min
       Resampling to hourly for long-head...
       Hourly shape: historical=(720, 28), weather=(720, 32)

[STEP 1/4] Computing PVLib physics baseline (2880 steps @ 15-min)...
          Weather window: 2880 steps (2024-09-10 00:00:00+00:00 → 2024-10-09 23:45:00+00:00)
          Using pre-computed PVLib baseline (pvlib_ac_kw column)
          PVLib shape: (2880,), range: [0.000, 0.813]

[STEP 2/4] Running long-head TFT (strategic: 720 hours @ 1-hour)...
          Long-head shape: (720,)
          Upsampling long-head to 15-min resolution...
          Long upsampled shape: (2880,)

[STEP 3/4] Rolling short-head refinement (30 days × 96 steps)...
          Day  5/30: α_short=0.65, α_long=0.35, α_ml=0.69
          Day 10/30: α_short=0.50, α_long=0.50, α_ml=0.66
          Day 15/30: α_short=0.35, α_long=0.65, α_ml=0.64
          Day 20/30: α_short=0.35, α_long=0.65, α_ml=0.61
          Day 25/30: α_short=0.35, α_long=0.65, α_ml=0.59
          Day 30/30: α_short=0.35, α_long=0.65, α_ml=0.56
          Final forecast shape: (2880,)
          Final range: [0.000, 0.583]

[STEP 4/4] Validation...
         ✓ Shape correct (2880 steps)
         ✓ Range valid [0.000, 0.583]
         ✓ All night hours zero
         ✓ Daylight mean: 0.269

[SUCCESS] Hierarchical 30-day forecast complete!
          Total TFT calls: 1 long-head + 30 short-head = 31

[INFO] Hierarchical 30-day forecast starting 2024-09-11 00:00:00+00:00
[INFO] Fetching live weather from OpenMeteo API...
                [Auto-selected ECMWF API for 15-day forecast]
[WeatherClient] Fetching 15-day ECMWF forecast
                Location: (48.6946°N, 12.5976°E)
                Period: 2024-09-11 → 2024-09-26
                Tilt/Azimuth: 25.0° / 180.0°
                API: ECMWF
[ERROR] Live weather fetch failed: OpenMeteo API call failed: {'error': True, 'reason': "Parameter 'start_date' is out of allowed range from 2025-10-06 to 2026-01-22"}
[ERROR] Falling back to test weather data if available
       Architecture: Long-head (strategic) + 30× Short-head (tactical) + Physics

[PREP] Preparing data for multi-resolution inference...
       Input frequency detected: 15min
       Resampling to hourly for long-head...
       Hourly shape: historical=(720, 28), weather=(720, 32)

[STEP 1/4] Computing PVLib physics baseline (2880 steps @ 15-min)...
          Weather window: 2880 steps (2024-09-11 00:00:00+00:00 → 2024-10-10 23:45:00+00:00)
          Using pre-computed PVLib baseline (pvlib_ac_kw column)
          PVLib shape: (2880,), range: [0.000, 0.813]

[STEP 2/4] Running long-head TFT (strategic: 720 hours @ 1-hour)...
          Long-head shape: (720,)
          Upsampling long-head to 15-min resolution...
          Long upsampled shape: (2880,)

[STEP 3/4] Rolling short-head refinement (30 days × 96 steps)...
          Day  5/30: α_short=0.65, α_long=0.35, α_ml=0.69
          Day 10/30: α_short=0.50, α_long=0.50, α_ml=0.66
          Day 15/30: α_short=0.35, α_long=0.65, α_ml=0.64
          Day 20/30: α_short=0.35, α_long=0.65, α_ml=0.61
          Day 25/30: α_short=0.35, α_long=0.65, α_ml=0.59
          Day 30/30: α_short=0.35, α_long=0.65, α_ml=0.56
          Final forecast shape: (2880,)
          Final range: [0.000, 0.582]

[STEP 4/4] Validation...
         ✓ Shape correct (2880 steps)
         ✓ Range valid [0.000, 0.582]
         ✓ All night hours zero
         ✓ Daylight mean: 0.270

[SUCCESS] Hierarchical 30-day forecast complete!
          Total TFT calls: 1 long-head + 30 short-head = 31

[INFO] Hierarchical 30-day forecast starting 2024-09-12 00:00:00+00:00
[INFO] Fetching live weather from OpenMeteo API...
                [Auto-selected ECMWF API for 15-day forecast]
[WeatherClient] Fetching 15-day ECMWF forecast
                Location: (48.6946°N, 12.5976°E)
                Period: 2024-09-12 → 2024-09-27
                Tilt/Azimuth: 25.0° / 180.0°
                API: ECMWF
[ERROR] Live weather fetch failed: OpenMeteo API call failed: {'error': True, 'reason': "Parameter 'start_date' is out of allowed range from 2025-10-06 to 2026-01-22"}
[ERROR] Falling back to test weather data if available
       Architecture: Long-head (strategic) + 30× Short-head (tactical) + Physics

[PREP] Preparing data for multi-resolution inference...
       Input frequency detected: 15min
       Resampling to hourly for long-head...
       Hourly shape: historical=(720, 28), weather=(720, 32)

[STEP 1/4] Computing PVLib physics baseline (2880 steps @ 15-min)...
          Weather window: 2880 steps (2024-09-12 00:00:00+00:00 → 2024-10-11 23:45:00+00:00)
          Using pre-computed PVLib baseline (pvlib_ac_kw column)
          PVLib shape: (2880,), range: [0.000, 0.813]

[STEP 2/4] Running long-head TFT (strategic: 720 hours @ 1-hour)...
          Long-head shape: (720,)
          Upsampling long-head to 15-min resolution...
          Long upsampled shape: (2880,)

[STEP 3/4] Rolling short-head refinement (30 days × 96 steps)...
          Day  5/30: α_short=0.65, α_long=0.35, α_ml=0.69
          Day 10/30: α_short=0.50, α_long=0.50, α_ml=0.66
          Day 15/30: α_short=0.35, α_long=0.65, α_ml=0.64
          Day 20/30: α_short=0.35, α_long=0.65, α_ml=0.61
          Day 25/30: α_short=0.35, α_long=0.65, α_ml=0.59
          Day 30/30: α_short=0.35, α_long=0.65, α_ml=0.56
          Final forecast shape: (2880,)
          Final range: [0.000, 0.585]

[STEP 4/4] Validation...
         ✓ Shape correct (2880 steps)
         ✓ Range valid [0.000, 0.585]
         ✓ All night hours zero
         ✓ Daylight mean: 0.271

[SUCCESS] Hierarchical 30-day forecast complete!
          Total TFT calls: 1 long-head + 30 short-head = 31

[INFO] Hierarchical 30-day forecast starting 2024-09-13 00:00:00+00:00
[INFO] Fetching live weather from OpenMeteo API...
                [Auto-selected ECMWF API for 15-day forecast]
[WeatherClient] Fetching 15-day ECMWF forecast
                Location: (48.6946°N, 12.5976°E)
                Period: 2024-09-13 → 2024-09-28
                Tilt/Azimuth: 25.0° / 180.0°
                API: ECMWF
[ERROR] Live weather fetch failed: OpenMeteo API call failed: {'reason': "Parameter 'start_date' is out of allowed range from 2025-10-06 to 2026-01-22", 'error': True}
[ERROR] Falling back to test weather data if available
       Architecture: Long-head (strategic) + 30× Short-head (tactical) + Physics

[PREP] Preparing data for multi-resolution inference...
       Input frequency detected: 15min
       Resampling to hourly for long-head...
       Hourly shape: historical=(720, 28), weather=(720, 32)

[STEP 1/4] Computing PVLib physics baseline (2880 steps @ 15-min)...
          Weather window: 2880 steps (2024-09-13 00:00:00+00:00 → 2024-10-12 23:45:00+00:00)
          Using pre-computed PVLib baseline (pvlib_ac_kw column)
          PVLib shape: (2880,), range: [0.000, 0.813]

[STEP 2/4] Running long-head TFT (strategic: 720 hours @ 1-hour)...
          Long-head shape: (720,)
          Upsampling long-head to 15-min resolution...
          Long upsampled shape: (2880,)

[STEP 3/4] Rolling short-head refinement (30 days × 96 steps)...
          Day  5/30: α_short=0.65, α_long=0.35, α_ml=0.69
          Day 10/30: α_short=0.50, α_long=0.50, α_ml=0.66
          Day 15/30: α_short=0.35, α_long=0.65, α_ml=0.64
          Day 20/30: α_short=0.35, α_long=0.65, α_ml=0.61
          Day 25/30: α_short=0.35, α_long=0.65, α_ml=0.59
          Day 30/30: α_short=0.35, α_long=0.65, α_ml=0.56
          Final forecast shape: (2880,)
          Final range: [0.000, 0.628]

[STEP 4/4] Validation...
         ✓ Shape correct (2880 steps)
         ✓ Range valid [0.000, 0.628]
/home/dwijenayake/pv_forecast_30d/src/inference/physics_aware_forecaster.py:386: FutureWarning: 'H' is deprecated and will be removed in a future version, please use 'h' instead.
  hourly_hist = historical_df[['timestamp_utc'] + hist_numeric_cols].set_index('timestamp_utc').resample('1H').mean().reset_index()
/home/dwijenayake/pv_forecast_30d/src/inference/physics_aware_forecaster.py:387: FutureWarning: 'H' is deprecated and will be removed in a future version, please use 'h' instead.
  hourly_weather = weather_df[['timestamp_utc'] + weather_numeric_cols].set_index('timestamp_utc').resample('1H').mean().reset_index()
/home/dwijenayake/pv_forecast_30d/src/inference/physics_aware_forecaster.py:386: FutureWarning: 'H' is deprecated and will be removed in a future version, please use 'h' instead.
  hourly_hist = historical_df[['timestamp_utc'] + hist_numeric_cols].set_index('timestamp_utc').resample('1H').mean().reset_index()
/home/dwijenayake/pv_forecast_30d/src/inference/physics_aware_forecaster.py:387: FutureWarning: 'H' is deprecated and will be removed in a future version, please use 'h' instead.
  hourly_weather = weather_df[['timestamp_utc'] + weather_numeric_cols].set_index('timestamp_utc').resample('1H').mean().reset_index()
/home/dwijenayake/pv_forecast_30d/src/inference/physics_aware_forecaster.py:386: FutureWarning: 'H' is deprecated and will be removed in a future version, please use 'h' instead.
  hourly_hist = historical_df[['timestamp_utc'] + hist_numeric_cols].set_index('timestamp_utc').resample('1H').mean().reset_index()
/home/dwijenayake/pv_forecast_30d/src/inference/physics_aware_forecaster.py:387: FutureWarning: 'H' is deprecated and will be removed in a future version, please use 'h' instead.
  hourly_weather = weather_df[['timestamp_utc'] + weather_numeric_cols].set_index('timestamp_utc').resample('1H').mean().reset_index()
/home/dwijenayake/pv_forecast_30d/src/inference/physics_aware_forecaster.py:386: FutureWarning: 'H' is deprecated and will be removed in a future version, please use 'h' instead.
  hourly_hist = historical_df[['timestamp_utc'] + hist_numeric_cols].set_index('timestamp_utc').resample('1H').mean().reset_index()
/home/dwijenayake/pv_forecast_30d/src/inference/physics_aware_forecaster.py:387: FutureWarning: 'H' is deprecated and will be removed in a future version, please use 'h' instead.
  hourly_weather = weather_df[['timestamp_utc'] + weather_numeric_cols].set_index('timestamp_utc').resample('1H').mean().reset_index()
         ✓ All night hours zero
         ✓ Daylight mean: 0.276

[SUCCESS] Hierarchical 30-day forecast complete!
          Total TFT calls: 1 long-head + 30 short-head = 31

[INFO] Hierarchical 30-day forecast starting 2024-09-14 00:00:00+00:00
[INFO] Fetching live weather from OpenMeteo API...
                [Auto-selected ECMWF API for 15-day forecast]
[WeatherClient] Fetching 15-day ECMWF forecast
                Location: (48.6946°N, 12.5976°E)
                Period: 2024-09-14 → 2024-09-29
                Tilt/Azimuth: 25.0° / 180.0°
                API: ECMWF
[ERROR] Live weather fetch failed: OpenMeteo API call failed: {'reason': "Parameter 'start_date' is out of allowed range from 2025-10-06 to 2026-01-22", 'error': True}
[ERROR] Falling back to test weather data if available
       Architecture: Long-head (strategic) + 30× Short-head (tactical) + Physics

[PREP] Preparing data for multi-resolution inference...
       Input frequency detected: 15min
       Resampling to hourly for long-head...
       Hourly shape: historical=(720, 28), weather=(720, 32)

[STEP 1/4] Computing PVLib physics baseline (2880 steps @ 15-min)...
          Weather window: 2880 steps (2024-09-14 00:00:00+00:00 → 2024-10-13 23:45:00+00:00)
          Using pre-computed PVLib baseline (pvlib_ac_kw column)
          PVLib shape: (2880,), range: [0.000, 0.813]

[STEP 2/4] Running long-head TFT (strategic: 720 hours @ 1-hour)...
          Long-head shape: (720,)
          Upsampling long-head to 15-min resolution...
          Long upsampled shape: (2880,)

[STEP 3/4] Rolling short-head refinement (30 days × 96 steps)...
          Day  5/30: α_short=0.65, α_long=0.35, α_ml=0.69
          Day 10/30: α_short=0.50, α_long=0.50, α_ml=0.66
          Day 15/30: α_short=0.35, α_long=0.65, α_ml=0.64
          Day 20/30: α_short=0.35, α_long=0.65, α_ml=0.61
          Day 25/30: α_short=0.35, α_long=0.65, α_ml=0.59
          Day 30/30: α_short=0.35, α_long=0.65, α_ml=0.56
          Final forecast shape: (2880,)
          Final range: [0.000, 0.627]

[STEP 4/4] Validation...
         ✓ Shape correct (2880 steps)
         ✓ Range valid [0.000, 0.627]
         ✓ All night hours zero
         ✓ Daylight mean: 0.275

[SUCCESS] Hierarchical 30-day forecast complete!
          Total TFT calls: 1 long-head + 30 short-head = 31

[INFO] Hierarchical 30-day forecast starting 2024-09-15 00:00:00+00:00
[INFO] Fetching live weather from OpenMeteo API...
                [Auto-selected ECMWF API for 15-day forecast]
[WeatherClient] Fetching 15-day ECMWF forecast
                Location: (48.6946°N, 12.5976°E)
                Period: 2024-09-15 → 2024-09-30
                Tilt/Azimuth: 25.0° / 180.0°
                API: ECMWF
[ERROR] Live weather fetch failed: OpenMeteo API call failed: {'error': True, 'reason': "Parameter 'start_date' is out of allowed range from 2025-10-06 to 2026-01-22"}
[ERROR] Falling back to test weather data if available
       Architecture: Long-head (strategic) + 30× Short-head (tactical) + Physics

[PREP] Preparing data for multi-resolution inference...
       Input frequency detected: 15min
       Resampling to hourly for long-head...
       Hourly shape: historical=(720, 28), weather=(720, 32)

[STEP 1/4] Computing PVLib physics baseline (2880 steps @ 15-min)...
          Weather window: 2880 steps (2024-09-15 00:00:00+00:00 → 2024-10-14 23:45:00+00:00)
          Using pre-computed PVLib baseline (pvlib_ac_kw column)
          PVLib shape: (2880,), range: [0.000, 0.813]

[STEP 2/4] Running long-head TFT (strategic: 720 hours @ 1-hour)...
          Long-head shape: (720,)
          Upsampling long-head to 15-min resolution...
          Long upsampled shape: (2880,)

[STEP 3/4] Rolling short-head refinement (30 days × 96 steps)...
          Day  5/30: α_short=0.65, α_long=0.35, α_ml=0.69
          Day 10/30: α_short=0.50, α_long=0.50, α_ml=0.66
          Day 15/30: α_short=0.35, α_long=0.65, α_ml=0.64
          Day 20/30: α_short=0.35, α_long=0.65, α_ml=0.61
          Day 25/30: α_short=0.35, α_long=0.65, α_ml=0.59
          Day 30/30: α_short=0.35, α_long=0.65, α_ml=0.56
          Final forecast shape: (2880,)
          Final range: [0.000, 0.636]

[STEP 4/4] Validation...
         ✓ Shape correct (2880 steps)
         ✓ Range valid [0.000, 0.636]
         ✓ All night hours zero
         ✓ Daylight mean: 0.273

[SUCCESS] Hierarchical 30-day forecast complete!
          Total TFT calls: 1 long-head + 30 short-head = 31

[INFO] Hierarchical 30-day forecast starting 2024-09-16 00:00:00+00:00
[INFO] Fetching live weather from OpenMeteo API...
                [Auto-selected ECMWF API for 15-day forecast]
[WeatherClient] Fetching 15-day ECMWF forecast
                Location: (48.6946°N, 12.5976°E)
                Period: 2024-09-16 → 2024-10-01
                Tilt/Azimuth: 25.0° / 180.0°
                API: ECMWF
[ERROR] Live weather fetch failed: OpenMeteo API call failed: {'reason': "Parameter 'start_date' is out of allowed range from 2025-10-06 to 2026-01-22", 'error': True}
[ERROR] Falling back to test weather data if available
       Architecture: Long-head (strategic) + 30× Short-head (tactical) + Physics

[PREP] Preparing data for multi-resolution inference...
       Input frequency detected: 15min
       Resampling to hourly for long-head...
       Hourly shape: historical=(720, 28), weather=(720, 32)

[STEP 1/4] Computing PVLib physics baseline (2880 steps @ 15-min)...
          Weather window: 2880 steps (2024-09-16 00:00:00+00:00 → 2024-10-15 23:45:00+00:00)
          Using pre-computed PVLib baseline (pvlib_ac_kw column)
          PVLib shape: (2880,), range: [0.000, 0.813]

[STEP 2/4] Running long-head TFT (strategic: 720 hours @ 1-hour)...
          Long-head shape: (720,)
          Upsampling long-head to 15-min resolution...
          Long upsampled shape: (2880,)

[STEP 3/4] Rolling short-head refinement (30 days × 96 steps)...
          Day  5/30: α_short=0.65, α_long=0.35, α_ml=0.69
          Day 10/30: α_short=0.50, α_long=0.50, α_ml=0.66
          Day 15/30: α_short=0.35, α_long=0.65, α_ml=0.64
          Day 20/30: α_short=0.35, α_long=0.65, α_ml=0.61
          Day 25/30: α_short=0.35, α_long=0.65, α_ml=0.59
          Day 30/30: α_short=0.35, α_long=0.65, α_ml=0.56
          Final forecast shape: (2880,)
          Final range: [0.000, 0.635]

[STEP 4/4] Validation...
         ✓ Shape correct (2880 steps)
         ✓ Range valid [0.000, 0.635]
         ✓ All night hours zero
         ✓ Daylight mean: 0.273

[SUCCESS] Hierarchical 30-day forecast complete!
          Total TFT calls: 1 long-head + 30 short-head = 31

[INFO] Hierarchical 30-day forecast starting 2024-09-17 00:00:00+00:00
[INFO] Fetching live weather from OpenMeteo API...
                [Auto-selected ECMWF API for 15-day forecast]
[WeatherClient] Fetching 15-day ECMWF forecast
                Location: (48.6946°N, 12.5976°E)
                Period: 2024-09-17 → 2024-10-02
                Tilt/Azimuth: 25.0° / 180.0°
                API: ECMWF
[ERROR] Live weather fetch failed: OpenMeteo API call failed: {'reason': "Parameter 'start_date' is out of allowed range from 2025-10-06 to 2026-01-22", 'error': True}
[ERROR] Falling back to test weather data if available
       Architecture: Long-head (strategic) + 30× Short-head (tactical) + Physics

[PREP] Preparing data for multi-resolution inference...
       Input frequency detected: 15min
       Resampling to hourly for long-head...
       Hourly shape: historical=(720, 28), weather=(720, 32)

[STEP 1/4] Computing PVLib physics baseline (2880 steps @ 15-min)...
          Weather window: 2880 steps (2024-09-17 00:00:00+00:00 → 2024-10-16 23:45:00+00:00)
          Using pre-computed PVLib baseline (pvlib_ac_kw column)
          PVLib shape: (2880,), range: [0.000, 0.813]

[STEP 2/4] Running long-head TFT (strategic: 720 hours @ 1-hour)...
          Long-head shape: (720,)
          Upsampling long-head to 15-min resolution...
          Long upsampled shape: (2880,)
/home/dwijenayake/pv_forecast_30d/src/inference/physics_aware_forecaster.py:386: FutureWarning: 'H' is deprecated and will be removed in a future version, please use 'h' instead.
  hourly_hist = historical_df[['timestamp_utc'] + hist_numeric_cols].set_index('timestamp_utc').resample('1H').mean().reset_index()
/home/dwijenayake/pv_forecast_30d/src/inference/physics_aware_forecaster.py:387: FutureWarning: 'H' is deprecated and will be removed in a future version, please use 'h' instead.
  hourly_weather = weather_df[['timestamp_utc'] + weather_numeric_cols].set_index('timestamp_utc').resample('1H').mean().reset_index()
/home/dwijenayake/pv_forecast_30d/src/inference/physics_aware_forecaster.py:386: FutureWarning: 'H' is deprecated and will be removed in a future version, please use 'h' instead.
  hourly_hist = historical_df[['timestamp_utc'] + hist_numeric_cols].set_index('timestamp_utc').resample('1H').mean().reset_index()
/home/dwijenayake/pv_forecast_30d/src/inference/physics_aware_forecaster.py:387: FutureWarning: 'H' is deprecated and will be removed in a future version, please use 'h' instead.
  hourly_weather = weather_df[['timestamp_utc'] + weather_numeric_cols].set_index('timestamp_utc').resample('1H').mean().reset_index()
/home/dwijenayake/pv_forecast_30d/src/inference/physics_aware_forecaster.py:386: FutureWarning: 'H' is deprecated and will be removed in a future version, please use 'h' instead.
  hourly_hist = historical_df[['timestamp_utc'] + hist_numeric_cols].set_index('timestamp_utc').resample('1H').mean().reset_index()
/home/dwijenayake/pv_forecast_30d/src/inference/physics_aware_forecaster.py:387: FutureWarning: 'H' is deprecated and will be removed in a future version, please use 'h' instead.
  hourly_weather = weather_df[['timestamp_utc'] + weather_numeric_cols].set_index('timestamp_utc').resample('1H').mean().reset_index()

[STEP 3/4] Rolling short-head refinement (30 days × 96 steps)...
          Day  5/30: α_short=0.65, α_long=0.35, α_ml=0.69
          Day 10/30: α_short=0.50, α_long=0.50, α_ml=0.66
          Day 15/30: α_short=0.35, α_long=0.65, α_ml=0.64
          Day 20/30: α_short=0.35, α_long=0.65, α_ml=0.61
          Day 25/30: α_short=0.35, α_long=0.65, α_ml=0.59
          Day 30/30: α_short=0.35, α_long=0.65, α_ml=0.56
          Final forecast shape: (2880,)
          Final range: [0.000, 0.633]

[STEP 4/4] Validation...
         ✓ Shape correct (2880 steps)
         ✓ Range valid [0.000, 0.633]
         ✓ All night hours zero
         ✓ Daylight mean: 0.271

[SUCCESS] Hierarchical 30-day forecast complete!
          Total TFT calls: 1 long-head + 30 short-head = 31

[INFO] Hierarchical 30-day forecast starting 2024-09-18 00:00:00+00:00
[INFO] Fetching live weather from OpenMeteo API...
                [Auto-selected ECMWF API for 15-day forecast]
[WeatherClient] Fetching 15-day ECMWF forecast
                Location: (48.6946°N, 12.5976°E)
                Period: 2024-09-18 → 2024-10-03
                Tilt/Azimuth: 25.0° / 180.0°
                API: ECMWF
[ERROR] Live weather fetch failed: OpenMeteo API call failed: {'error': True, 'reason': "Parameter 'start_date' is out of allowed range from 2025-10-06 to 2026-01-22"}
[ERROR] Falling back to test weather data if available
       Architecture: Long-head (strategic) + 30× Short-head (tactical) + Physics

[PREP] Preparing data for multi-resolution inference...
       Input frequency detected: 15min
       Resampling to hourly for long-head...
       Hourly shape: historical=(720, 28), weather=(720, 32)

[STEP 1/4] Computing PVLib physics baseline (2880 steps @ 15-min)...
          Weather window: 2880 steps (2024-09-18 00:00:00+00:00 → 2024-10-17 23:45:00+00:00)
          Using pre-computed PVLib baseline (pvlib_ac_kw column)
          PVLib shape: (2880,), range: [0.000, 0.813]

[STEP 2/4] Running long-head TFT (strategic: 720 hours @ 1-hour)...
          Long-head shape: (720,)
          Upsampling long-head to 15-min resolution...
          Long upsampled shape: (2880,)

[STEP 3/4] Rolling short-head refinement (30 days × 96 steps)...
          Day  5/30: α_short=0.65, α_long=0.35, α_ml=0.69
          Day 10/30: α_short=0.50, α_long=0.50, α_ml=0.66
          Day 15/30: α_short=0.35, α_long=0.65, α_ml=0.64
          Day 20/30: α_short=0.35, α_long=0.65, α_ml=0.61
          Day 25/30: α_short=0.35, α_long=0.65, α_ml=0.59
          Day 30/30: α_short=0.35, α_long=0.65, α_ml=0.56
          Final forecast shape: (2880,)
          Final range: [0.000, 0.632]

[STEP 4/4] Validation...
         ✓ Shape correct (2880 steps)
         ✓ Range valid [0.000, 0.632]
         ✓ All night hours zero
         ✓ Daylight mean: 0.277

[SUCCESS] Hierarchical 30-day forecast complete!
          Total TFT calls: 1 long-head + 30 short-head = 31

[INFO] Hierarchical 30-day forecast starting 2024-09-19 00:00:00+00:00
[INFO] Fetching live weather from OpenMeteo API...
                [Auto-selected ECMWF API for 15-day forecast]
[WeatherClient] Fetching 15-day ECMWF forecast
                Location: (48.6946°N, 12.5976°E)
                Period: 2024-09-19 → 2024-10-04
                Tilt/Azimuth: 25.0° / 180.0°
                API: ECMWF
[ERROR] Live weather fetch failed: OpenMeteo API call failed: {'error': True, 'reason': "Parameter 'start_date' is out of allowed range from 2025-10-06 to 2026-01-22"}
[ERROR] Falling back to test weather data if available
       Architecture: Long-head (strategic) + 30× Short-head (tactical) + Physics

[PREP] Preparing data for multi-resolution inference...
       Input frequency detected: 15min
       Resampling to hourly for long-head...
       Hourly shape: historical=(720, 28), weather=(720, 32)

[STEP 1/4] Computing PVLib physics baseline (2880 steps @ 15-min)...
          Weather window: 2880 steps (2024-09-19 00:00:00+00:00 → 2024-10-18 23:45:00+00:00)
          Using pre-computed PVLib baseline (pvlib_ac_kw column)
          PVLib shape: (2880,), range: [0.000, 0.813]

[STEP 2/4] Running long-head TFT (strategic: 720 hours @ 1-hour)...
          Long-head shape: (720,)
          Upsampling long-head to 15-min resolution...
          Long upsampled shape: (2880,)

[STEP 3/4] Rolling short-head refinement (30 days × 96 steps)...
          Day  5/30: α_short=0.65, α_long=0.35, α_ml=0.69
          Day 10/30: α_short=0.50, α_long=0.50, α_ml=0.66
          Day 15/30: α_short=0.35, α_long=0.65, α_ml=0.64
          Day 20/30: α_short=0.35, α_long=0.65, α_ml=0.61
          Day 25/30: α_short=0.35, α_long=0.65, α_ml=0.59
          Day 30/30: α_short=0.35, α_long=0.65, α_ml=0.56
          Final forecast shape: (2880,)
          Final range: [0.000, 0.631]

[STEP 4/4] Validation...
         ✓ Shape correct (2880 steps)
         ✓ Range valid [0.000, 0.631]
         ✓ All night hours zero
         ✓ Daylight mean: 0.272

[SUCCESS] Hierarchical 30-day forecast complete!
          Total TFT calls: 1 long-head + 30 short-head = 31

[INFO] Hierarchical 30-day forecast starting 2024-09-20 00:00:00+00:00
[INFO] Fetching live weather from OpenMeteo API...
                [Auto-selected ECMWF API for 15-day forecast]
[WeatherClient] Fetching 15-day ECMWF forecast
                Location: (48.6946°N, 12.5976°E)
                Period: 2024-09-20 → 2024-10-05
                Tilt/Azimuth: 25.0° / 180.0°
                API: ECMWF
[ERROR] Live weather fetch failed: OpenMeteo API call failed: {'error': True, 'reason': "Parameter 'start_date' is out of allowed range from 2025-10-06 to 2026-01-22"}
[ERROR] Falling back to test weather data if available
       Architecture: Long-head (strategic) + 30× Short-head (tactical) + Physics

[PREP] Preparing data for multi-resolution inference...
       Input frequency detected: 15min
       Resampling to hourly for long-head...
       Hourly shape: historical=(720, 28), weather=(720, 32)

[STEP 1/4] Computing PVLib physics baseline (2880 steps @ 15-min)...
          Weather window: 2880 steps (2024-09-20 00:00:00+00:00 → 2024-10-19 23:45:00+00:00)
          Using pre-computed PVLib baseline (pvlib_ac_kw column)
          PVLib shape: (2880,), range: [0.000, 0.803]

[STEP 2/4] Running long-head TFT (strategic: 720 hours @ 1-hour)...
          Long-head shape: (720,)
          Upsampling long-head to 15-min resolution...
          Long upsampled shape: (2880,)

[STEP 3/4] Rolling short-head refinement (30 days × 96 steps)...
          Day  5/30: α_short=0.65, α_long=0.35, α_ml=0.69
          Day 10/30: α_short=0.50, α_long=0.50, α_ml=0.66
          Day 15/30: α_short=0.35, α_long=0.65, α_ml=0.64
          Day 20/30: α_short=0.35, α_long=0.65, α_ml=0.61
          Day 25/30: α_short=0.35, α_long=0.65, α_ml=0.59
          Day 30/30: α_short=0.35, α_long=0.65, α_ml=0.56
          Final forecast shape: (2880,)
          Final range: [0.000, 0.629]

[STEP 4/4] Validation...
         ✓ Shape correct (2880 steps)
         ✓ Range valid [0.000, 0.629]
         ✓ All night hours zero
         ✓ Daylight mean: 0.262

[SUCCESS] Hierarchical 30-day forecast complete!
          Total TFT calls: 1 long-head + 30 short-head = 31

[INFO] Hierarchical 30-day forecast starting 2024-09-21 00:00:00+00:00
[INFO] Fetching live weather from OpenMeteo API...
                [Auto-selected ECMWF API for 15-day forecast]
[WeatherClient] Fetching 15-day ECMWF forecast
                Location: (48.6946°N, 12.5976°E)
                Period: 2024-09-21 → 2024-10-06
                Tilt/Azimuth: 25.0° / 180.0°
                API: ECMWF
[ERROR] Live weather fetch failed: OpenMeteo API call failed: {'error': True, 'reason': "Parameter 'start_date' is out of allowed range from 2025-10-06 to 2026-01-22"}
[ERROR] Falling back to test weather data if available
       Architecture: Long-head (strategic) + 30× Short-head (tactical) + Physics

[PREP] Preparing data for multi-resolution inference...
       Input frequency detected: 15min
/home/dwijenayake/pv_forecast_30d/src/inference/physics_aware_forecaster.py:386: FutureWarning: 'H' is deprecated and will be removed in a future version, please use 'h' instead.
  hourly_hist = historical_df[['timestamp_utc'] + hist_numeric_cols].set_index('timestamp_utc').resample('1H').mean().reset_index()
/home/dwijenayake/pv_forecast_30d/src/inference/physics_aware_forecaster.py:387: FutureWarning: 'H' is deprecated and will be removed in a future version, please use 'h' instead.
  hourly_weather = weather_df[['timestamp_utc'] + weather_numeric_cols].set_index('timestamp_utc').resample('1H').mean().reset_index()
/home/dwijenayake/pv_forecast_30d/src/inference/physics_aware_forecaster.py:386: FutureWarning: 'H' is deprecated and will be removed in a future version, please use 'h' instead.
  hourly_hist = historical_df[['timestamp_utc'] + hist_numeric_cols].set_index('timestamp_utc').resample('1H').mean().reset_index()
/home/dwijenayake/pv_forecast_30d/src/inference/physics_aware_forecaster.py:387: FutureWarning: 'H' is deprecated and will be removed in a future version, please use 'h' instead.
  hourly_weather = weather_df[['timestamp_utc'] + weather_numeric_cols].set_index('timestamp_utc').resample('1H').mean().reset_index()
/home/dwijenayake/pv_forecast_30d/src/inference/physics_aware_forecaster.py:386: FutureWarning: 'H' is deprecated and will be removed in a future version, please use 'h' instead.
  hourly_hist = historical_df[['timestamp_utc'] + hist_numeric_cols].set_index('timestamp_utc').resample('1H').mean().reset_index()
/home/dwijenayake/pv_forecast_30d/src/inference/physics_aware_forecaster.py:387: FutureWarning: 'H' is deprecated and will be removed in a future version, please use 'h' instead.
  hourly_weather = weather_df[['timestamp_utc'] + weather_numeric_cols].set_index('timestamp_utc').resample('1H').mean().reset_index()
/home/dwijenayake/pv_forecast_30d/src/inference/physics_aware_forecaster.py:386: FutureWarning: 'H' is deprecated and will be removed in a future version, please use 'h' instead.
  hourly_hist = historical_df[['timestamp_utc'] + hist_numeric_cols].set_index('timestamp_utc').resample('1H').mean().reset_index()
/home/dwijenayake/pv_forecast_30d/src/inference/physics_aware_forecaster.py:387: FutureWarning: 'H' is deprecated and will be removed in a future version, please use 'h' instead.
  hourly_weather = weather_df[['timestamp_utc'] + weather_numeric_cols].set_index('timestamp_utc').resample('1H').mean().reset_index()
       Resampling to hourly for long-head...
       Hourly shape: historical=(720, 28), weather=(720, 32)

[STEP 1/4] Computing PVLib physics baseline (2880 steps @ 15-min)...
          Weather window: 2880 steps (2024-09-21 00:00:00+00:00 → 2024-10-20 23:45:00+00:00)
          Using pre-computed PVLib baseline (pvlib_ac_kw column)
          PVLib shape: (2880,), range: [0.000, 0.803]

[STEP 2/4] Running long-head TFT (strategic: 720 hours @ 1-hour)...
          Long-head shape: (720,)
          Upsampling long-head to 15-min resolution...
          Long upsampled shape: (2880,)

[STEP 3/4] Rolling short-head refinement (30 days × 96 steps)...
          Day  5/30: α_short=0.65, α_long=0.35, α_ml=0.69
          Day 10/30: α_short=0.50, α_long=0.50, α_ml=0.66
          Day 15/30: α_short=0.35, α_long=0.65, α_ml=0.64
          Day 20/30: α_short=0.35, α_long=0.65, α_ml=0.61
          Day 25/30: α_short=0.35, α_long=0.65, α_ml=0.59
          Day 30/30: α_short=0.35, α_long=0.65, α_ml=0.56
          Final forecast shape: (2880,)
          Final range: [0.000, 0.607]

[STEP 4/4] Validation...
         ✓ Shape correct (2880 steps)
         ✓ Range valid [0.000, 0.607]
         ✓ All night hours zero
         ✓ Daylight mean: 0.258

[SUCCESS] Hierarchical 30-day forecast complete!
          Total TFT calls: 1 long-head + 30 short-head = 31

[INFO] Hierarchical 30-day forecast starting 2024-09-22 00:00:00+00:00
[INFO] Fetching live weather from OpenMeteo API...
                [Auto-selected ECMWF API for 15-day forecast]
[WeatherClient] Fetching 15-day ECMWF forecast
                Location: (48.6946°N, 12.5976°E)
                Period: 2024-09-22 → 2024-10-07
                Tilt/Azimuth: 25.0° / 180.0°
                API: ECMWF
[ERROR] Live weather fetch failed: OpenMeteo API call failed: {'error': True, 'reason': "Parameter 'start_date' is out of allowed range from 2025-10-06 to 2026-01-22"}
[ERROR] Falling back to test weather data if available
       Architecture: Long-head (strategic) + 30× Short-head (tactical) + Physics

[PREP] Preparing data for multi-resolution inference...
       Input frequency detected: 15min
       Resampling to hourly for long-head...
       Hourly shape: historical=(720, 28), weather=(720, 32)

[STEP 1/4] Computing PVLib physics baseline (2880 steps @ 15-min)...
          Weather window: 2880 steps (2024-09-22 00:00:00+00:00 → 2024-10-21 23:45:00+00:00)
          Using pre-computed PVLib baseline (pvlib_ac_kw column)
          PVLib shape: (2880,), range: [0.000, 0.803]

[STEP 2/4] Running long-head TFT (strategic: 720 hours @ 1-hour)...
          Long-head shape: (720,)
          Upsampling long-head to 15-min resolution...
          Long upsampled shape: (2880,)

[STEP 3/4] Rolling short-head refinement (30 days × 96 steps)...
          Day  5/30: α_short=0.65, α_long=0.35, α_ml=0.69
          Day 10/30: α_short=0.50, α_long=0.50, α_ml=0.66
          Day 15/30: α_short=0.35, α_long=0.65, α_ml=0.64
          Day 20/30: α_short=0.35, α_long=0.65, α_ml=0.61
          Day 25/30: α_short=0.35, α_long=0.65, α_ml=0.59
          Day 30/30: α_short=0.35, α_long=0.65, α_ml=0.56
          Final forecast shape: (2880,)
          Final range: [0.000, 0.564]

[STEP 4/4] Validation...
         ✓ Shape correct (2880 steps)
         ✓ Range valid [0.000, 0.564]
         ✓ All night hours zero
         ✓ Daylight mean: 0.248

[SUCCESS] Hierarchical 30-day forecast complete!
          Total TFT calls: 1 long-head + 30 short-head = 31

[INFO] Hierarchical 30-day forecast starting 2024-09-23 00:00:00+00:00
[INFO] Fetching live weather from OpenMeteo API...
                [Auto-selected ECMWF API for 15-day forecast]
[WeatherClient] Fetching 15-day ECMWF forecast
                Location: (48.6946°N, 12.5976°E)
                Period: 2024-09-23 → 2024-10-08
                Tilt/Azimuth: 25.0° / 180.0°
                API: ECMWF
[ERROR] Live weather fetch failed: OpenMeteo API call failed: {'error': True, 'reason': "Parameter 'start_date' is out of allowed range from 2025-10-06 to 2026-01-22"}
[ERROR] Falling back to test weather data if available
       Architecture: Long-head (strategic) + 30× Short-head (tactical) + Physics

[PREP] Preparing data for multi-resolution inference...
       Input frequency detected: 15min
       Resampling to hourly for long-head...
       Hourly shape: historical=(720, 28), weather=(720, 32)

[STEP 1/4] Computing PVLib physics baseline (2880 steps @ 15-min)...
          Weather window: 2880 steps (2024-09-23 00:00:00+00:00 → 2024-10-22 23:45:00+00:00)
          Using pre-computed PVLib baseline (pvlib_ac_kw column)
          PVLib shape: (2880,), range: [0.000, 0.779]

[STEP 2/4] Running long-head TFT (strategic: 720 hours @ 1-hour)...
          Long-head shape: (720,)
          Upsampling long-head to 15-min resolution...
          Long upsampled shape: (2880,)

[STEP 3/4] Rolling short-head refinement (30 days × 96 steps)...
          Day  5/30: α_short=0.65, α_long=0.35, α_ml=0.69
          Day 10/30: α_short=0.50, α_long=0.50, α_ml=0.66
          Day 15/30: α_short=0.35, α_long=0.65, α_ml=0.64
          Day 20/30: α_short=0.35, α_long=0.65, α_ml=0.61
          Day 25/30: α_short=0.35, α_long=0.65, α_ml=0.59
          Day 30/30: α_short=0.35, α_long=0.65, α_ml=0.56
          Final forecast shape: (2880,)
          Final range: [0.000, 0.536]

[STEP 4/4] Validation...
         ✓ Shape correct (2880 steps)
         ✓ Range valid [0.000, 0.536]
         ✓ All night hours zero
         ✓ Daylight mean: 0.239

[SUCCESS] Hierarchical 30-day forecast complete!
          Total TFT calls: 1 long-head + 30 short-head = 31

[INFO] Hierarchical 30-day forecast starting 2024-09-24 00:00:00+00:00
[INFO] Fetching live weather from OpenMeteo API...
                [Auto-selected ECMWF API for 15-day forecast]
[WeatherClient] Fetching 15-day ECMWF forecast
                Location: (48.6946°N, 12.5976°E)
                Period: 2024-09-24 → 2024-10-09
                Tilt/Azimuth: 25.0° / 180.0°
                API: ECMWF
[ERROR] Live weather fetch failed: OpenMeteo API call failed: {'error': True, 'reason': "Parameter 'start_date' is out of allowed range from 2025-10-06 to 2026-01-22"}
[ERROR] Falling back to test weather data if available
       Architecture: Long-head (strategic) + 30× Short-head (tactical) + Physics

[PREP] Preparing data for multi-resolution inference...
       Input frequency detected: 15min
       Resampling to hourly for long-head...
       Hourly shape: historical=(720, 28), weather=(720, 32)

[STEP 1/4] Computing PVLib physics baseline (2880 steps @ 15-min)...
          Weather window: 2880 steps (2024-09-24 00:00:00+00:00 → 2024-10-23 23:45:00+00:00)
          Using pre-computed PVLib baseline (pvlib_ac_kw column)
          PVLib shape: (2880,), range: [0.000, 0.766]

[STEP 2/4] Running long-head TFT (strategic: 720 hours @ 1-hour)...
          Long-head shape: (720,)
          Upsampling long-head to 15-min resolution...
          Long upsampled shape: (2880,)

[STEP 3/4] Rolling short-head refinement (30 days × 96 steps)...
          Day  5/30: α_short=0.65, α_long=0.35, α_ml=0.69
          Day 10/30: α_short=0.50, α_long=0.50, α_ml=0.66
          Day 15/30: α_short=0.35, α_long=0.65, α_ml=0.64
          Day 20/30: α_short=0.35, α_long=0.65, α_ml=0.61
          Day 25/30: α_short=0.35, α_long=0.65, α_ml=0.59
          Day 30/30: α_short=0.35, α_long=0.65, α_ml=0.56
          Final forecast shape: (2880,)
          Final range: [0.000, 0.535]

[STEP 4/4] Validation...
         ✓ Shape correct (2880 steps)
         ✓ Range valid [0.000, 0.535]
         ✓ All night hours zero
         ✓ Daylight mean: 0.237

[SUCCESS] Hierarchical 30-day forecast complete!
          Total TFT calls: 1 long-head + 30 short-head = 31

[INFO] Hierarchical 30-day forecast starting 2024-09-25 00:00:00+00:00
[INFO] Fetching live weather from OpenMeteo API...
                [Auto-selected ECMWF API for 15-day forecast]
[WeatherClient] Fetching 15-day ECMWF forecast
/home/dwijenayake/pv_forecast_30d/src/inference/physics_aware_forecaster.py:386: FutureWarning: 'H' is deprecated and will be removed in a future version, please use 'h' instead.
  hourly_hist = historical_df[['timestamp_utc'] + hist_numeric_cols].set_index('timestamp_utc').resample('1H').mean().reset_index()
/home/dwijenayake/pv_forecast_30d/src/inference/physics_aware_forecaster.py:387: FutureWarning: 'H' is deprecated and will be removed in a future version, please use 'h' instead.
  hourly_weather = weather_df[['timestamp_utc'] + weather_numeric_cols].set_index('timestamp_utc').resample('1H').mean().reset_index()
/home/dwijenayake/pv_forecast_30d/src/inference/physics_aware_forecaster.py:386: FutureWarning: 'H' is deprecated and will be removed in a future version, please use 'h' instead.
  hourly_hist = historical_df[['timestamp_utc'] + hist_numeric_cols].set_index('timestamp_utc').resample('1H').mean().reset_index()
/home/dwijenayake/pv_forecast_30d/src/inference/physics_aware_forecaster.py:387: FutureWarning: 'H' is deprecated and will be removed in a future version, please use 'h' instead.
  hourly_weather = weather_df[['timestamp_utc'] + weather_numeric_cols].set_index('timestamp_utc').resample('1H').mean().reset_index()
/home/dwijenayake/pv_forecast_30d/src/inference/physics_aware_forecaster.py:386: FutureWarning: 'H' is deprecated and will be removed in a future version, please use 'h' instead.
  hourly_hist = historical_df[['timestamp_utc'] + hist_numeric_cols].set_index('timestamp_utc').resample('1H').mean().reset_index()
/home/dwijenayake/pv_forecast_30d/src/inference/physics_aware_forecaster.py:387: FutureWarning: 'H' is deprecated and will be removed in a future version, please use 'h' instead.
  hourly_weather = weather_df[['timestamp_utc'] + weather_numeric_cols].set_index('timestamp_utc').resample('1H').mean().reset_index()
/home/dwijenayake/pv_forecast_30d/src/inference/physics_aware_forecaster.py:386: FutureWarning: 'H' is deprecated and will be removed in a future version, please use 'h' instead.
  hourly_hist = historical_df[['timestamp_utc'] + hist_numeric_cols].set_index('timestamp_utc').resample('1H').mean().reset_index()
/home/dwijenayake/pv_forecast_30d/src/inference/physics_aware_forecaster.py:387: FutureWarning: 'H' is deprecated and will be removed in a future version, please use 'h' instead.
  hourly_weather = weather_df[['timestamp_utc'] + weather_numeric_cols].set_index('timestamp_utc').resample('1H').mean().reset_index()
                Location: (48.6946°N, 12.5976°E)
                Period: 2024-09-25 → 2024-10-10
                Tilt/Azimuth: 25.0° / 180.0°
                API: ECMWF
[ERROR] Live weather fetch failed: OpenMeteo API call failed: {'reason': "Parameter 'start_date' is out of allowed range from 2025-10-06 to 2026-01-22", 'error': True}
[ERROR] Falling back to test weather data if available
       Architecture: Long-head (strategic) + 30× Short-head (tactical) + Physics

[PREP] Preparing data for multi-resolution inference...
       Input frequency detected: 15min
       Resampling to hourly for long-head...
       Hourly shape: historical=(720, 28), weather=(720, 32)

[STEP 1/4] Computing PVLib physics baseline (2880 steps @ 15-min)...
          Weather window: 2880 steps (2024-09-25 00:00:00+00:00 → 2024-10-24 23:45:00+00:00)
          Using pre-computed PVLib baseline (pvlib_ac_kw column)
          PVLib shape: (2880,), range: [0.000, 0.754]

[STEP 2/4] Running long-head TFT (strategic: 720 hours @ 1-hour)...
          Long-head shape: (720,)
          Upsampling long-head to 15-min resolution...
          Long upsampled shape: (2880,)

[STEP 3/4] Rolling short-head refinement (30 days × 96 steps)...
          Day  5/30: α_short=0.65, α_long=0.35, α_ml=0.69
          Day 10/30: α_short=0.50, α_long=0.50, α_ml=0.66
          Day 15/30: α_short=0.35, α_long=0.65, α_ml=0.64
          Day 20/30: α_short=0.35, α_long=0.65, α_ml=0.61
          Day 25/30: α_short=0.35, α_long=0.65, α_ml=0.59
          Day 30/30: α_short=0.35, α_long=0.65, α_ml=0.56
          Final forecast shape: (2880,)
          Final range: [0.000, 0.531]

[STEP 4/4] Validation...
         ✓ Shape correct (2880 steps)
         ✓ Range valid [0.000, 0.531]
         ✓ All night hours zero
         ✓ Daylight mean: 0.234

[SUCCESS] Hierarchical 30-day forecast complete!
          Total TFT calls: 1 long-head + 30 short-head = 31

[INFO] Hierarchical 30-day forecast starting 2024-09-26 00:00:00+00:00
[INFO] Fetching live weather from OpenMeteo API...
                [Auto-selected ECMWF API for 15-day forecast]
[WeatherClient] Fetching 15-day ECMWF forecast
                Location: (48.6946°N, 12.5976°E)
                Period: 2024-09-26 → 2024-10-11
                Tilt/Azimuth: 25.0° / 180.0°
                API: ECMWF
[ERROR] Live weather fetch failed: OpenMeteo API call failed: {'error': True, 'reason': "Parameter 'start_date' is out of allowed range from 2025-10-06 to 2026-01-22"}
[ERROR] Falling back to test weather data if available
       Architecture: Long-head (strategic) + 30× Short-head (tactical) + Physics

[PREP] Preparing data for multi-resolution inference...
       Input frequency detected: 15min
       Resampling to hourly for long-head...
       Hourly shape: historical=(720, 28), weather=(720, 32)

[STEP 1/4] Computing PVLib physics baseline (2880 steps @ 15-min)...
          Weather window: 2880 steps (2024-09-26 00:00:00+00:00 → 2024-10-25 23:45:00+00:00)
          Using pre-computed PVLib baseline (pvlib_ac_kw column)
          PVLib shape: (2880,), range: [0.000, 0.754]

[STEP 2/4] Running long-head TFT (strategic: 720 hours @ 1-hour)...
          Long-head shape: (720,)
          Upsampling long-head to 15-min resolution...
          Long upsampled shape: (2880,)

[STEP 3/4] Rolling short-head refinement (30 days × 96 steps)...
          Day  5/30: α_short=0.65, α_long=0.35, α_ml=0.69
          Day 10/30: α_short=0.50, α_long=0.50, α_ml=0.66
          Day 15/30: α_short=0.35, α_long=0.65, α_ml=0.64
          Day 20/30: α_short=0.35, α_long=0.65, α_ml=0.61
          Day 25/30: α_short=0.35, α_long=0.65, α_ml=0.59
          Day 30/30: α_short=0.35, α_long=0.65, α_ml=0.56
          Final forecast shape: (2880,)
          Final range: [0.000, 0.531]

[STEP 4/4] Validation...
         ✓ Shape correct (2880 steps)
         ✓ Range valid [0.000, 0.531]
         ✓ All night hours zero
         ✓ Daylight mean: 0.230

[SUCCESS] Hierarchical 30-day forecast complete!
          Total TFT calls: 1 long-head + 30 short-head = 31

[INFO] Hierarchical 30-day forecast starting 2024-09-27 00:00:00+00:00
[INFO] Fetching live weather from OpenMeteo API...
                [Auto-selected ECMWF API for 15-day forecast]
[WeatherClient] Fetching 15-day ECMWF forecast
                Location: (48.6946°N, 12.5976°E)
                Period: 2024-09-27 → 2024-10-12
                Tilt/Azimuth: 25.0° / 180.0°
                API: ECMWF
[ERROR] Live weather fetch failed: OpenMeteo API call failed: {'reason': "Parameter 'start_date' is out of allowed range from 2025-10-06 to 2026-01-22", 'error': True}
[ERROR] Falling back to test weather data if available
       Architecture: Long-head (strategic) + 30× Short-head (tactical) + Physics

[PREP] Preparing data for multi-resolution inference...
       Input frequency detected: 15min
       Resampling to hourly for long-head...
       Hourly shape: historical=(720, 28), weather=(720, 32)

[STEP 1/4] Computing PVLib physics baseline (2880 steps @ 15-min)...
          Weather window: 2880 steps (2024-09-27 00:00:00+00:00 → 2024-10-26 23:45:00+00:00)
          Using pre-computed PVLib baseline (pvlib_ac_kw column)
          PVLib shape: (2880,), range: [0.000, 0.754]

[STEP 2/4] Running long-head TFT (strategic: 720 hours @ 1-hour)...
          Long-head shape: (720,)
          Upsampling long-head to 15-min resolution...
          Long upsampled shape: (2880,)

[STEP 3/4] Rolling short-head refinement (30 days × 96 steps)...
          Day  5/30: α_short=0.65, α_long=0.35, α_ml=0.69
          Day 10/30: α_short=0.50, α_long=0.50, α_ml=0.66
          Day 15/30: α_short=0.35, α_long=0.65, α_ml=0.64
          Day 20/30: α_short=0.35, α_long=0.65, α_ml=0.61
          Day 25/30: α_short=0.35, α_long=0.65, α_ml=0.59
          Day 30/30: α_short=0.35, α_long=0.65, α_ml=0.56
          Final forecast shape: (2880,)
          Final range: [0.000, 0.530]

[STEP 4/4] Validation...
         ✓ Shape correct (2880 steps)
         ✓ Range valid [0.000, 0.530]
         ✓ All night hours zero
         ✓ Daylight mean: 0.231

[SUCCESS] Hierarchical 30-day forecast complete!
          Total TFT calls: 1 long-head + 30 short-head = 31

[INFO] Hierarchical 30-day forecast starting 2024-09-28 00:00:00+00:00
[INFO] Fetching live weather from OpenMeteo API...
                [Auto-selected ECMWF API for 15-day forecast]
[WeatherClient] Fetching 15-day ECMWF forecast
                Location: (48.6946°N, 12.5976°E)
                Period: 2024-09-28 → 2024-10-13
                Tilt/Azimuth: 25.0° / 180.0°
                API: ECMWF
[ERROR] Live weather fetch failed: OpenMeteo API call failed: {'error': True, 'reason': "Parameter 'start_date' is out of allowed range from 2025-10-06 to 2026-01-22"}
[ERROR] Falling back to test weather data if available
       Architecture: Long-head (strategic) + 30× Short-head (tactical) + Physics

[PREP] Preparing data for multi-resolution inference...
       Input frequency detected: 15min
       Resampling to hourly for long-head...
       Hourly shape: historical=(720, 28), weather=(720, 32)

[STEP 1/4] Computing PVLib physics baseline (2880 steps @ 15-min)...
          Weather window: 2880 steps (2024-09-28 00:00:00+00:00 → 2024-10-27 23:45:00+00:00)
          Using pre-computed PVLib baseline (pvlib_ac_kw column)
          PVLib shape: (2880,), range: [0.000, 0.754]

[STEP 2/4] Running long-head TFT (strategic: 720 hours @ 1-hour)...
          Long-head shape: (720,)
          Upsampling long-head to 15-min resolution...
          Long upsampled shape: (2880,)

[STEP 3/4] Rolling short-head refinement (30 days × 96 steps)...
          Day  5/30: α_short=0.65, α_long=0.35, α_ml=0.69
          Day 10/30: α_short=0.50, α_long=0.50, α_ml=0.66
          Day 15/30: α_short=0.35, α_long=0.65, α_ml=0.64
          Day 20/30: α_short=0.35, α_long=0.65, α_ml=0.61
          Day 25/30: α_short=0.35, α_long=0.65, α_ml=0.59
          Day 30/30: α_short=0.35, α_long=0.65, α_ml=0.56
/home/dwijenayake/pv_forecast_30d/src/inference/physics_aware_forecaster.py:386: FutureWarning: 'H' is deprecated and will be removed in a future version, please use 'h' instead.
  hourly_hist = historical_df[['timestamp_utc'] + hist_numeric_cols].set_index('timestamp_utc').resample('1H').mean().reset_index()
/home/dwijenayake/pv_forecast_30d/src/inference/physics_aware_forecaster.py:387: FutureWarning: 'H' is deprecated and will be removed in a future version, please use 'h' instead.
  hourly_weather = weather_df[['timestamp_utc'] + weather_numeric_cols].set_index('timestamp_utc').resample('1H').mean().reset_index()
/home/dwijenayake/pv_forecast_30d/src/inference/physics_aware_forecaster.py:386: FutureWarning: 'H' is deprecated and will be removed in a future version, please use 'h' instead.
  hourly_hist = historical_df[['timestamp_utc'] + hist_numeric_cols].set_index('timestamp_utc').resample('1H').mean().reset_index()
/home/dwijenayake/pv_forecast_30d/src/inference/physics_aware_forecaster.py:387: FutureWarning: 'H' is deprecated and will be removed in a future version, please use 'h' instead.
  hourly_weather = weather_df[['timestamp_utc'] + weather_numeric_cols].set_index('timestamp_utc').resample('1H').mean().reset_index()
/home/dwijenayake/pv_forecast_30d/src/inference/physics_aware_forecaster.py:386: FutureWarning: 'H' is deprecated and will be removed in a future version, please use 'h' instead.
  hourly_hist = historical_df[['timestamp_utc'] + hist_numeric_cols].set_index('timestamp_utc').resample('1H').mean().reset_index()
/home/dwijenayake/pv_forecast_30d/src/inference/physics_aware_forecaster.py:387: FutureWarning: 'H' is deprecated and will be removed in a future version, please use 'h' instead.
  hourly_weather = weather_df[['timestamp_utc'] + weather_numeric_cols].set_index('timestamp_utc').resample('1H').mean().reset_index()
/home/dwijenayake/pv_forecast_30d/src/inference/physics_aware_forecaster.py:386: FutureWarning: 'H' is deprecated and will be removed in a future version, please use 'h' instead.
  hourly_hist = historical_df[['timestamp_utc'] + hist_numeric_cols].set_index('timestamp_utc').resample('1H').mean().reset_index()
/home/dwijenayake/pv_forecast_30d/src/inference/physics_aware_forecaster.py:387: FutureWarning: 'H' is deprecated and will be removed in a future version, please use 'h' instead.
  hourly_weather = weather_df[['timestamp_utc'] + weather_numeric_cols].set_index('timestamp_utc').resample('1H').mean().reset_index()
          Final forecast shape: (2880,)
          Final range: [0.000, 0.532]

[STEP 4/4] Validation...
         ✓ Shape correct (2880 steps)
         ✓ Range valid [0.000, 0.532]
         ✓ All night hours zero
         ✓ Daylight mean: 0.232

[SUCCESS] Hierarchical 30-day forecast complete!
          Total TFT calls: 1 long-head + 30 short-head = 31

[INFO] Hierarchical 30-day forecast starting 2024-09-29 00:00:00+00:00
[INFO] Fetching live weather from OpenMeteo API...
                [Auto-selected ECMWF API for 15-day forecast]
[WeatherClient] Fetching 15-day ECMWF forecast
                Location: (48.6946°N, 12.5976°E)
                Period: 2024-09-29 → 2024-10-14
                Tilt/Azimuth: 25.0° / 180.0°
                API: ECMWF
[ERROR] Live weather fetch failed: OpenMeteo API call failed: {'reason': "Parameter 'start_date' is out of allowed range from 2025-10-06 to 2026-01-22", 'error': True}
[ERROR] Falling back to test weather data if available
       Architecture: Long-head (strategic) + 30× Short-head (tactical) + Physics

[PREP] Preparing data for multi-resolution inference...
       Input frequency detected: 15min
       Resampling to hourly for long-head...
       Hourly shape: historical=(720, 28), weather=(720, 32)

[STEP 1/4] Computing PVLib physics baseline (2880 steps @ 15-min)...
          Weather window: 2880 steps (2024-09-29 00:00:00+00:00 → 2024-10-28 23:45:00+00:00)
          Using pre-computed PVLib baseline (pvlib_ac_kw column)
          PVLib shape: (2880,), range: [0.000, 0.754]

[STEP 2/4] Running long-head TFT (strategic: 720 hours @ 1-hour)...
          Long-head shape: (720,)
          Upsampling long-head to 15-min resolution...
          Long upsampled shape: (2880,)

[STEP 3/4] Rolling short-head refinement (30 days × 96 steps)...
          Day  5/30: α_short=0.65, α_long=0.35, α_ml=0.69
          Day 10/30: α_short=0.50, α_long=0.50, α_ml=0.66
          Day 15/30: α_short=0.35, α_long=0.65, α_ml=0.64
          Day 20/30: α_short=0.35, α_long=0.65, α_ml=0.61
          Day 25/30: α_short=0.35, α_long=0.65, α_ml=0.59
          Day 30/30: α_short=0.35, α_long=0.65, α_ml=0.56
          Final forecast shape: (2880,)
          Final range: [0.000, 0.526]

[STEP 4/4] Validation...
         ✓ Shape correct (2880 steps)
         ✓ Range valid [0.000, 0.526]
         ✓ All night hours zero
         ✓ Daylight mean: 0.233

[SUCCESS] Hierarchical 30-day forecast complete!
          Total TFT calls: 1 long-head + 30 short-head = 31

[INFO] Hierarchical 30-day forecast starting 2024-09-30 00:00:00+00:00
[INFO] Fetching live weather from OpenMeteo API...
                [Auto-selected ECMWF API for 15-day forecast]
[WeatherClient] Fetching 15-day ECMWF forecast
                Location: (48.6946°N, 12.5976°E)
                Period: 2024-09-30 → 2024-10-15
                Tilt/Azimuth: 25.0° / 180.0°
                API: ECMWF
[ERROR] Live weather fetch failed: OpenMeteo API call failed: {'error': True, 'reason': "Parameter 'start_date' is out of allowed range from 2025-10-06 to 2026-01-22"}
[ERROR] Falling back to test weather data if available
       Architecture: Long-head (strategic) + 30× Short-head (tactical) + Physics

[PREP] Preparing data for multi-resolution inference...
       Input frequency detected: 15min
       Resampling to hourly for long-head...
       Hourly shape: historical=(720, 28), weather=(720, 32)

[STEP 1/4] Computing PVLib physics baseline (2880 steps @ 15-min)...
          Weather window: 2880 steps (2024-09-30 00:00:00+00:00 → 2024-10-29 23:45:00+00:00)
          Using pre-computed PVLib baseline (pvlib_ac_kw column)
          PVLib shape: (2880,), range: [0.000, 0.754]

[STEP 2/4] Running long-head TFT (strategic: 720 hours @ 1-hour)...
          Long-head shape: (720,)
          Upsampling long-head to 15-min resolution...
          Long upsampled shape: (2880,)

[STEP 3/4] Rolling short-head refinement (30 days × 96 steps)...
          Day  5/30: α_short=0.65, α_long=0.35, α_ml=0.69
          Day 10/30: α_short=0.50, α_long=0.50, α_ml=0.66
          Day 15/30: α_short=0.35, α_long=0.65, α_ml=0.64
          Day 20/30: α_short=0.35, α_long=0.65, α_ml=0.61
          Day 25/30: α_short=0.35, α_long=0.65, α_ml=0.59
          Day 30/30: α_short=0.35, α_long=0.65, α_ml=0.56
          Final forecast shape: (2880,)
          Final range: [0.000, 0.501]

[STEP 4/4] Validation...
         ✓ Shape correct (2880 steps)
         ✓ Range valid [0.000, 0.501]
         ✓ All night hours zero
         ✓ Daylight mean: 0.226

[SUCCESS] Hierarchical 30-day forecast complete!
          Total TFT calls: 1 long-head + 30 short-head = 31

[INFO] Hierarchical 30-day forecast starting 2024-10-01 00:00:00+00:00
[INFO] Fetching live weather from OpenMeteo API...
                [Auto-selected ECMWF API for 15-day forecast]
[WeatherClient] Fetching 15-day ECMWF forecast
                Location: (48.6946°N, 12.5976°E)
                Period: 2024-10-01 → 2024-10-16
                Tilt/Azimuth: 25.0° / 180.0°
                API: ECMWF
[ERROR] Live weather fetch failed: OpenMeteo API call failed: {'error': True, 'reason': "Parameter 'start_date' is out of allowed range from 2025-10-06 to 2026-01-22"}
[ERROR] Falling back to test weather data if available
       Architecture: Long-head (strategic) + 30× Short-head (tactical) + Physics

[PREP] Preparing data for multi-resolution inference...
       Input frequency detected: 15min
       Resampling to hourly for long-head...
       Hourly shape: historical=(720, 28), weather=(720, 32)

[STEP 1/4] Computing PVLib physics baseline (2880 steps @ 15-min)...
          Weather window: 2880 steps (2024-10-01 00:00:00+00:00 → 2024-10-30 23:45:00+00:00)
          Using pre-computed PVLib baseline (pvlib_ac_kw column)
          PVLib shape: (2880,), range: [0.000, 0.754]

[STEP 2/4] Running long-head TFT (strategic: 720 hours @ 1-hour)...
          Long-head shape: (720,)
          Upsampling long-head to 15-min resolution...
          Long upsampled shape: (2880,)

[STEP 3/4] Rolling short-head refinement (30 days × 96 steps)...
          Day  5/30: α_short=0.65, α_long=0.35, α_ml=0.69
          Day 10/30: α_short=0.50, α_long=0.50, α_ml=0.66
          Day 15/30: α_short=0.35, α_long=0.65, α_ml=0.64
          Day 20/30: α_short=0.35, α_long=0.65, α_ml=0.61
          Day 25/30: α_short=0.35, α_long=0.65, α_ml=0.59
          Day 30/30: α_short=0.35, α_long=0.65, α_ml=0.56
          Final forecast shape: (2880,)
          Final range: [0.000, 0.500]

[STEP 4/4] Validation...
         ✓ Shape correct (2880 steps)
         ✓ Range valid [0.000, 0.500]
         ✓ All night hours zero
         ✓ Daylight mean: 0.223

[SUCCESS] Hierarchical 30-day forecast complete!
          Total TFT calls: 1 long-head + 30 short-head = 31

[INFO] Hierarchical 30-day forecast starting 2024-10-02 00:00:00+00:00
[INFO] Fetching live weather from OpenMeteo API...
                [Auto-selected ECMWF API for 15-day forecast]
[WeatherClient] Fetching 15-day ECMWF forecast
                Location: (48.6946°N, 12.5976°E)
                Period: 2024-10-02 → 2024-10-17
                Tilt/Azimuth: 25.0° / 180.0°
                API: ECMWF
[ERROR] Live weather fetch failed: OpenMeteo API call failed: {'error': True, 'reason': "Parameter 'start_date' is out of allowed range from 2025-10-06 to 2026-01-22"}
[ERROR] Falling back to test weather data if available
       Architecture: Long-head (strategic) + 30× Short-head (tactical) + Physics

[PREP] Preparing data for multi-resolution inference...
       Input frequency detected: 15min
       Resampling to hourly for long-head...
       Hourly shape: historical=(720, 28), weather=(720, 32)

[STEP 1/4] Computing PVLib physics baseline (2880 steps @ 15-min)...
          Weather window: 2880 steps (2024-10-02 00:00:00+00:00 → 2024-10-31 23:45:00+00:00)
          Using pre-computed PVLib baseline (pvlib_ac_kw column)
          PVLib shape: (2880,), range: [0.000, 0.754]
/home/dwijenayake/pv_forecast_30d/src/inference/physics_aware_forecaster.py:386: FutureWarning: 'H' is deprecated and will be removed in a future version, please use 'h' instead.
  hourly_hist = historical_df[['timestamp_utc'] + hist_numeric_cols].set_index('timestamp_utc').resample('1H').mean().reset_index()
/home/dwijenayake/pv_forecast_30d/src/inference/physics_aware_forecaster.py:387: FutureWarning: 'H' is deprecated and will be removed in a future version, please use 'h' instead.
  hourly_weather = weather_df[['timestamp_utc'] + weather_numeric_cols].set_index('timestamp_utc').resample('1H').mean().reset_index()
/home/dwijenayake/pv_forecast_30d/src/inference/physics_aware_forecaster.py:386: FutureWarning: 'H' is deprecated and will be removed in a future version, please use 'h' instead.
  hourly_hist = historical_df[['timestamp_utc'] + hist_numeric_cols].set_index('timestamp_utc').resample('1H').mean().reset_index()
/home/dwijenayake/pv_forecast_30d/src/inference/physics_aware_forecaster.py:387: FutureWarning: 'H' is deprecated and will be removed in a future version, please use 'h' instead.
  hourly_weather = weather_df[['timestamp_utc'] + weather_numeric_cols].set_index('timestamp_utc').resample('1H').mean().reset_index()
/home/dwijenayake/pv_forecast_30d/src/inference/physics_aware_forecaster.py:386: FutureWarning: 'H' is deprecated and will be removed in a future version, please use 'h' instead.
  hourly_hist = historical_df[['timestamp_utc'] + hist_numeric_cols].set_index('timestamp_utc').resample('1H').mean().reset_index()
/home/dwijenayake/pv_forecast_30d/src/inference/physics_aware_forecaster.py:387: FutureWarning: 'H' is deprecated and will be removed in a future version, please use 'h' instead.
  hourly_weather = weather_df[['timestamp_utc'] + weather_numeric_cols].set_index('timestamp_utc').resample('1H').mean().reset_index()

[STEP 2/4] Running long-head TFT (strategic: 720 hours @ 1-hour)...
          Long-head shape: (720,)
          Upsampling long-head to 15-min resolution...
          Long upsampled shape: (2880,)

[STEP 3/4] Rolling short-head refinement (30 days × 96 steps)...
          Day  5/30: α_short=0.65, α_long=0.35, α_ml=0.69
          Day 10/30: α_short=0.50, α_long=0.50, α_ml=0.66
          Day 15/30: α_short=0.35, α_long=0.65, α_ml=0.64
          Day 20/30: α_short=0.35, α_long=0.65, α_ml=0.61
          Day 25/30: α_short=0.35, α_long=0.65, α_ml=0.59
          Day 30/30: α_short=0.35, α_long=0.65, α_ml=0.56
          Final forecast shape: (2880,)
          Final range: [0.000, 0.499]

[STEP 4/4] Validation...
         ✓ Shape correct (2880 steps)
         ✓ Range valid [0.000, 0.499]
         ✓ All night hours zero
         ✓ Daylight mean: 0.220

[SUCCESS] Hierarchical 30-day forecast complete!
          Total TFT calls: 1 long-head + 30 short-head = 31

[INFO] Hierarchical 30-day forecast starting 2024-10-03 00:00:00+00:00
[INFO] Fetching live weather from OpenMeteo API...
                [Auto-selected ECMWF API for 15-day forecast]
[WeatherClient] Fetching 15-day ECMWF forecast
                Location: (48.6946°N, 12.5976°E)
                Period: 2024-10-03 → 2024-10-18
                Tilt/Azimuth: 25.0° / 180.0°
                API: ECMWF
[ERROR] Live weather fetch failed: OpenMeteo API call failed: {'reason': "Parameter 'start_date' is out of allowed range from 2025-10-06 to 2026-01-22", 'error': True}
[ERROR] Falling back to test weather data if available
       Architecture: Long-head (strategic) + 30× Short-head (tactical) + Physics

[PREP] Preparing data for multi-resolution inference...
       Input frequency detected: 15min
       Resampling to hourly for long-head...
       Hourly shape: historical=(720, 28), weather=(720, 32)

[STEP 1/4] Computing PVLib physics baseline (2880 steps @ 15-min)...
          Weather window: 2880 steps (2024-10-03 00:00:00+00:00 → 2024-11-01 23:45:00+00:00)
          Using pre-computed PVLib baseline (pvlib_ac_kw column)
          PVLib shape: (2880,), range: [0.000, 0.754]

[STEP 2/4] Running long-head TFT (strategic: 720 hours @ 1-hour)...
          Long-head shape: (720,)
          Upsampling long-head to 15-min resolution...
          Long upsampled shape: (2880,)

[STEP 3/4] Rolling short-head refinement (30 days × 96 steps)...
          Day  5/30: α_short=0.65, α_long=0.35, α_ml=0.69
          Day 10/30: α_short=0.50, α_long=0.50, α_ml=0.66
          Day 15/30: α_short=0.35, α_long=0.65, α_ml=0.64
          Day 20/30: α_short=0.35, α_long=0.65, α_ml=0.61
          Day 25/30: α_short=0.35, α_long=0.65, α_ml=0.59
          Day 30/30: α_short=0.35, α_long=0.65, α_ml=0.56
          Final forecast shape: (2880,)
          Final range: [0.000, 0.499]

[STEP 4/4] Validation...
         ✓ Shape correct (2880 steps)
         ✓ Range valid [0.000, 0.499]
         ✓ All night hours zero
         ✓ Daylight mean: 0.218

[SUCCESS] Hierarchical 30-day forecast complete!
          Total TFT calls: 1 long-head + 30 short-head = 31

[INFO] Hierarchical 30-day forecast starting 2024-10-04 00:00:00+00:00
[INFO] Fetching live weather from OpenMeteo API...
                [Auto-selected ECMWF API for 15-day forecast]
[WeatherClient] Fetching 15-day ECMWF forecast
                Location: (48.6946°N, 12.5976°E)
                Period: 2024-10-04 → 2024-10-19
                Tilt/Azimuth: 25.0° / 180.0°
                API: ECMWF
[ERROR] Live weather fetch failed: OpenMeteo API call failed: {'error': True, 'reason': "Parameter 'start_date' is out of allowed range from 2025-10-06 to 2026-01-22"}
[ERROR] Falling back to test weather data if available
       Architecture: Long-head (strategic) + 30× Short-head (tactical) + Physics

[PREP] Preparing data for multi-resolution inference...
       Input frequency detected: 15min
       Resampling to hourly for long-head...
       Hourly shape: historical=(720, 28), weather=(720, 32)

[STEP 1/4] Computing PVLib physics baseline (2880 steps @ 15-min)...
          Weather window: 2880 steps (2024-10-04 00:00:00+00:00 → 2024-11-02 23:45:00+00:00)
          Using pre-computed PVLib baseline (pvlib_ac_kw column)
          PVLib shape: (2880,), range: [0.000, 0.754]

[STEP 2/4] Running long-head TFT (strategic: 720 hours @ 1-hour)...
          Long-head shape: (720,)
          Upsampling long-head to 15-min resolution...
          Long upsampled shape: (2880,)

[STEP 3/4] Rolling short-head refinement (30 days × 96 steps)...
          Day  5/30: α_short=0.65, α_long=0.35, α_ml=0.69
          Day 10/30: α_short=0.50, α_long=0.50, α_ml=0.66
          Day 15/30: α_short=0.35, α_long=0.65, α_ml=0.64
          Day 20/30: α_short=0.35, α_long=0.65, α_ml=0.61
          Day 25/30: α_short=0.35, α_long=0.65, α_ml=0.59
          Day 30/30: α_short=0.35, α_long=0.65, α_ml=0.56
          Final forecast shape: (2880,)
          Final range: [0.000, 0.498]

[STEP 4/4] Validation...
         ✓ Shape correct (2880 steps)
         ✓ Range valid [0.000, 0.498]
         ✓ All night hours zero
         ✓ Daylight mean: 0.215

[SUCCESS] Hierarchical 30-day forecast complete!
          Total TFT calls: 1 long-head + 30 short-head = 31

[INFO] Hierarchical 30-day forecast starting 2024-10-05 00:00:00+00:00
[INFO] Fetching live weather from OpenMeteo API...
                [Auto-selected ECMWF API for 15-day forecast]
[WeatherClient] Fetching 15-day ECMWF forecast
                Location: (48.6946°N, 12.5976°E)
                Period: 2024-10-05 → 2024-10-20
                Tilt/Azimuth: 25.0° / 180.0°
                API: ECMWF
[ERROR] Live weather fetch failed: OpenMeteo API call failed: {'error': True, 'reason': "Parameter 'start_date' is out of allowed range from 2025-10-06 to 2026-01-22"}
[ERROR] Falling back to test weather data if available
       Architecture: Long-head (strategic) + 30× Short-head (tactical) + Physics

[PREP] Preparing data for multi-resolution inference...
       Input frequency detected: 15min
       Resampling to hourly for long-head...
       Hourly shape: historical=(720, 28), weather=(720, 32)

[STEP 1/4] Computing PVLib physics baseline (2880 steps @ 15-min)...
          Weather window: 2880 steps (2024-10-05 00:00:00+00:00 → 2024-11-03 23:45:00+00:00)
          Using pre-computed PVLib baseline (pvlib_ac_kw column)
          PVLib shape: (2880,), range: [0.000, 0.754]

[STEP 2/4] Running long-head TFT (strategic: 720 hours @ 1-hour)...
          Long-head shape: (720,)
          Upsampling long-head to 15-min resolution...
          Long upsampled shape: (2880,)

[STEP 3/4] Rolling short-head refinement (30 days × 96 steps)...
          Day  5/30: α_short=0.65, α_long=0.35, α_ml=0.69
          Day 10/30: α_short=0.50, α_long=0.50, α_ml=0.66
          Day 15/30: α_short=0.35, α_long=0.65, α_ml=0.64
          Day 20/30: α_short=0.35, α_long=0.65, α_ml=0.61
          Day 25/30: α_short=0.35, α_long=0.65, α_ml=0.59
          Day 30/30: α_short=0.35, α_long=0.65, α_ml=0.56
          Final forecast shape: (2880,)
          Final range: [0.000, 0.496]

[STEP 4/4] Validation...
         ✓ Shape correct (2880 steps)
         ✓ Range valid [0.000, 0.496]
         ✓ All night hours zero
         ✓ Daylight mean: 0.218

[SUCCESS] Hierarchical 30-day forecast complete!
          Total TFT calls: 1 long-head + 30 short-head = 31

[INFO] Hierarchical 30-day forecast starting 2024-10-06 00:00:00+00:00
[INFO] Fetching live weather from OpenMeteo API...
                [Auto-selected ECMWF API for 15-day forecast]
[WeatherClient] Fetching 15-day ECMWF forecast
                Location: (48.6946°N, 12.5976°E)
                Period: 2024-10-06 → 2024-10-21
                Tilt/Azimuth: 25.0° / 180.0°
                API: ECMWF
[ERROR] Live weather fetch failed: OpenMeteo API call failed: {'error': True, 'reason': "Parameter 'start_date' is out of allowed range from 2025-10-06 to 2026-01-22"}
/home/dwijenayake/pv_forecast_30d/src/inference/physics_aware_forecaster.py:386: FutureWarning: 'H' is deprecated and will be removed in a future version, please use 'h' instead.
  hourly_hist = historical_df[['timestamp_utc'] + hist_numeric_cols].set_index('timestamp_utc').resample('1H').mean().reset_index()
/home/dwijenayake/pv_forecast_30d/src/inference/physics_aware_forecaster.py:387: FutureWarning: 'H' is deprecated and will be removed in a future version, please use 'h' instead.
  hourly_weather = weather_df[['timestamp_utc'] + weather_numeric_cols].set_index('timestamp_utc').resample('1H').mean().reset_index()
/home/dwijenayake/pv_forecast_30d/src/inference/physics_aware_forecaster.py:386: FutureWarning: 'H' is deprecated and will be removed in a future version, please use 'h' instead.
  hourly_hist = historical_df[['timestamp_utc'] + hist_numeric_cols].set_index('timestamp_utc').resample('1H').mean().reset_index()
/home/dwijenayake/pv_forecast_30d/src/inference/physics_aware_forecaster.py:387: FutureWarning: 'H' is deprecated and will be removed in a future version, please use 'h' instead.
  hourly_weather = weather_df[['timestamp_utc'] + weather_numeric_cols].set_index('timestamp_utc').resample('1H').mean().reset_index()
/home/dwijenayake/pv_forecast_30d/src/inference/physics_aware_forecaster.py:386: FutureWarning: 'H' is deprecated and will be removed in a future version, please use 'h' instead.
  hourly_hist = historical_df[['timestamp_utc'] + hist_numeric_cols].set_index('timestamp_utc').resample('1H').mean().reset_index()
/home/dwijenayake/pv_forecast_30d/src/inference/physics_aware_forecaster.py:387: FutureWarning: 'H' is deprecated and will be removed in a future version, please use 'h' instead.
  hourly_weather = weather_df[['timestamp_utc'] + weather_numeric_cols].set_index('timestamp_utc').resample('1H').mean().reset_index()
/home/dwijenayake/pv_forecast_30d/src/inference/physics_aware_forecaster.py:386: FutureWarning: 'H' is deprecated and will be removed in a future version, please use 'h' instead.
  hourly_hist = historical_df[['timestamp_utc'] + hist_numeric_cols].set_index('timestamp_utc').resample('1H').mean().reset_index()
/home/dwijenayake/pv_forecast_30d/src/inference/physics_aware_forecaster.py:387: FutureWarning: 'H' is deprecated and will be removed in a future version, please use 'h' instead.
  hourly_weather = weather_df[['timestamp_utc'] + weather_numeric_cols].set_index('timestamp_utc').resample('1H').mean().reset_index()
[ERROR] Falling back to test weather data if available
       Architecture: Long-head (strategic) + 30× Short-head (tactical) + Physics

[PREP] Preparing data for multi-resolution inference...
       Input frequency detected: 15min
       Resampling to hourly for long-head...
       Hourly shape: historical=(720, 28), weather=(720, 32)

[STEP 1/4] Computing PVLib physics baseline (2880 steps @ 15-min)...
          Weather window: 2880 steps (2024-10-06 00:00:00+00:00 → 2024-11-04 23:45:00+00:00)
          Using pre-computed PVLib baseline (pvlib_ac_kw column)
          PVLib shape: (2880,), range: [0.000, 0.754]

[STEP 2/4] Running long-head TFT (strategic: 720 hours @ 1-hour)...
          Long-head shape: (720,)
          Upsampling long-head to 15-min resolution...
          Long upsampled shape: (2880,)

[STEP 3/4] Rolling short-head refinement (30 days × 96 steps)...
          Day  5/30: α_short=0.65, α_long=0.35, α_ml=0.69
          Day 10/30: α_short=0.50, α_long=0.50, α_ml=0.66
          Day 15/30: α_short=0.35, α_long=0.65, α_ml=0.64
          Day 20/30: α_short=0.35, α_long=0.65, α_ml=0.61
          Day 25/30: α_short=0.35, α_long=0.65, α_ml=0.59
          Day 30/30: α_short=0.35, α_long=0.65, α_ml=0.56
          Final forecast shape: (2880,)
          Final range: [0.000, 0.494]

[STEP 4/4] Validation...
         ✓ Shape correct (2880 steps)
         ✓ Range valid [0.000, 0.494]
         ✓ All night hours zero
         ✓ Daylight mean: 0.221

[SUCCESS] Hierarchical 30-day forecast complete!
          Total TFT calls: 1 long-head + 30 short-head = 31

[INFO] Hierarchical 30-day forecast starting 2024-10-07 00:00:00+00:00
[INFO] Fetching live weather from OpenMeteo API...
                [Auto-selected ECMWF API for 15-day forecast]
[WeatherClient] Fetching 15-day ECMWF forecast
                Location: (48.6946°N, 12.5976°E)
                Period: 2024-10-07 → 2024-10-22
                Tilt/Azimuth: 25.0° / 180.0°
                API: ECMWF
[ERROR] Live weather fetch failed: OpenMeteo API call failed: {'reason': "Parameter 'start_date' is out of allowed range from 2025-10-06 to 2026-01-22", 'error': True}
[ERROR] Falling back to test weather data if available
       Architecture: Long-head (strategic) + 30× Short-head (tactical) + Physics

[PREP] Preparing data for multi-resolution inference...
       Input frequency detected: 15min
       Resampling to hourly for long-head...
       Hourly shape: historical=(720, 28), weather=(720, 32)

[STEP 1/4] Computing PVLib physics baseline (2880 steps @ 15-min)...
          Weather window: 2880 steps (2024-10-07 00:00:00+00:00 → 2024-11-05 23:45:00+00:00)
          Using pre-computed PVLib baseline (pvlib_ac_kw column)
          PVLib shape: (2880,), range: [0.000, 0.754]

[STEP 2/4] Running long-head TFT (strategic: 720 hours @ 1-hour)...
          Long-head shape: (720,)
          Upsampling long-head to 15-min resolution...
          Long upsampled shape: (2880,)

[STEP 3/4] Rolling short-head refinement (30 days × 96 steps)...
          Day  5/30: α_short=0.65, α_long=0.35, α_ml=0.69
          Day 10/30: α_short=0.50, α_long=0.50, α_ml=0.66
          Day 15/30: α_short=0.35, α_long=0.65, α_ml=0.64
          Day 20/30: α_short=0.35, α_long=0.65, α_ml=0.61
          Day 25/30: α_short=0.35, α_long=0.65, α_ml=0.59
          Day 30/30: α_short=0.35, α_long=0.65, α_ml=0.56
          Final forecast shape: (2880,)
          Final range: [0.000, 0.482]

[STEP 4/4] Validation...
         ✓ Shape correct (2880 steps)
         ✓ Range valid [0.000, 0.482]
         ✓ All night hours zero
         ✓ Daylight mean: 0.214

[SUCCESS] Hierarchical 30-day forecast complete!
          Total TFT calls: 1 long-head + 30 short-head = 31

[INFO] Hierarchical 30-day forecast starting 2024-10-08 00:00:00+00:00
[INFO] Fetching live weather from OpenMeteo API...
                [Auto-selected ECMWF API for 15-day forecast]
[WeatherClient] Fetching 15-day ECMWF forecast
                Location: (48.6946°N, 12.5976°E)
                Period: 2024-10-08 → 2024-10-23
                Tilt/Azimuth: 25.0° / 180.0°
                API: ECMWF
[ERROR] Live weather fetch failed: OpenMeteo API call failed: {'error': True, 'reason': "Parameter 'start_date' is out of allowed range from 2025-10-06 to 2026-01-22"}
[ERROR] Falling back to test weather data if available
       Architecture: Long-head (strategic) + 30× Short-head (tactical) + Physics

[PREP] Preparing data for multi-resolution inference...
       Input frequency detected: 15min
       Resampling to hourly for long-head...
       Hourly shape: historical=(720, 28), weather=(720, 32)

[STEP 1/4] Computing PVLib physics baseline (2880 steps @ 15-min)...
          Weather window: 2880 steps (2024-10-08 00:00:00+00:00 → 2024-11-06 23:45:00+00:00)
          Using pre-computed PVLib baseline (pvlib_ac_kw column)
          PVLib shape: (2880,), range: [0.000, 0.754]

[STEP 2/4] Running long-head TFT (strategic: 720 hours @ 1-hour)...
          Long-head shape: (720,)
          Upsampling long-head to 15-min resolution...
          Long upsampled shape: (2880,)

[STEP 3/4] Rolling short-head refinement (30 days × 96 steps)...
          Day  5/30: α_short=0.65, α_long=0.35, α_ml=0.69
          Day 10/30: α_short=0.50, α_long=0.50, α_ml=0.66
          Day 15/30: α_short=0.35, α_long=0.65, α_ml=0.64
          Day 20/30: α_short=0.35, α_long=0.65, α_ml=0.61
          Day 25/30: α_short=0.35, α_long=0.65, α_ml=0.59
          Day 30/30: α_short=0.35, α_long=0.65, α_ml=0.56
          Final forecast shape: (2880,)
          Final range: [0.000, 0.480]

[STEP 4/4] Validation...
         ✓ Shape correct (2880 steps)
         ✓ Range valid [0.000, 0.480]
         ✓ All night hours zero
         ✓ Daylight mean: 0.208

[SUCCESS] Hierarchical 30-day forecast complete!
          Total TFT calls: 1 long-head + 30 short-head = 31

[INFO] Hierarchical 30-day forecast starting 2024-10-09 00:00:00+00:00
[INFO] Fetching live weather from OpenMeteo API...
                [Auto-selected ECMWF API for 15-day forecast]
[WeatherClient] Fetching 15-day ECMWF forecast
                Location: (48.6946°N, 12.5976°E)
                Period: 2024-10-09 → 2024-10-24
                Tilt/Azimuth: 25.0° / 180.0°
                API: ECMWF
[ERROR] Live weather fetch failed: OpenMeteo API call failed: {'error': True, 'reason': "Parameter 'start_date' is out of allowed range from 2025-10-06 to 2026-01-22"}
[ERROR] Falling back to test weather data if available
       Architecture: Long-head (strategic) + 30× Short-head (tactical) + Physics

[PREP] Preparing data for multi-resolution inference...
       Input frequency detected: 15min
       Resampling to hourly for long-head...
       Hourly shape: historical=(720, 28), weather=(720, 32)

[STEP 1/4] Computing PVLib physics baseline (2880 steps @ 15-min)...
          Weather window: 2880 steps (2024-10-09 00:00:00+00:00 → 2024-11-07 23:45:00+00:00)
          Using pre-computed PVLib baseline (pvlib_ac_kw column)
          PVLib shape: (2880,), range: [0.000, 0.754]

[STEP 2/4] Running long-head TFT (strategic: 720 hours @ 1-hour)...
          Long-head shape: (720,)
          Upsampling long-head to 15-min resolution...
          Long upsampled shape: (2880,)

[STEP 3/4] Rolling short-head refinement (30 days × 96 steps)...
          Day  5/30: α_short=0.65, α_long=0.35, α_ml=0.69
          Day 10/30: α_short=0.50, α_long=0.50, α_ml=0.66
          Day 15/30: α_short=0.35, α_long=0.65, α_ml=0.64
          Day 20/30: α_short=0.35, α_long=0.65, α_ml=0.61
          Day 25/30: α_short=0.35, α_long=0.65, α_ml=0.59
          Day 30/30: α_short=0.35, α_long=0.65, α_ml=0.56
          Final forecast shape: (2880,)
          Final range: [0.000, 0.477]

[STEP 4/4] Validation...
         ✓ Shape correct (2880 steps)
         ✓ Range valid [0.000, 0.477]
         ✓ All night hours zero
         ✓ Daylight mean: 0.202

[SUCCESS] Hierarchical 30-day forecast complete!
          Total TFT calls: 1 long-head + 30 short-head = 31
/home/dwijenayake/pv_forecast_30d/src/inference/physics_aware_forecaster.py:386: FutureWarning: 'H' is deprecated and will be removed in a future version, please use 'h' instead.
  hourly_hist = historical_df[['timestamp_utc'] + hist_numeric_cols].set_index('timestamp_utc').resample('1H').mean().reset_index()
/home/dwijenayake/pv_forecast_30d/src/inference/physics_aware_forecaster.py:387: FutureWarning: 'H' is deprecated and will be removed in a future version, please use 'h' instead.
  hourly_weather = weather_df[['timestamp_utc'] + weather_numeric_cols].set_index('timestamp_utc').resample('1H').mean().reset_index()
/home/dwijenayake/pv_forecast_30d/src/inference/physics_aware_forecaster.py:386: FutureWarning: 'H' is deprecated and will be removed in a future version, please use 'h' instead.
  hourly_hist = historical_df[['timestamp_utc'] + hist_numeric_cols].set_index('timestamp_utc').resample('1H').mean().reset_index()
/home/dwijenayake/pv_forecast_30d/src/inference/physics_aware_forecaster.py:387: FutureWarning: 'H' is deprecated and will be removed in a future version, please use 'h' instead.
  hourly_weather = weather_df[['timestamp_utc'] + weather_numeric_cols].set_index('timestamp_utc').resample('1H').mean().reset_index()
/home/dwijenayake/pv_forecast_30d/src/inference/physics_aware_forecaster.py:386: FutureWarning: 'H' is deprecated and will be removed in a future version, please use 'h' instead.
  hourly_hist = historical_df[['timestamp_utc'] + hist_numeric_cols].set_index('timestamp_utc').resample('1H').mean().reset_index()
/home/dwijenayake/pv_forecast_30d/src/inference/physics_aware_forecaster.py:387: FutureWarning: 'H' is deprecated and will be removed in a future version, please use 'h' instead.
  hourly_weather = weather_df[['timestamp_utc'] + weather_numeric_cols].set_index('timestamp_utc').resample('1H').mean().reset_index()
/home/dwijenayake/pv_forecast_30d/src/inference/physics_aware_forecaster.py:386: FutureWarning: 'H' is deprecated and will be removed in a future version, please use 'h' instead.
  hourly_hist = historical_df[['timestamp_utc'] + hist_numeric_cols].set_index('timestamp_utc').resample('1H').mean().reset_index()
/home/dwijenayake/pv_forecast_30d/src/inference/physics_aware_forecaster.py:387: FutureWarning: 'H' is deprecated and will be removed in a future version, please use 'h' instead.
  hourly_weather = weather_df[['timestamp_utc'] + weather_numeric_cols].set_index('timestamp_utc').resample('1H').mean().reset_index()

[INFO] Hierarchical 30-day forecast starting 2024-10-10 00:00:00+00:00
[INFO] Fetching live weather from OpenMeteo API...
                [Auto-selected ECMWF API for 15-day forecast]
[WeatherClient] Fetching 15-day ECMWF forecast
                Location: (48.6946°N, 12.5976°E)
                Period: 2024-10-10 → 2024-10-25
                Tilt/Azimuth: 25.0° / 180.0°
                API: ECMWF
[ERROR] Live weather fetch failed: OpenMeteo API call failed: {'error': True, 'reason': "Parameter 'start_date' is out of allowed range from 2025-10-06 to 2026-01-22"}
[ERROR] Falling back to test weather data if available
       Architecture: Long-head (strategic) + 30× Short-head (tactical) + Physics

[PREP] Preparing data for multi-resolution inference...
       Input frequency detected: 15min
       Resampling to hourly for long-head...
       Hourly shape: historical=(720, 28), weather=(720, 32)

[STEP 1/4] Computing PVLib physics baseline (2880 steps @ 15-min)...
          Weather window: 2880 steps (2024-10-10 00:00:00+00:00 → 2024-11-08 23:45:00+00:00)
          Using pre-computed PVLib baseline (pvlib_ac_kw column)
          PVLib shape: (2880,), range: [0.000, 0.744]

[STEP 2/4] Running long-head TFT (strategic: 720 hours @ 1-hour)...
          Long-head shape: (720,)
          Upsampling long-head to 15-min resolution...
          Long upsampled shape: (2880,)

[STEP 3/4] Rolling short-head refinement (30 days × 96 steps)...
          Day  5/30: α_short=0.65, α_long=0.35, α_ml=0.69
          Day 10/30: α_short=0.50, α_long=0.50, α_ml=0.66
          Day 15/30: α_short=0.35, α_long=0.65, α_ml=0.64
          Day 20/30: α_short=0.35, α_long=0.65, α_ml=0.61
          Day 25/30: α_short=0.35, α_long=0.65, α_ml=0.59
          Day 30/30: α_short=0.35, α_long=0.65, α_ml=0.56
          Final forecast shape: (2880,)
          Final range: [0.000, 0.475]

[STEP 4/4] Validation...
         ✓ Shape correct (2880 steps)
         ✓ Range valid [0.000, 0.475]
         ✓ All night hours zero
         ✓ Daylight mean: 0.194

[SUCCESS] Hierarchical 30-day forecast complete!
          Total TFT calls: 1 long-head + 30 short-head = 31

[INFO] Hierarchical 30-day forecast starting 2024-10-11 00:00:00+00:00
[INFO] Fetching live weather from OpenMeteo API...
                [Auto-selected ECMWF API for 15-day forecast]
[WeatherClient] Fetching 15-day ECMWF forecast
                Location: (48.6946°N, 12.5976°E)
                Period: 2024-10-11 → 2024-10-26
                Tilt/Azimuth: 25.0° / 180.0°
                API: ECMWF
[ERROR] Live weather fetch failed: OpenMeteo API call failed: {'error': True, 'reason': "Parameter 'start_date' is out of allowed range from 2025-10-06 to 2026-01-22"}
[ERROR] Falling back to test weather data if available
       Architecture: Long-head (strategic) + 30× Short-head (tactical) + Physics

[PREP] Preparing data for multi-resolution inference...
       Input frequency detected: 15min
       Resampling to hourly for long-head...
       Hourly shape: historical=(720, 28), weather=(720, 32)

[STEP 1/4] Computing PVLib physics baseline (2880 steps @ 15-min)...
          Weather window: 2880 steps (2024-10-11 00:00:00+00:00 → 2024-11-09 23:45:00+00:00)
          Using pre-computed PVLib baseline (pvlib_ac_kw column)
          PVLib shape: (2880,), range: [0.000, 0.744]

[STEP 2/4] Running long-head TFT (strategic: 720 hours @ 1-hour)...
          Long-head shape: (720,)
          Upsampling long-head to 15-min resolution...
          Long upsampled shape: (2880,)

[STEP 3/4] Rolling short-head refinement (30 days × 96 steps)...
          Day  5/30: α_short=0.65, α_long=0.35, α_ml=0.69
          Day 10/30: α_short=0.50, α_long=0.50, α_ml=0.66
          Day 15/30: α_short=0.35, α_long=0.65, α_ml=0.64
          Day 20/30: α_short=0.35, α_long=0.65, α_ml=0.61
          Day 25/30: α_short=0.35, α_long=0.65, α_ml=0.59
          Day 30/30: α_short=0.35, α_long=0.65, α_ml=0.56
          Final forecast shape: (2880,)
          Final range: [0.000, 0.512]

[STEP 4/4] Validation...
         ✓ Shape correct (2880 steps)
         ✓ Range valid [0.000, 0.512]
         ✓ All night hours zero
         ✓ Daylight mean: 0.194

[SUCCESS] Hierarchical 30-day forecast complete!
          Total TFT calls: 1 long-head + 30 short-head = 31

[INFO] Hierarchical 30-day forecast starting 2024-10-12 00:00:00+00:00
[INFO] Fetching live weather from OpenMeteo API...
                [Auto-selected ECMWF API for 15-day forecast]
[WeatherClient] Fetching 15-day ECMWF forecast
                Location: (48.6946°N, 12.5976°E)
                Period: 2024-10-12 → 2024-10-27
                Tilt/Azimuth: 25.0° / 180.0°
                API: ECMWF
[ERROR] Live weather fetch failed: OpenMeteo API call failed: {'error': True, 'reason': "Parameter 'start_date' is out of allowed range from 2025-10-06 to 2026-01-22"}
[ERROR] Falling back to test weather data if available
       Architecture: Long-head (strategic) + 30× Short-head (tactical) + Physics

[PREP] Preparing data for multi-resolution inference...
       Input frequency detected: 15min
       Resampling to hourly for long-head...
       Hourly shape: historical=(720, 28), weather=(720, 32)

[STEP 1/4] Computing PVLib physics baseline (2880 steps @ 15-min)...
          Weather window: 2880 steps (2024-10-12 00:00:00+00:00 → 2024-11-10 23:45:00+00:00)
          Using pre-computed PVLib baseline (pvlib_ac_kw column)
          PVLib shape: (2880,), range: [0.000, 0.744]

[STEP 2/4] Running long-head TFT (strategic: 720 hours @ 1-hour)...
          Long-head shape: (720,)
          Upsampling long-head to 15-min resolution...
          Long upsampled shape: (2880,)

[STEP 3/4] Rolling short-head refinement (30 days × 96 steps)...
          Day  5/30: α_short=0.65, α_long=0.35, α_ml=0.69
          Day 10/30: α_short=0.50, α_long=0.50, α_ml=0.66
          Day 15/30: α_short=0.35, α_long=0.65, α_ml=0.64
          Day 20/30: α_short=0.35, α_long=0.65, α_ml=0.61
          Day 25/30: α_short=0.35, α_long=0.65, α_ml=0.59
          Day 30/30: α_short=0.35, α_long=0.65, α_ml=0.56
          Final forecast shape: (2880,)
          Final range: [0.000, 0.511]

[STEP 4/4] Validation...
         ✓ Shape correct (2880 steps)
         ✓ Range valid [0.000, 0.511]
         ✓ All night hours zero
         ✓ Daylight mean: 0.192

[SUCCESS] Hierarchical 30-day forecast complete!
          Total TFT calls: 1 long-head + 30 short-head = 31

[INFO] Hierarchical 30-day forecast starting 2024-10-13 00:00:00+00:00
[INFO] Fetching live weather from OpenMeteo API...
                [Auto-selected ECMWF API for 15-day forecast]
[WeatherClient] Fetching 15-day ECMWF forecast
                Location: (48.6946°N, 12.5976°E)
                Period: 2024-10-13 → 2024-10-28
                Tilt/Azimuth: 25.0° / 180.0°
                API: ECMWF
[ERROR] Live weather fetch failed: OpenMeteo API call failed: {'error': True, 'reason': "Parameter 'start_date' is out of allowed range from 2025-10-06 to 2026-01-22"}
[ERROR] Falling back to test weather data if available
       Architecture: Long-head (strategic) + 30× Short-head (tactical) + Physics

[PREP] Preparing data for multi-resolution inference...
       Input frequency detected: 15min
       Resampling to hourly for long-head...
       Hourly shape: historical=(720, 28), weather=(720, 32)

[STEP 1/4] Computing PVLib physics baseline (2880 steps @ 15-min)...
          Weather window: 2880 steps (2024-10-13 00:00:00+00:00 → 2024-11-11 23:45:00+00:00)
          Using pre-computed PVLib baseline (pvlib_ac_kw column)
          PVLib shape: (2880,), range: [0.000, 0.714]

[STEP 2/4] Running long-head TFT (strategic: 720 hours @ 1-hour)...
          Long-head shape: (720,)
          Upsampling long-head to 15-min resolution...
          Long upsampled shape: (2880,)

[STEP 3/4] Rolling short-head refinement (30 days × 96 steps)...
          Day  5/30: α_short=0.65, α_long=0.35, α_ml=0.69
          Day 10/30: α_short=0.50, α_long=0.50, α_ml=0.66
/home/dwijenayake/pv_forecast_30d/src/inference/physics_aware_forecaster.py:386: FutureWarning: 'H' is deprecated and will be removed in a future version, please use 'h' instead.
  hourly_hist = historical_df[['timestamp_utc'] + hist_numeric_cols].set_index('timestamp_utc').resample('1H').mean().reset_index()
/home/dwijenayake/pv_forecast_30d/src/inference/physics_aware_forecaster.py:387: FutureWarning: 'H' is deprecated and will be removed in a future version, please use 'h' instead.
  hourly_weather = weather_df[['timestamp_utc'] + weather_numeric_cols].set_index('timestamp_utc').resample('1H').mean().reset_index()
/home/dwijenayake/pv_forecast_30d/src/inference/physics_aware_forecaster.py:386: FutureWarning: 'H' is deprecated and will be removed in a future version, please use 'h' instead.
  hourly_hist = historical_df[['timestamp_utc'] + hist_numeric_cols].set_index('timestamp_utc').resample('1H').mean().reset_index()
/home/dwijenayake/pv_forecast_30d/src/inference/physics_aware_forecaster.py:387: FutureWarning: 'H' is deprecated and will be removed in a future version, please use 'h' instead.
  hourly_weather = weather_df[['timestamp_utc'] + weather_numeric_cols].set_index('timestamp_utc').resample('1H').mean().reset_index()
/home/dwijenayake/pv_forecast_30d/src/inference/physics_aware_forecaster.py:386: FutureWarning: 'H' is deprecated and will be removed in a future version, please use 'h' instead.
  hourly_hist = historical_df[['timestamp_utc'] + hist_numeric_cols].set_index('timestamp_utc').resample('1H').mean().reset_index()
/home/dwijenayake/pv_forecast_30d/src/inference/physics_aware_forecaster.py:387: FutureWarning: 'H' is deprecated and will be removed in a future version, please use 'h' instead.
  hourly_weather = weather_df[['timestamp_utc'] + weather_numeric_cols].set_index('timestamp_utc').resample('1H').mean().reset_index()
/home/dwijenayake/pv_forecast_30d/src/inference/physics_aware_forecaster.py:386: FutureWarning: 'H' is deprecated and will be removed in a future version, please use 'h' instead.
  hourly_hist = historical_df[['timestamp_utc'] + hist_numeric_cols].set_index('timestamp_utc').resample('1H').mean().reset_index()
/home/dwijenayake/pv_forecast_30d/src/inference/physics_aware_forecaster.py:387: FutureWarning: 'H' is deprecated and will be removed in a future version, please use 'h' instead.
  hourly_weather = weather_df[['timestamp_utc'] + weather_numeric_cols].set_index('timestamp_utc').resample('1H').mean().reset_index()
          Day 15/30: α_short=0.35, α_long=0.65, α_ml=0.64
          Day 20/30: α_short=0.35, α_long=0.65, α_ml=0.61
          Day 25/30: α_short=0.35, α_long=0.65, α_ml=0.59
          Day 30/30: α_short=0.35, α_long=0.65, α_ml=0.56
          Final forecast shape: (2880,)
          Final range: [0.000, 0.510]

[STEP 4/4] Validation...
         ✓ Shape correct (2880 steps)
         ✓ Range valid [0.000, 0.510]
         ✓ All night hours zero
         ✓ Daylight mean: 0.185

[SUCCESS] Hierarchical 30-day forecast complete!
          Total TFT calls: 1 long-head + 30 short-head = 31

[INFO] Hierarchical 30-day forecast starting 2024-10-14 00:00:00+00:00
[INFO] Fetching live weather from OpenMeteo API...
                [Auto-selected ECMWF API for 15-day forecast]
[WeatherClient] Fetching 15-day ECMWF forecast
                Location: (48.6946°N, 12.5976°E)
                Period: 2024-10-14 → 2024-10-29
                Tilt/Azimuth: 25.0° / 180.0°
                API: ECMWF
[ERROR] Live weather fetch failed: OpenMeteo API call failed: {'error': True, 'reason': "Parameter 'start_date' is out of allowed range from 2025-10-06 to 2026-01-22"}
[ERROR] Falling back to test weather data if available
       Architecture: Long-head (strategic) + 30× Short-head (tactical) + Physics

[PREP] Preparing data for multi-resolution inference...
       Input frequency detected: 15min
       Resampling to hourly for long-head...
       Hourly shape: historical=(720, 28), weather=(720, 32)

[STEP 1/4] Computing PVLib physics baseline (2880 steps @ 15-min)...
          Weather window: 2880 steps (2024-10-14 00:00:00+00:00 → 2024-11-12 23:45:00+00:00)
          Using pre-computed PVLib baseline (pvlib_ac_kw column)
          PVLib shape: (2880,), range: [0.000, 0.714]

[STEP 2/4] Running long-head TFT (strategic: 720 hours @ 1-hour)...
          Long-head shape: (720,)
          Upsampling long-head to 15-min resolution...
          Long upsampled shape: (2880,)

[STEP 3/4] Rolling short-head refinement (30 days × 96 steps)...
          Day  5/30: α_short=0.65, α_long=0.35, α_ml=0.69
          Day 10/30: α_short=0.50, α_long=0.50, α_ml=0.66
          Day 15/30: α_short=0.35, α_long=0.65, α_ml=0.64
          Day 20/30: α_short=0.35, α_long=0.65, α_ml=0.61
          Day 25/30: α_short=0.35, α_long=0.65, α_ml=0.59
          Day 30/30: α_short=0.35, α_long=0.65, α_ml=0.56
          Final forecast shape: (2880,)
          Final range: [0.000, 0.507]

[STEP 4/4] Validation...
         ✓ Shape correct (2880 steps)
         ✓ Range valid [0.000, 0.507]
         ✓ All night hours zero
         ✓ Daylight mean: 0.186

[SUCCESS] Hierarchical 30-day forecast complete!
          Total TFT calls: 1 long-head + 30 short-head = 31

[INFO] Hierarchical 30-day forecast starting 2024-10-15 00:00:00+00:00
[INFO] Fetching live weather from OpenMeteo API...
                [Auto-selected ECMWF API for 15-day forecast]
[WeatherClient] Fetching 15-day ECMWF forecast
                Location: (48.6946°N, 12.5976°E)
                Period: 2024-10-15 → 2024-10-30
                Tilt/Azimuth: 25.0° / 180.0°
                API: ECMWF
[ERROR] Live weather fetch failed: OpenMeteo API call failed: {'reason': "Parameter 'start_date' is out of allowed range from 2025-10-06 to 2026-01-22", 'error': True}
[ERROR] Falling back to test weather data if available
       Architecture: Long-head (strategic) + 30× Short-head (tactical) + Physics

[PREP] Preparing data for multi-resolution inference...
       Input frequency detected: 15min
       Resampling to hourly for long-head...
       Hourly shape: historical=(720, 28), weather=(720, 32)

[STEP 1/4] Computing PVLib physics baseline (2880 steps @ 15-min)...
          Weather window: 2880 steps (2024-10-15 00:00:00+00:00 → 2024-11-13 23:45:00+00:00)
          Using pre-computed PVLib baseline (pvlib_ac_kw column)
          PVLib shape: (2880,), range: [0.000, 0.714]

[STEP 2/4] Running long-head TFT (strategic: 720 hours @ 1-hour)...
          Long-head shape: (720,)
          Upsampling long-head to 15-min resolution...
          Long upsampled shape: (2880,)

[STEP 3/4] Rolling short-head refinement (30 days × 96 steps)...
          Day  5/30: α_short=0.65, α_long=0.35, α_ml=0.69
          Day 10/30: α_short=0.50, α_long=0.50, α_ml=0.66
          Day 15/30: α_short=0.35, α_long=0.65, α_ml=0.64
          Day 20/30: α_short=0.35, α_long=0.65, α_ml=0.61
          Day 25/30: α_short=0.35, α_long=0.65, α_ml=0.59
          Day 30/30: α_short=0.35, α_long=0.65, α_ml=0.56
          Final forecast shape: (2880,)
          Final range: [0.000, 0.509]

[STEP 4/4] Validation...
         ✓ Shape correct (2880 steps)
         ✓ Range valid [0.000, 0.509]
         ✓ All night hours zero
         ✓ Daylight mean: 0.186

[SUCCESS] Hierarchical 30-day forecast complete!
          Total TFT calls: 1 long-head + 30 short-head = 31

[INFO] Hierarchical 30-day forecast starting 2024-10-16 00:00:00+00:00
[INFO] Fetching live weather from OpenMeteo API...
                [Auto-selected ECMWF API for 15-day forecast]
[WeatherClient] Fetching 15-day ECMWF forecast
                Location: (48.6946°N, 12.5976°E)
                Period: 2024-10-16 → 2024-10-31
                Tilt/Azimuth: 25.0° / 180.0°
                API: ECMWF
[ERROR] Live weather fetch failed: OpenMeteo API call failed: {'reason': "Parameter 'start_date' is out of allowed range from 2025-10-06 to 2026-01-22", 'error': True}
[ERROR] Falling back to test weather data if available
       Architecture: Long-head (strategic) + 30× Short-head (tactical) + Physics

[PREP] Preparing data for multi-resolution inference...
       Input frequency detected: 15min
       Resampling to hourly for long-head...
       Hourly shape: historical=(720, 28), weather=(720, 32)

[STEP 1/4] Computing PVLib physics baseline (2880 steps @ 15-min)...
          Weather window: 2880 steps (2024-10-16 00:00:00+00:00 → 2024-11-14 23:45:00+00:00)
          Using pre-computed PVLib baseline (pvlib_ac_kw column)
          PVLib shape: (2880,), range: [0.000, 0.714]

[STEP 2/4] Running long-head TFT (strategic: 720 hours @ 1-hour)...
          Long-head shape: (720,)
          Upsampling long-head to 15-min resolution...
          Long upsampled shape: (2880,)

[STEP 3/4] Rolling short-head refinement (30 days × 96 steps)...
          Day  5/30: α_short=0.65, α_long=0.35, α_ml=0.69
          Day 10/30: α_short=0.50, α_long=0.50, α_ml=0.66
          Day 15/30: α_short=0.35, α_long=0.65, α_ml=0.64
          Day 20/30: α_short=0.35, α_long=0.65, α_ml=0.61
          Day 25/30: α_short=0.35, α_long=0.65, α_ml=0.59
          Day 30/30: α_short=0.35, α_long=0.65, α_ml=0.56
          Final forecast shape: (2880,)
          Final range: [0.000, 0.507]

[STEP 4/4] Validation...
         ✓ Shape correct (2880 steps)
         ✓ Range valid [0.000, 0.507]
         ✓ All night hours zero
         ✓ Daylight mean: 0.185

[SUCCESS] Hierarchical 30-day forecast complete!
          Total TFT calls: 1 long-head + 30 short-head = 31

[INFO] Hierarchical 30-day forecast starting 2024-10-17 00:00:00+00:00
[INFO] Fetching live weather from OpenMeteo API...
                [Auto-selected ECMWF API for 15-day forecast]
[WeatherClient] Fetching 15-day ECMWF forecast
                Location: (48.6946°N, 12.5976°E)
                Period: 2024-10-17 → 2024-11-01
                Tilt/Azimuth: 25.0° / 180.0°
                API: ECMWF
[ERROR] Live weather fetch failed: OpenMeteo API call failed: {'error': True, 'reason': "Parameter 'start_date' is out of allowed range from 2025-10-06 to 2026-01-22"}
[ERROR] Falling back to test weather data if available
       Architecture: Long-head (strategic) + 30× Short-head (tactical) + Physics

[PREP] Preparing data for multi-resolution inference...
       Input frequency detected: 15min
       Resampling to hourly for long-head...
       Hourly shape: historical=(720, 28), weather=(720, 32)

[STEP 1/4] Computing PVLib physics baseline (2880 steps @ 15-min)...
/home/dwijenayake/pv_forecast_30d/src/inference/physics_aware_forecaster.py:386: FutureWarning: 'H' is deprecated and will be removed in a future version, please use 'h' instead.
  hourly_hist = historical_df[['timestamp_utc'] + hist_numeric_cols].set_index('timestamp_utc').resample('1H').mean().reset_index()
/home/dwijenayake/pv_forecast_30d/src/inference/physics_aware_forecaster.py:387: FutureWarning: 'H' is deprecated and will be removed in a future version, please use 'h' instead.
  hourly_weather = weather_df[['timestamp_utc'] + weather_numeric_cols].set_index('timestamp_utc').resample('1H').mean().reset_index()
/home/dwijenayake/pv_forecast_30d/src/inference/physics_aware_forecaster.py:386: FutureWarning: 'H' is deprecated and will be removed in a future version, please use 'h' instead.
  hourly_hist = historical_df[['timestamp_utc'] + hist_numeric_cols].set_index('timestamp_utc').resample('1H').mean().reset_index()
/home/dwijenayake/pv_forecast_30d/src/inference/physics_aware_forecaster.py:387: FutureWarning: 'H' is deprecated and will be removed in a future version, please use 'h' instead.
  hourly_weather = weather_df[['timestamp_utc'] + weather_numeric_cols].set_index('timestamp_utc').resample('1H').mean().reset_index()
/home/dwijenayake/pv_forecast_30d/src/inference/physics_aware_forecaster.py:386: FutureWarning: 'H' is deprecated and will be removed in a future version, please use 'h' instead.
  hourly_hist = historical_df[['timestamp_utc'] + hist_numeric_cols].set_index('timestamp_utc').resample('1H').mean().reset_index()
/home/dwijenayake/pv_forecast_30d/src/inference/physics_aware_forecaster.py:387: FutureWarning: 'H' is deprecated and will be removed in a future version, please use 'h' instead.
  hourly_weather = weather_df[['timestamp_utc'] + weather_numeric_cols].set_index('timestamp_utc').resample('1H').mean().reset_index()
          Weather window: 2880 steps (2024-10-17 00:00:00+00:00 → 2024-11-15 23:45:00+00:00)
          Using pre-computed PVLib baseline (pvlib_ac_kw column)
          PVLib shape: (2880,), range: [0.000, 0.707]

[STEP 2/4] Running long-head TFT (strategic: 720 hours @ 1-hour)...
          Long-head shape: (720,)
          Upsampling long-head to 15-min resolution...
          Long upsampled shape: (2880,)

[STEP 3/4] Rolling short-head refinement (30 days × 96 steps)...
          Day  5/30: α_short=0.65, α_long=0.35, α_ml=0.69
          Day 10/30: α_short=0.50, α_long=0.50, α_ml=0.66
          Day 15/30: α_short=0.35, α_long=0.65, α_ml=0.64
          Day 20/30: α_short=0.35, α_long=0.65, α_ml=0.61
          Day 25/30: α_short=0.35, α_long=0.65, α_ml=0.59
          Day 30/30: α_short=0.35, α_long=0.65, α_ml=0.56
          Final forecast shape: (2880,)
          Final range: [0.000, 0.506]

[STEP 4/4] Validation...
         ✓ Shape correct (2880 steps)
         ✓ Range valid [0.000, 0.506]
         ✓ All night hours zero
         ✓ Daylight mean: 0.176

[SUCCESS] Hierarchical 30-day forecast complete!
          Total TFT calls: 1 long-head + 30 short-head = 31

[INFO] Hierarchical 30-day forecast starting 2024-10-18 00:00:00+00:00
[INFO] Fetching live weather from OpenMeteo API...
                [Auto-selected ECMWF API for 15-day forecast]
[WeatherClient] Fetching 15-day ECMWF forecast
                Location: (48.6946°N, 12.5976°E)
                Period: 2024-10-18 → 2024-11-02
                Tilt/Azimuth: 25.0° / 180.0°
                API: ECMWF
[ERROR] Live weather fetch failed: OpenMeteo API call failed: {'reason': "Parameter 'start_date' is out of allowed range from 2025-10-06 to 2026-01-22", 'error': True}
[ERROR] Falling back to test weather data if available
       Architecture: Long-head (strategic) + 30× Short-head (tactical) + Physics

[PREP] Preparing data for multi-resolution inference...
       Input frequency detected: 15min
       Resampling to hourly for long-head...
       Hourly shape: historical=(720, 28), weather=(720, 32)

[STEP 1/4] Computing PVLib physics baseline (2880 steps @ 15-min)...
          Weather window: 2880 steps (2024-10-18 00:00:00+00:00 → 2024-11-16 23:45:00+00:00)
          Using pre-computed PVLib baseline (pvlib_ac_kw column)
          PVLib shape: (2880,), range: [0.000, 0.695]

[STEP 2/4] Running long-head TFT (strategic: 720 hours @ 1-hour)...
          Long-head shape: (720,)
          Upsampling long-head to 15-min resolution...
          Long upsampled shape: (2880,)

[STEP 3/4] Rolling short-head refinement (30 days × 96 steps)...
          Day  5/30: α_short=0.65, α_long=0.35, α_ml=0.69
          Day 10/30: α_short=0.50, α_long=0.50, α_ml=0.66
          Day 15/30: α_short=0.35, α_long=0.65, α_ml=0.64
          Day 20/30: α_short=0.35, α_long=0.65, α_ml=0.61
          Day 25/30: α_short=0.35, α_long=0.65, α_ml=0.59
          Day 30/30: α_short=0.35, α_long=0.65, α_ml=0.56
          Final forecast shape: (2880,)
          Final range: [0.000, 0.504]

[STEP 4/4] Validation...
         ✓ Shape correct (2880 steps)
         ✓ Range valid [0.000, 0.504]
         ✓ All night hours zero
         ✓ Daylight mean: 0.165

[SUCCESS] Hierarchical 30-day forecast complete!
          Total TFT calls: 1 long-head + 30 short-head = 31

[INFO] Hierarchical 30-day forecast starting 2024-10-19 00:00:00+00:00
[INFO] Fetching live weather from OpenMeteo API...
                [Auto-selected ECMWF API for 15-day forecast]
[WeatherClient] Fetching 15-day ECMWF forecast
                Location: (48.6946°N, 12.5976°E)
                Period: 2024-10-19 → 2024-11-03
                Tilt/Azimuth: 25.0° / 180.0°
                API: ECMWF
[ERROR] Live weather fetch failed: OpenMeteo API call failed: {'error': True, 'reason': "Parameter 'start_date' is out of allowed range from 2025-10-06 to 2026-01-22"}
[ERROR] Falling back to test weather data if available
       Architecture: Long-head (strategic) + 30× Short-head (tactical) + Physics

[PREP] Preparing data for multi-resolution inference...
       Input frequency detected: 15min
       Resampling to hourly for long-head...
       Hourly shape: historical=(720, 28), weather=(720, 32)

[STEP 1/4] Computing PVLib physics baseline (2880 steps @ 15-min)...
          Weather window: 2880 steps (2024-10-19 00:00:00+00:00 → 2024-11-17 23:45:00+00:00)
          Using pre-computed PVLib baseline (pvlib_ac_kw column)
          PVLib shape: (2880,), range: [0.000, 0.695]

[STEP 2/4] Running long-head TFT (strategic: 720 hours @ 1-hour)...
          Long-head shape: (720,)
          Upsampling long-head to 15-min resolution...
          Long upsampled shape: (2880,)

[STEP 3/4] Rolling short-head refinement (30 days × 96 steps)...
          Day  5/30: α_short=0.65, α_long=0.35, α_ml=0.69
          Day 10/30: α_short=0.50, α_long=0.50, α_ml=0.66
          Day 15/30: α_short=0.35, α_long=0.65, α_ml=0.64
          Day 20/30: α_short=0.35, α_long=0.65, α_ml=0.61
          Day 25/30: α_short=0.35, α_long=0.65, α_ml=0.59
          Day 30/30: α_short=0.35, α_long=0.65, α_ml=0.56
          Final forecast shape: (2880,)
          Final range: [0.000, 0.504]

[STEP 4/4] Validation...
         ✓ Shape correct (2880 steps)
         ✓ Range valid [0.000, 0.504]
         ✓ All night hours zero
         ✓ Daylight mean: 0.162

[SUCCESS] Hierarchical 30-day forecast complete!
          Total TFT calls: 1 long-head + 30 short-head = 31

[INFO] Hierarchical 30-day forecast starting 2024-10-20 00:00:00+00:00
[INFO] Fetching live weather from OpenMeteo API...
                [Auto-selected ECMWF API for 15-day forecast]
[WeatherClient] Fetching 15-day ECMWF forecast
                Location: (48.6946°N, 12.5976°E)
                Period: 2024-10-20 → 2024-11-04
                Tilt/Azimuth: 25.0° / 180.0°
                API: ECMWF
[ERROR] Live weather fetch failed: OpenMeteo API call failed: {'reason': "Parameter 'start_date' is out of allowed range from 2025-10-06 to 2026-01-22", 'error': True}
[ERROR] Falling back to test weather data if available
       Architecture: Long-head (strategic) + 30× Short-head (tactical) + Physics

[PREP] Preparing data for multi-resolution inference...
       Input frequency detected: 15min
       Resampling to hourly for long-head...
       Hourly shape: historical=(720, 28), weather=(720, 32)

[STEP 1/4] Computing PVLib physics baseline (2880 steps @ 15-min)...
          Weather window: 2880 steps (2024-10-20 00:00:00+00:00 → 2024-11-18 23:45:00+00:00)
          Using pre-computed PVLib baseline (pvlib_ac_kw column)
          PVLib shape: (2880,), range: [0.000, 0.695]

[STEP 2/4] Running long-head TFT (strategic: 720 hours @ 1-hour)...
          Long-head shape: (720,)
          Upsampling long-head to 15-min resolution...
          Long upsampled shape: (2880,)

[STEP 3/4] Rolling short-head refinement (30 days × 96 steps)...
          Day  5/30: α_short=0.65, α_long=0.35, α_ml=0.69
          Day 10/30: α_short=0.50, α_long=0.50, α_ml=0.66
          Day 15/30: α_short=0.35, α_long=0.65, α_ml=0.64
          Day 20/30: α_short=0.35, α_long=0.65, α_ml=0.61
          Day 25/30: α_short=0.35, α_long=0.65, α_ml=0.59
          Day 30/30: α_short=0.35, α_long=0.65, α_ml=0.56
          Final forecast shape: (2880,)
          Final range: [0.000, 0.482]

[STEP 4/4] Validation...
         ✓ Shape correct (2880 steps)
         ✓ Range valid [0.000, 0.482]
         ✓ All night hours zero
         ✓ Daylight mean: 0.160

[SUCCESS] Hierarchical 30-day forecast complete!
          Total TFT calls: 1 long-head + 30 short-head = 31

[INFO] Hierarchical 30-day forecast starting 2024-10-21 00:00:00+00:00
[INFO] Fetching live weather from OpenMeteo API...
                [Auto-selected ECMWF API for 15-day forecast]
[WeatherClient] Fetching 15-day ECMWF forecast
                Location: (48.6946°N, 12.5976°E)
                Period: 2024-10-21 → 2024-11-05
                Tilt/Azimuth: 25.0° / 180.0°
                API: ECMWF
/home/dwijenayake/pv_forecast_30d/src/inference/physics_aware_forecaster.py:386: FutureWarning: 'H' is deprecated and will be removed in a future version, please use 'h' instead.
  hourly_hist = historical_df[['timestamp_utc'] + hist_numeric_cols].set_index('timestamp_utc').resample('1H').mean().reset_index()
/home/dwijenayake/pv_forecast_30d/src/inference/physics_aware_forecaster.py:387: FutureWarning: 'H' is deprecated and will be removed in a future version, please use 'h' instead.
  hourly_weather = weather_df[['timestamp_utc'] + weather_numeric_cols].set_index('timestamp_utc').resample('1H').mean().reset_index()
/home/dwijenayake/pv_forecast_30d/src/inference/physics_aware_forecaster.py:386: FutureWarning: 'H' is deprecated and will be removed in a future version, please use 'h' instead.
  hourly_hist = historical_df[['timestamp_utc'] + hist_numeric_cols].set_index('timestamp_utc').resample('1H').mean().reset_index()
/home/dwijenayake/pv_forecast_30d/src/inference/physics_aware_forecaster.py:387: FutureWarning: 'H' is deprecated and will be removed in a future version, please use 'h' instead.
  hourly_weather = weather_df[['timestamp_utc'] + weather_numeric_cols].set_index('timestamp_utc').resample('1H').mean().reset_index()
/home/dwijenayake/pv_forecast_30d/src/inference/physics_aware_forecaster.py:386: FutureWarning: 'H' is deprecated and will be removed in a future version, please use 'h' instead.
  hourly_hist = historical_df[['timestamp_utc'] + hist_numeric_cols].set_index('timestamp_utc').resample('1H').mean().reset_index()
/home/dwijenayake/pv_forecast_30d/src/inference/physics_aware_forecaster.py:387: FutureWarning: 'H' is deprecated and will be removed in a future version, please use 'h' instead.
  hourly_weather = weather_df[['timestamp_utc'] + weather_numeric_cols].set_index('timestamp_utc').resample('1H').mean().reset_index()
/home/dwijenayake/pv_forecast_30d/src/inference/physics_aware_forecaster.py:386: FutureWarning: 'H' is deprecated and will be removed in a future version, please use 'h' instead.
  hourly_hist = historical_df[['timestamp_utc'] + hist_numeric_cols].set_index('timestamp_utc').resample('1H').mean().reset_index()
/home/dwijenayake/pv_forecast_30d/src/inference/physics_aware_forecaster.py:387: FutureWarning: 'H' is deprecated and will be removed in a future version, please use 'h' instead.
  hourly_weather = weather_df[['timestamp_utc'] + weather_numeric_cols].set_index('timestamp_utc').resample('1H').mean().reset_index()
[ERROR] Live weather fetch failed: OpenMeteo API call failed: {'error': True, 'reason': "Parameter 'start_date' is out of allowed range from 2025-10-06 to 2026-01-22"}
[ERROR] Falling back to test weather data if available
       Architecture: Long-head (strategic) + 30× Short-head (tactical) + Physics

[PREP] Preparing data for multi-resolution inference...
       Input frequency detected: 15min
       Resampling to hourly for long-head...
       Hourly shape: historical=(720, 28), weather=(720, 32)

[STEP 1/4] Computing PVLib physics baseline (2880 steps @ 15-min)...
          Weather window: 2880 steps (2024-10-21 00:00:00+00:00 → 2024-11-19 23:45:00+00:00)
          Using pre-computed PVLib baseline (pvlib_ac_kw column)
          PVLib shape: (2880,), range: [0.000, 0.695]

[STEP 2/4] Running long-head TFT (strategic: 720 hours @ 1-hour)...
          Long-head shape: (720,)
          Upsampling long-head to 15-min resolution...
          Long upsampled shape: (2880,)

[STEP 3/4] Rolling short-head refinement (30 days × 96 steps)...
          Day  5/30: α_short=0.65, α_long=0.35, α_ml=0.69
          Day 10/30: α_short=0.50, α_long=0.50, α_ml=0.66
          Day 15/30: α_short=0.35, α_long=0.65, α_ml=0.64
          Day 20/30: α_short=0.35, α_long=0.65, α_ml=0.61
          Day 25/30: α_short=0.35, α_long=0.65, α_ml=0.59
          Day 30/30: α_short=0.35, α_long=0.65, α_ml=0.56
          Final forecast shape: (2880,)
          Final range: [0.000, 0.480]

[STEP 4/4] Validation...
         ✓ Shape correct (2880 steps)
         ✓ Range valid [0.000, 0.480]
         ✓ All night hours zero
         ✓ Daylight mean: 0.151

[SUCCESS] Hierarchical 30-day forecast complete!
          Total TFT calls: 1 long-head + 30 short-head = 31

[INFO] Hierarchical 30-day forecast starting 2024-10-22 00:00:00+00:00
[INFO] Fetching live weather from OpenMeteo API...
                [Auto-selected ECMWF API for 15-day forecast]
[WeatherClient] Fetching 15-day ECMWF forecast
                Location: (48.6946°N, 12.5976°E)
                Period: 2024-10-22 → 2024-11-06
                Tilt/Azimuth: 25.0° / 180.0°
                API: ECMWF
[ERROR] Live weather fetch failed: OpenMeteo API call failed: {'error': True, 'reason': "Parameter 'start_date' is out of allowed range from 2025-10-06 to 2026-01-22"}
[ERROR] Falling back to test weather data if available
       Architecture: Long-head (strategic) + 30× Short-head (tactical) + Physics

[PREP] Preparing data for multi-resolution inference...
       Input frequency detected: 15min
       Resampling to hourly for long-head...
       Hourly shape: historical=(720, 28), weather=(720, 32)

[STEP 1/4] Computing PVLib physics baseline (2880 steps @ 15-min)...
          Weather window: 2880 steps (2024-10-22 00:00:00+00:00 → 2024-11-20 23:45:00+00:00)
          Using pre-computed PVLib baseline (pvlib_ac_kw column)
          PVLib shape: (2880,), range: [0.000, 0.695]

[STEP 2/4] Running long-head TFT (strategic: 720 hours @ 1-hour)...
          Long-head shape: (720,)
          Upsampling long-head to 15-min resolution...
          Long upsampled shape: (2880,)

[STEP 3/4] Rolling short-head refinement (30 days × 96 steps)...
          Day  5/30: α_short=0.65, α_long=0.35, α_ml=0.69
          Day 10/30: α_short=0.50, α_long=0.50, α_ml=0.66
          Day 15/30: α_short=0.35, α_long=0.65, α_ml=0.64
          Day 20/30: α_short=0.35, α_long=0.65, α_ml=0.61
          Day 25/30: α_short=0.35, α_long=0.65, α_ml=0.59
          Day 30/30: α_short=0.35, α_long=0.65, α_ml=0.56
          Final forecast shape: (2880,)
          Final range: [0.000, 0.478]

[STEP 4/4] Validation...
         ✓ Shape correct (2880 steps)
         ✓ Range valid [0.000, 0.478]
         ✓ All night hours zero
         ✓ Daylight mean: 0.149

[SUCCESS] Hierarchical 30-day forecast complete!
          Total TFT calls: 1 long-head + 30 short-head = 31

[INFO] Hierarchical 30-day forecast starting 2024-10-23 00:00:00+00:00
[INFO] Fetching live weather from OpenMeteo API...
                [Auto-selected ECMWF API for 15-day forecast]
[WeatherClient] Fetching 15-day ECMWF forecast
                Location: (48.6946°N, 12.5976°E)
                Period: 2024-10-23 → 2024-11-07
                Tilt/Azimuth: 25.0° / 180.0°
                API: ECMWF
[ERROR] Live weather fetch failed: OpenMeteo API call failed: {'reason': "Parameter 'start_date' is out of allowed range from 2025-10-06 to 2026-01-22", 'error': True}
[ERROR] Falling back to test weather data if available
       Architecture: Long-head (strategic) + 30× Short-head (tactical) + Physics

[PREP] Preparing data for multi-resolution inference...
       Input frequency detected: 15min
       Resampling to hourly for long-head...
       Hourly shape: historical=(720, 28), weather=(720, 32)

[STEP 1/4] Computing PVLib physics baseline (2880 steps @ 15-min)...
          Weather window: 2880 steps (2024-10-23 00:00:00+00:00 → 2024-11-21 23:45:00+00:00)
          Using pre-computed PVLib baseline (pvlib_ac_kw column)
          PVLib shape: (2880,), range: [0.000, 0.695]

[STEP 2/4] Running long-head TFT (strategic: 720 hours @ 1-hour)...
          Long-head shape: (720,)
          Upsampling long-head to 15-min resolution...
          Long upsampled shape: (2880,)

[STEP 3/4] Rolling short-head refinement (30 days × 96 steps)...
          Day  5/30: α_short=0.65, α_long=0.35, α_ml=0.69
          Day 10/30: α_short=0.50, α_long=0.50, α_ml=0.66
          Day 15/30: α_short=0.35, α_long=0.65, α_ml=0.64
          Day 20/30: α_short=0.35, α_long=0.65, α_ml=0.61
          Day 25/30: α_short=0.35, α_long=0.65, α_ml=0.59
          Day 30/30: α_short=0.35, α_long=0.65, α_ml=0.56
          Final forecast shape: (2880,)
          Final range: [0.000, 0.476]

[STEP 4/4] Validation...
         ✓ Shape correct (2880 steps)
         ✓ Range valid [0.000, 0.476]
         ✓ All night hours zero
         ✓ Daylight mean: 0.148

[SUCCESS] Hierarchical 30-day forecast complete!
          Total TFT calls: 1 long-head + 30 short-head = 31

[INFO] Hierarchical 30-day forecast starting 2024-10-24 00:00:00+00:00
[INFO] Fetching live weather from OpenMeteo API...
                [Auto-selected ECMWF API for 15-day forecast]
[WeatherClient] Fetching 15-day ECMWF forecast
                Location: (48.6946°N, 12.5976°E)
                Period: 2024-10-24 → 2024-11-08
                Tilt/Azimuth: 25.0° / 180.0°
                API: ECMWF
[ERROR] Live weather fetch failed: OpenMeteo API call failed: {'error': True, 'reason': "Parameter 'start_date' is out of allowed range from 2025-10-06 to 2026-01-22"}
[ERROR] Falling back to test weather data if available
       Architecture: Long-head (strategic) + 30× Short-head (tactical) + Physics

[PREP] Preparing data for multi-resolution inference...
       Input frequency detected: 15min
       Resampling to hourly for long-head...
       Hourly shape: historical=(720, 28), weather=(720, 32)

[STEP 1/4] Computing PVLib physics baseline (2880 steps @ 15-min)...
          Weather window: 2880 steps (2024-10-24 00:00:00+00:00 → 2024-11-22 23:45:00+00:00)
          Using pre-computed PVLib baseline (pvlib_ac_kw column)
          PVLib shape: (2880,), range: [0.000, 0.695]

[STEP 2/4] Running long-head TFT (strategic: 720 hours @ 1-hour)...
          Long-head shape: (720,)
          Upsampling long-head to 15-min resolution...
          Long upsampled shape: (2880,)

[STEP 3/4] Rolling short-head refinement (30 days × 96 steps)...
          Day  5/30: α_short=0.65, α_long=0.35, α_ml=0.69
          Day 10/30: α_short=0.50, α_long=0.50, α_ml=0.66
          Day 15/30: α_short=0.35, α_long=0.65, α_ml=0.64
          Day 20/30: α_short=0.35, α_long=0.65, α_ml=0.61
          Day 25/30: α_short=0.35, α_long=0.65, α_ml=0.59
          Day 30/30: α_short=0.35, α_long=0.65, α_ml=0.56
          Final forecast shape: (2880,)
          Final range: [0.000, 0.473]

[STEP 4/4] Validation...
         ✓ Shape correct (2880 steps)
         ✓ Range valid [0.000, 0.473]
/home/dwijenayake/pv_forecast_30d/src/inference/physics_aware_forecaster.py:386: FutureWarning: 'H' is deprecated and will be removed in a future version, please use 'h' instead.
  hourly_hist = historical_df[['timestamp_utc'] + hist_numeric_cols].set_index('timestamp_utc').resample('1H').mean().reset_index()
/home/dwijenayake/pv_forecast_30d/src/inference/physics_aware_forecaster.py:387: FutureWarning: 'H' is deprecated and will be removed in a future version, please use 'h' instead.
  hourly_weather = weather_df[['timestamp_utc'] + weather_numeric_cols].set_index('timestamp_utc').resample('1H').mean().reset_index()
/home/dwijenayake/pv_forecast_30d/src/inference/physics_aware_forecaster.py:386: FutureWarning: 'H' is deprecated and will be removed in a future version, please use 'h' instead.
  hourly_hist = historical_df[['timestamp_utc'] + hist_numeric_cols].set_index('timestamp_utc').resample('1H').mean().reset_index()
/home/dwijenayake/pv_forecast_30d/src/inference/physics_aware_forecaster.py:387: FutureWarning: 'H' is deprecated and will be removed in a future version, please use 'h' instead.
  hourly_weather = weather_df[['timestamp_utc'] + weather_numeric_cols].set_index('timestamp_utc').resample('1H').mean().reset_index()
/home/dwijenayake/pv_forecast_30d/src/inference/physics_aware_forecaster.py:386: FutureWarning: 'H' is deprecated and will be removed in a future version, please use 'h' instead.
  hourly_hist = historical_df[['timestamp_utc'] + hist_numeric_cols].set_index('timestamp_utc').resample('1H').mean().reset_index()
/home/dwijenayake/pv_forecast_30d/src/inference/physics_aware_forecaster.py:387: FutureWarning: 'H' is deprecated and will be removed in a future version, please use 'h' instead.
  hourly_weather = weather_df[['timestamp_utc'] + weather_numeric_cols].set_index('timestamp_utc').resample('1H').mean().reset_index()
/home/dwijenayake/pv_forecast_30d/src/inference/physics_aware_forecaster.py:386: FutureWarning: 'H' is deprecated and will be removed in a future version, please use 'h' instead.
  hourly_hist = historical_df[['timestamp_utc'] + hist_numeric_cols].set_index('timestamp_utc').resample('1H').mean().reset_index()
/home/dwijenayake/pv_forecast_30d/src/inference/physics_aware_forecaster.py:387: FutureWarning: 'H' is deprecated and will be removed in a future version, please use 'h' instead.
  hourly_weather = weather_df[['timestamp_utc'] + weather_numeric_cols].set_index('timestamp_utc').resample('1H').mean().reset_index()
         ✓ All night hours zero
         ✓ Daylight mean: 0.149

[SUCCESS] Hierarchical 30-day forecast complete!
          Total TFT calls: 1 long-head + 30 short-head = 31

[INFO] Hierarchical 30-day forecast starting 2024-10-25 00:00:00+00:00
[INFO] Fetching live weather from OpenMeteo API...
                [Auto-selected ECMWF API for 15-day forecast]
[WeatherClient] Fetching 15-day ECMWF forecast
                Location: (48.6946°N, 12.5976°E)
                Period: 2024-10-25 → 2024-11-09
                Tilt/Azimuth: 25.0° / 180.0°
                API: ECMWF
[ERROR] Live weather fetch failed: OpenMeteo API call failed: {'error': True, 'reason': "Parameter 'start_date' is out of allowed range from 2025-10-06 to 2026-01-22"}
[ERROR] Falling back to test weather data if available
       Architecture: Long-head (strategic) + 30× Short-head (tactical) + Physics

[PREP] Preparing data for multi-resolution inference...
       Input frequency detected: 15min
       Resampling to hourly for long-head...
       Hourly shape: historical=(720, 28), weather=(720, 32)

[STEP 1/4] Computing PVLib physics baseline (2880 steps @ 15-min)...
          Weather window: 2880 steps (2024-10-25 00:00:00+00:00 → 2024-11-23 23:45:00+00:00)
          Using pre-computed PVLib baseline (pvlib_ac_kw column)
          PVLib shape: (2880,), range: [0.000, 0.695]

[STEP 2/4] Running long-head TFT (strategic: 720 hours @ 1-hour)...
          Long-head shape: (720,)
          Upsampling long-head to 15-min resolution...
          Long upsampled shape: (2880,)

[STEP 3/4] Rolling short-head refinement (30 days × 96 steps)...
          Day  5/30: α_short=0.65, α_long=0.35, α_ml=0.69
          Day 10/30: α_short=0.50, α_long=0.50, α_ml=0.66
          Day 15/30: α_short=0.35, α_long=0.65, α_ml=0.64
          Day 20/30: α_short=0.35, α_long=0.65, α_ml=0.61
          Day 25/30: α_short=0.35, α_long=0.65, α_ml=0.59
          Day 30/30: α_short=0.35, α_long=0.65, α_ml=0.56
          Final forecast shape: (2880,)
          Final range: [0.000, 0.471]

[STEP 4/4] Validation...
         ✓ Shape correct (2880 steps)
         ✓ Range valid [0.000, 0.471]
         ✓ All night hours zero
         ✓ Daylight mean: 0.149

[SUCCESS] Hierarchical 30-day forecast complete!
          Total TFT calls: 1 long-head + 30 short-head = 31

[INFO] Hierarchical 30-day forecast starting 2024-10-26 00:00:00+00:00
[INFO] Fetching live weather from OpenMeteo API...
                [Auto-selected ECMWF API for 15-day forecast]
[WeatherClient] Fetching 15-day ECMWF forecast
                Location: (48.6946°N, 12.5976°E)
                Period: 2024-10-26 → 2024-11-10
                Tilt/Azimuth: 25.0° / 180.0°
                API: ECMWF
[ERROR] Live weather fetch failed: OpenMeteo API call failed: {'error': True, 'reason': "Parameter 'start_date' is out of allowed range from 2025-10-06 to 2026-01-22"}
[ERROR] Falling back to test weather data if available
       Architecture: Long-head (strategic) + 30× Short-head (tactical) + Physics

[PREP] Preparing data for multi-resolution inference...
       Input frequency detected: 15min
       Resampling to hourly for long-head...
       Hourly shape: historical=(720, 28), weather=(720, 32)

[STEP 1/4] Computing PVLib physics baseline (2880 steps @ 15-min)...
          Weather window: 2880 steps (2024-10-26 00:00:00+00:00 → 2024-11-24 23:45:00+00:00)
          Using pre-computed PVLib baseline (pvlib_ac_kw column)
          PVLib shape: (2880,), range: [0.000, 0.695]

[STEP 2/4] Running long-head TFT (strategic: 720 hours @ 1-hour)...
          Long-head shape: (720,)
          Upsampling long-head to 15-min resolution...
          Long upsampled shape: (2880,)

[STEP 3/4] Rolling short-head refinement (30 days × 96 steps)...
          Day  5/30: α_short=0.65, α_long=0.35, α_ml=0.69
          Day 10/30: α_short=0.50, α_long=0.50, α_ml=0.66
          Day 15/30: α_short=0.35, α_long=0.65, α_ml=0.64
          Day 20/30: α_short=0.35, α_long=0.65, α_ml=0.61
          Day 25/30: α_short=0.35, α_long=0.65, α_ml=0.59
          Day 30/30: α_short=0.35, α_long=0.65, α_ml=0.56
          Final forecast shape: (2880,)
          Final range: [0.000, 0.469]

[STEP 4/4] Validation...
         ✓ Shape correct (2880 steps)
         ✓ Range valid [0.000, 0.469]
         ✓ All night hours zero
         ✓ Daylight mean: 0.146

[SUCCESS] Hierarchical 30-day forecast complete!
          Total TFT calls: 1 long-head + 30 short-head = 31

[INFO] Hierarchical 30-day forecast starting 2024-10-27 00:00:00+00:00
[INFO] Fetching live weather from OpenMeteo API...
                [Auto-selected ECMWF API for 15-day forecast]
[WeatherClient] Fetching 15-day ECMWF forecast
                Location: (48.6946°N, 12.5976°E)
                Period: 2024-10-27 → 2024-11-11
                Tilt/Azimuth: 25.0° / 180.0°
                API: ECMWF
[ERROR] Live weather fetch failed: OpenMeteo API call failed: {'error': True, 'reason': "Parameter 'start_date' is out of allowed range from 2025-10-06 to 2026-01-22"}
[ERROR] Falling back to test weather data if available
       Architecture: Long-head (strategic) + 30× Short-head (tactical) + Physics

[PREP] Preparing data for multi-resolution inference...
       Input frequency detected: 15min
       Resampling to hourly for long-head...
       Hourly shape: historical=(720, 28), weather=(720, 32)

[STEP 1/4] Computing PVLib physics baseline (2880 steps @ 15-min)...
          Weather window: 2880 steps (2024-10-27 00:00:00+00:00 → 2024-11-25 23:45:00+00:00)
          Using pre-computed PVLib baseline (pvlib_ac_kw column)
          PVLib shape: (2880,), range: [0.000, 0.695]

[STEP 2/4] Running long-head TFT (strategic: 720 hours @ 1-hour)...
          Long-head shape: (720,)
          Upsampling long-head to 15-min resolution...
          Long upsampled shape: (2880,)

[STEP 3/4] Rolling short-head refinement (30 days × 96 steps)...
          Day  5/30: α_short=0.65, α_long=0.35, α_ml=0.69
          Day 10/30: α_short=0.50, α_long=0.50, α_ml=0.66
          Day 15/30: α_short=0.35, α_long=0.65, α_ml=0.64
          Day 20/30: α_short=0.35, α_long=0.65, α_ml=0.61
          Day 25/30: α_short=0.35, α_long=0.65, α_ml=0.59
          Day 30/30: α_short=0.35, α_long=0.65, α_ml=0.56
          Final forecast shape: (2880,)
          Final range: [0.000, 0.469]

[STEP 4/4] Validation...
         ✓ Shape correct (2880 steps)
         ✓ Range valid [0.000, 0.469]
         ✓ All night hours zero
         ✓ Daylight mean: 0.145

[SUCCESS] Hierarchical 30-day forecast complete!
          Total TFT calls: 1 long-head + 30 short-head = 31

[INFO] Hierarchical 30-day forecast starting 2024-10-28 00:00:00+00:00
[INFO] Fetching live weather from OpenMeteo API...
                [Auto-selected ECMWF API for 15-day forecast]
[WeatherClient] Fetching 15-day ECMWF forecast
                Location: (48.6946°N, 12.5976°E)
                Period: 2024-10-28 → 2024-11-12
                Tilt/Azimuth: 25.0° / 180.0°
                API: ECMWF
[ERROR] Live weather fetch failed: OpenMeteo API call failed: {'error': True, 'reason': "Parameter 'start_date' is out of allowed range from 2025-10-06 to 2026-01-22"}
[ERROR] Falling back to test weather data if available
       Architecture: Long-head (strategic) + 30× Short-head (tactical) + Physics

[PREP] Preparing data for multi-resolution inference...
       Input frequency detected: 15min
       Resampling to hourly for long-head...
       Hourly shape: historical=(720, 28), weather=(720, 32)

[STEP 1/4] Computing PVLib physics baseline (2880 steps @ 15-min)...
          Weather window: 2880 steps (2024-10-28 00:00:00+00:00 → 2024-11-26 23:45:00+00:00)
          Using pre-computed PVLib baseline (pvlib_ac_kw column)
          PVLib shape: (2880,), range: [0.000, 0.695]

[STEP 2/4] Running long-head TFT (strategic: 720 hours @ 1-hour)...
          Long-head shape: (720,)
          Upsampling long-head to 15-min resolution...
          Long upsampled shape: (2880,)
/home/dwijenayake/pv_forecast_30d/src/inference/physics_aware_forecaster.py:386: FutureWarning: 'H' is deprecated and will be removed in a future version, please use 'h' instead.
  hourly_hist = historical_df[['timestamp_utc'] + hist_numeric_cols].set_index('timestamp_utc').resample('1H').mean().reset_index()
/home/dwijenayake/pv_forecast_30d/src/inference/physics_aware_forecaster.py:387: FutureWarning: 'H' is deprecated and will be removed in a future version, please use 'h' instead.
  hourly_weather = weather_df[['timestamp_utc'] + weather_numeric_cols].set_index('timestamp_utc').resample('1H').mean().reset_index()
/home/dwijenayake/pv_forecast_30d/src/inference/physics_aware_forecaster.py:386: FutureWarning: 'H' is deprecated and will be removed in a future version, please use 'h' instead.
  hourly_hist = historical_df[['timestamp_utc'] + hist_numeric_cols].set_index('timestamp_utc').resample('1H').mean().reset_index()
/home/dwijenayake/pv_forecast_30d/src/inference/physics_aware_forecaster.py:387: FutureWarning: 'H' is deprecated and will be removed in a future version, please use 'h' instead.
  hourly_weather = weather_df[['timestamp_utc'] + weather_numeric_cols].set_index('timestamp_utc').resample('1H').mean().reset_index()
/home/dwijenayake/pv_forecast_30d/src/inference/physics_aware_forecaster.py:386: FutureWarning: 'H' is deprecated and will be removed in a future version, please use 'h' instead.
  hourly_hist = historical_df[['timestamp_utc'] + hist_numeric_cols].set_index('timestamp_utc').resample('1H').mean().reset_index()
/home/dwijenayake/pv_forecast_30d/src/inference/physics_aware_forecaster.py:387: FutureWarning: 'H' is deprecated and will be removed in a future version, please use 'h' instead.
  hourly_weather = weather_df[['timestamp_utc'] + weather_numeric_cols].set_index('timestamp_utc').resample('1H').mean().reset_index()

[STEP 3/4] Rolling short-head refinement (30 days × 96 steps)...
          Day  5/30: α_short=0.65, α_long=0.35, α_ml=0.69
          Day 10/30: α_short=0.50, α_long=0.50, α_ml=0.66
          Day 15/30: α_short=0.35, α_long=0.65, α_ml=0.64
          Day 20/30: α_short=0.35, α_long=0.65, α_ml=0.61
          Day 25/30: α_short=0.35, α_long=0.65, α_ml=0.59
          Day 30/30: α_short=0.35, α_long=0.65, α_ml=0.56
          Final forecast shape: (2880,)
          Final range: [0.000, 0.509]

[STEP 4/4] Validation...
         ✓ Shape correct (2880 steps)
         ✓ Range valid [0.000, 0.509]
         ✓ All night hours zero
         ✓ Daylight mean: 0.141

[SUCCESS] Hierarchical 30-day forecast complete!
          Total TFT calls: 1 long-head + 30 short-head = 31

[INFO] Hierarchical 30-day forecast starting 2024-10-29 00:00:00+00:00
[INFO] Fetching live weather from OpenMeteo API...
                [Auto-selected ECMWF API for 15-day forecast]
[WeatherClient] Fetching 15-day ECMWF forecast
                Location: (48.6946°N, 12.5976°E)
                Period: 2024-10-29 → 2024-11-13
                Tilt/Azimuth: 25.0° / 180.0°
                API: ECMWF
[ERROR] Live weather fetch failed: OpenMeteo API call failed: {'error': True, 'reason': "Parameter 'start_date' is out of allowed range from 2025-10-06 to 2026-01-22"}
[ERROR] Falling back to test weather data if available
       Architecture: Long-head (strategic) + 30× Short-head (tactical) + Physics

[PREP] Preparing data for multi-resolution inference...
       Input frequency detected: 15min
       Resampling to hourly for long-head...
       Hourly shape: historical=(720, 28), weather=(720, 32)

[STEP 1/4] Computing PVLib physics baseline (2880 steps @ 15-min)...
          Weather window: 2880 steps (2024-10-29 00:00:00+00:00 → 2024-11-27 23:45:00+00:00)
          Using pre-computed PVLib baseline (pvlib_ac_kw column)
          PVLib shape: (2880,), range: [0.000, 0.695]

[STEP 2/4] Running long-head TFT (strategic: 720 hours @ 1-hour)...
          Long-head shape: (720,)
          Upsampling long-head to 15-min resolution...
          Long upsampled shape: (2880,)

[STEP 3/4] Rolling short-head refinement (30 days × 96 steps)...
          Day  5/30: α_short=0.65, α_long=0.35, α_ml=0.69
          Day 10/30: α_short=0.50, α_long=0.50, α_ml=0.66
          Day 15/30: α_short=0.35, α_long=0.65, α_ml=0.64
          Day 20/30: α_short=0.35, α_long=0.65, α_ml=0.61
          Day 25/30: α_short=0.35, α_long=0.65, α_ml=0.59
          Day 30/30: α_short=0.35, α_long=0.65, α_ml=0.56
          Final forecast shape: (2880,)
          Final range: [0.000, 0.506]

[STEP 4/4] Validation...
         ✓ Shape correct (2880 steps)
         ✓ Range valid [0.000, 0.506]
         ✓ All night hours zero
         ✓ Daylight mean: 0.137

[SUCCESS] Hierarchical 30-day forecast complete!
          Total TFT calls: 1 long-head + 30 short-head = 31

[INFO] Hierarchical 30-day forecast starting 2024-10-30 00:00:00+00:00
[INFO] Fetching live weather from OpenMeteo API...
                [Auto-selected ECMWF API for 15-day forecast]
[WeatherClient] Fetching 15-day ECMWF forecast
                Location: (48.6946°N, 12.5976°E)
                Period: 2024-10-30 → 2024-11-14
                Tilt/Azimuth: 25.0° / 180.0°
                API: ECMWF
[ERROR] Live weather fetch failed: OpenMeteo API call failed: {'reason': "Parameter 'start_date' is out of allowed range from 2025-10-06 to 2026-01-22", 'error': True}
[ERROR] Falling back to test weather data if available
       Architecture: Long-head (strategic) + 30× Short-head (tactical) + Physics

[PREP] Preparing data for multi-resolution inference...
       Input frequency detected: 15min
       Resampling to hourly for long-head...
       Hourly shape: historical=(720, 28), weather=(720, 32)

[STEP 1/4] Computing PVLib physics baseline (2880 steps @ 15-min)...
          Weather window: 2880 steps (2024-10-30 00:00:00+00:00 → 2024-11-28 23:45:00+00:00)
          Using pre-computed PVLib baseline (pvlib_ac_kw column)
          PVLib shape: (2880,), range: [0.000, 0.695]

[STEP 2/4] Running long-head TFT (strategic: 720 hours @ 1-hour)...
          Long-head shape: (720,)
          Upsampling long-head to 15-min resolution...
          Long upsampled shape: (2880,)

[STEP 3/4] Rolling short-head refinement (30 days × 96 steps)...
          Day  5/30: α_short=0.65, α_long=0.35, α_ml=0.69
          Day 10/30: α_short=0.50, α_long=0.50, α_ml=0.66
          Day 15/30: α_short=0.35, α_long=0.65, α_ml=0.64
          Day 20/30: α_short=0.35, α_long=0.65, α_ml=0.61
          Day 25/30: α_short=0.35, α_long=0.65, α_ml=0.59
          Day 30/30: α_short=0.35, α_long=0.65, α_ml=0.56
          Final forecast shape: (2880,)
          Final range: [0.000, 0.504]

[STEP 4/4] Validation...
         ✓ Shape correct (2880 steps)
         ✓ Range valid [0.000, 0.504]
         ✓ All night hours zero
         ✓ Daylight mean: 0.136

[SUCCESS] Hierarchical 30-day forecast complete!
          Total TFT calls: 1 long-head + 30 short-head = 31

[INFO] Hierarchical 30-day forecast starting 2024-10-31 00:00:00+00:00
[INFO] Fetching live weather from OpenMeteo API...
                [Auto-selected ECMWF API for 15-day forecast]
[WeatherClient] Fetching 15-day ECMWF forecast
                Location: (48.6946°N, 12.5976°E)
                Period: 2024-10-31 → 2024-11-15
                Tilt/Azimuth: 25.0° / 180.0°
                API: ECMWF
[ERROR] Live weather fetch failed: OpenMeteo API call failed: {'error': True, 'reason': "Parameter 'start_date' is out of allowed range from 2025-10-06 to 2026-01-22"}
[ERROR] Falling back to test weather data if available
       Architecture: Long-head (strategic) + 30× Short-head (tactical) + Physics

[PREP] Preparing data for multi-resolution inference...
       Input frequency detected: 15min
       Resampling to hourly for long-head...
       Hourly shape: historical=(720, 28), weather=(720, 32)

[STEP 1/4] Computing PVLib physics baseline (2880 steps @ 15-min)...
          Weather window: 2880 steps (2024-10-31 00:00:00+00:00 → 2024-11-29 23:45:00+00:00)
          Using pre-computed PVLib baseline (pvlib_ac_kw column)
          PVLib shape: (2880,), range: [0.000, 0.695]

[STEP 2/4] Running long-head TFT (strategic: 720 hours @ 1-hour)...
          Long-head shape: (720,)
          Upsampling long-head to 15-min resolution...
          Long upsampled shape: (2880,)

[STEP 3/4] Rolling short-head refinement (30 days × 96 steps)...
          Day  5/30: α_short=0.65, α_long=0.35, α_ml=0.69
          Day 10/30: α_short=0.50, α_long=0.50, α_ml=0.66
          Day 15/30: α_short=0.35, α_long=0.65, α_ml=0.64
          Day 20/30: α_short=0.35, α_long=0.65, α_ml=0.61
          Day 25/30: α_short=0.35, α_long=0.65, α_ml=0.59
          Day 30/30: α_short=0.35, α_long=0.65, α_ml=0.56
          Final forecast shape: (2880,)
          Final range: [0.000, 0.502]

[STEP 4/4] Validation...
         ✓ Shape correct (2880 steps)
         ✓ Range valid [0.000, 0.502]
         ✓ All night hours zero
         ✓ Daylight mean: 0.136

[SUCCESS] Hierarchical 30-day forecast complete!
          Total TFT calls: 1 long-head + 30 short-head = 31

[INFO] Hierarchical 30-day forecast starting 2024-11-01 00:00:00+00:00
[INFO] Fetching live weather from OpenMeteo API...
                [Auto-selected ECMWF API for 15-day forecast]
[WeatherClient] Fetching 15-day ECMWF forecast
                Location: (48.6946°N, 12.5976°E)
                Period: 2024-11-01 → 2024-11-16
                Tilt/Azimuth: 25.0° / 180.0°
                API: ECMWF
[ERROR] Live weather fetch failed: OpenMeteo API call failed: {'reason': "Parameter 'start_date' is out of allowed range from 2025-10-06 to 2026-01-22", 'error': True}
[ERROR] Falling back to test weather data if available
       Architecture: Long-head (strategic) + 30× Short-head (tactical) + Physics

[PREP] Preparing data for multi-resolution inference...
       Input frequency detected: 15min
/home/dwijenayake/pv_forecast_30d/src/inference/physics_aware_forecaster.py:386: FutureWarning: 'H' is deprecated and will be removed in a future version, please use 'h' instead.
  hourly_hist = historical_df[['timestamp_utc'] + hist_numeric_cols].set_index('timestamp_utc').resample('1H').mean().reset_index()
/home/dwijenayake/pv_forecast_30d/src/inference/physics_aware_forecaster.py:387: FutureWarning: 'H' is deprecated and will be removed in a future version, please use 'h' instead.
  hourly_weather = weather_df[['timestamp_utc'] + weather_numeric_cols].set_index('timestamp_utc').resample('1H').mean().reset_index()
/home/dwijenayake/pv_forecast_30d/src/inference/physics_aware_forecaster.py:386: FutureWarning: 'H' is deprecated and will be removed in a future version, please use 'h' instead.
  hourly_hist = historical_df[['timestamp_utc'] + hist_numeric_cols].set_index('timestamp_utc').resample('1H').mean().reset_index()
/home/dwijenayake/pv_forecast_30d/src/inference/physics_aware_forecaster.py:387: FutureWarning: 'H' is deprecated and will be removed in a future version, please use 'h' instead.
  hourly_weather = weather_df[['timestamp_utc'] + weather_numeric_cols].set_index('timestamp_utc').resample('1H').mean().reset_index()
/home/dwijenayake/pv_forecast_30d/src/inference/physics_aware_forecaster.py:386: FutureWarning: 'H' is deprecated and will be removed in a future version, please use 'h' instead.
  hourly_hist = historical_df[['timestamp_utc'] + hist_numeric_cols].set_index('timestamp_utc').resample('1H').mean().reset_index()
/home/dwijenayake/pv_forecast_30d/src/inference/physics_aware_forecaster.py:387: FutureWarning: 'H' is deprecated and will be removed in a future version, please use 'h' instead.
  hourly_weather = weather_df[['timestamp_utc'] + weather_numeric_cols].set_index('timestamp_utc').resample('1H').mean().reset_index()
/home/dwijenayake/pv_forecast_30d/src/inference/physics_aware_forecaster.py:386: FutureWarning: 'H' is deprecated and will be removed in a future version, please use 'h' instead.
  hourly_hist = historical_df[['timestamp_utc'] + hist_numeric_cols].set_index('timestamp_utc').resample('1H').mean().reset_index()
/home/dwijenayake/pv_forecast_30d/src/inference/physics_aware_forecaster.py:387: FutureWarning: 'H' is deprecated and will be removed in a future version, please use 'h' instead.
  hourly_weather = weather_df[['timestamp_utc'] + weather_numeric_cols].set_index('timestamp_utc').resample('1H').mean().reset_index()
       Resampling to hourly for long-head...
       Hourly shape: historical=(720, 28), weather=(720, 32)

[STEP 1/4] Computing PVLib physics baseline (2880 steps @ 15-min)...
          Weather window: 2880 steps (2024-11-01 00:00:00+00:00 → 2024-11-30 23:45:00+00:00)
          Using pre-computed PVLib baseline (pvlib_ac_kw column)
          PVLib shape: (2880,), range: [0.000, 0.695]

[STEP 2/4] Running long-head TFT (strategic: 720 hours @ 1-hour)...
          Long-head shape: (720,)
          Upsampling long-head to 15-min resolution...
          Long upsampled shape: (2880,)

[STEP 3/4] Rolling short-head refinement (30 days × 96 steps)...
          Day  5/30: α_short=0.65, α_long=0.35, α_ml=0.69
          Day 10/30: α_short=0.50, α_long=0.50, α_ml=0.66
          Day 15/30: α_short=0.35, α_long=0.65, α_ml=0.64
          Day 20/30: α_short=0.35, α_long=0.65, α_ml=0.61
          Day 25/30: α_short=0.35, α_long=0.65, α_ml=0.59
          Day 30/30: α_short=0.35, α_long=0.65, α_ml=0.56
          Final forecast shape: (2880,)
          Final range: [0.000, 0.499]

[STEP 4/4] Validation...
         ✓ Shape correct (2880 steps)
         ✓ Range valid [0.000, 0.499]
         ✓ All night hours zero
         ✓ Daylight mean: 0.142

[SUCCESS] Hierarchical 30-day forecast complete!
          Total TFT calls: 1 long-head + 30 short-head = 31

[INFO] Hierarchical 30-day forecast starting 2024-11-02 00:00:00+00:00
[INFO] Fetching live weather from OpenMeteo API...
                [Auto-selected ECMWF API for 15-day forecast]
[WeatherClient] Fetching 15-day ECMWF forecast
                Location: (48.6946°N, 12.5976°E)
                Period: 2024-11-02 → 2024-11-17
                Tilt/Azimuth: 25.0° / 180.0°
                API: ECMWF
[ERROR] Live weather fetch failed: OpenMeteo API call failed: {'reason': "Parameter 'start_date' is out of allowed range from 2025-10-06 to 2026-01-22", 'error': True}
[ERROR] Falling back to test weather data if available
       Architecture: Long-head (strategic) + 30× Short-head (tactical) + Physics

[PREP] Preparing data for multi-resolution inference...
       Input frequency detected: 15min
       Resampling to hourly for long-head...
       Hourly shape: historical=(720, 28), weather=(720, 32)

[STEP 1/4] Computing PVLib physics baseline (2880 steps @ 15-min)...
          Weather window: 2880 steps (2024-11-02 00:00:00+00:00 → 2024-12-01 23:45:00+00:00)
          Using pre-computed PVLib baseline (pvlib_ac_kw column)
          PVLib shape: (2880,), range: [0.000, 0.695]

[STEP 2/4] Running long-head TFT (strategic: 720 hours @ 1-hour)...
          Long-head shape: (720,)
          Upsampling long-head to 15-min resolution...
          Long upsampled shape: (2880,)

[STEP 3/4] Rolling short-head refinement (30 days × 96 steps)...
          Day  5/30: α_short=0.65, α_long=0.35, α_ml=0.69
          Day 10/30: α_short=0.50, α_long=0.50, α_ml=0.66
          Day 15/30: α_short=0.35, α_long=0.65, α_ml=0.64
          Day 20/30: α_short=0.35, α_long=0.65, α_ml=0.61
          Day 25/30: α_short=0.35, α_long=0.65, α_ml=0.59
          Day 30/30: α_short=0.35, α_long=0.65, α_ml=0.56
          Final forecast shape: (2880,)
          Final range: [0.000, 0.497]

[STEP 4/4] Validation...
         ✓ Shape correct (2880 steps)
         ✓ Range valid [0.000, 0.497]
         ✓ All night hours zero
         ✓ Daylight mean: 0.145

[SUCCESS] Hierarchical 30-day forecast complete!
          Total TFT calls: 1 long-head + 30 short-head = 31

[INFO] Hierarchical 30-day forecast starting 2024-11-03 00:00:00+00:00
[INFO] Fetching live weather from OpenMeteo API...
                [Auto-selected ECMWF API for 15-day forecast]
[WeatherClient] Fetching 15-day ECMWF forecast
                Location: (48.6946°N, 12.5976°E)
                Period: 2024-11-03 → 2024-11-18
                Tilt/Azimuth: 25.0° / 180.0°
                API: ECMWF
[ERROR] Live weather fetch failed: OpenMeteo API call failed: {'error': True, 'reason': "Parameter 'start_date' is out of allowed range from 2025-10-06 to 2026-01-22"}
[ERROR] Falling back to test weather data if available
       Architecture: Long-head (strategic) + 30× Short-head (tactical) + Physics

[PREP] Preparing data for multi-resolution inference...
       Input frequency detected: 15min
       Resampling to hourly for long-head...
       Hourly shape: historical=(720, 28), weather=(720, 32)

[STEP 1/4] Computing PVLib physics baseline (2880 steps @ 15-min)...
          Weather window: 2880 steps (2024-11-03 00:00:00+00:00 → 2024-12-02 23:45:00+00:00)
          Using pre-computed PVLib baseline (pvlib_ac_kw column)
          PVLib shape: (2880,), range: [0.000, 0.695]

[STEP 2/4] Running long-head TFT (strategic: 720 hours @ 1-hour)...
          Long-head shape: (720,)
          Upsampling long-head to 15-min resolution...
          Long upsampled shape: (2880,)

[STEP 3/4] Rolling short-head refinement (30 days × 96 steps)...
          Day  5/30: α_short=0.65, α_long=0.35, α_ml=0.69
          Day 10/30: α_short=0.50, α_long=0.50, α_ml=0.66
          Day 15/30: α_short=0.35, α_long=0.65, α_ml=0.64
          Day 20/30: α_short=0.35, α_long=0.65, α_ml=0.61
          Day 25/30: α_short=0.35, α_long=0.65, α_ml=0.59
          Day 30/30: α_short=0.35, α_long=0.65, α_ml=0.56
          Final forecast shape: (2880,)
          Final range: [0.000, 0.505]

[STEP 4/4] Validation...
         ✓ Shape correct (2880 steps)
         ✓ Range valid [0.000, 0.505]
         ✓ All night hours zero
         ✓ Daylight mean: 0.147

[SUCCESS] Hierarchical 30-day forecast complete!
          Total TFT calls: 1 long-head + 30 short-head = 31

[INFO] Hierarchical 30-day forecast starting 2024-11-04 00:00:00+00:00
[INFO] Fetching live weather from OpenMeteo API...
                [Auto-selected ECMWF API for 15-day forecast]
[WeatherClient] Fetching 15-day ECMWF forecast
                Location: (48.6946°N, 12.5976°E)
                Period: 2024-11-04 → 2024-11-19
                Tilt/Azimuth: 25.0° / 180.0°
                API: ECMWF
[ERROR] Live weather fetch failed: OpenMeteo API call failed: {'reason': "Parameter 'start_date' is out of allowed range from 2025-10-06 to 2026-01-22", 'error': True}
[ERROR] Falling back to test weather data if available
       Architecture: Long-head (strategic) + 30× Short-head (tactical) + Physics

[PREP] Preparing data for multi-resolution inference...
       Input frequency detected: 15min
       Resampling to hourly for long-head...
       Hourly shape: historical=(720, 28), weather=(720, 32)

[STEP 1/4] Computing PVLib physics baseline (2880 steps @ 15-min)...
          Weather window: 2880 steps (2024-11-04 00:00:00+00:00 → 2024-12-03 23:45:00+00:00)
          Using pre-computed PVLib baseline (pvlib_ac_kw column)
          PVLib shape: (2880,), range: [0.000, 0.631]

[STEP 2/4] Running long-head TFT (strategic: 720 hours @ 1-hour)...
          Long-head shape: (720,)
          Upsampling long-head to 15-min resolution...
          Long upsampled shape: (2880,)

[STEP 3/4] Rolling short-head refinement (30 days × 96 steps)...
          Day  5/30: α_short=0.65, α_long=0.35, α_ml=0.69
          Day 10/30: α_short=0.50, α_long=0.50, α_ml=0.66
          Day 15/30: α_short=0.35, α_long=0.65, α_ml=0.64
          Day 20/30: α_short=0.35, α_long=0.65, α_ml=0.61
          Day 25/30: α_short=0.35, α_long=0.65, α_ml=0.59
          Day 30/30: α_short=0.35, α_long=0.65, α_ml=0.56
          Final forecast shape: (2880,)
          Final range: [0.000, 0.356]

[STEP 4/4] Validation...
         ✓ Shape correct (2880 steps)
         ✓ Range valid [0.000, 0.356]
         ✓ All night hours zero
         ✓ Daylight mean: 0.133

[SUCCESS] Hierarchical 30-day forecast complete!
          Total TFT calls: 1 long-head + 30 short-head = 31

[INFO] Hierarchical 30-day forecast starting 2024-11-05 00:00:00+00:00
[INFO] Fetching live weather from OpenMeteo API...
                [Auto-selected ECMWF API for 15-day forecast]
[WeatherClient] Fetching 15-day ECMWF forecast
/home/dwijenayake/pv_forecast_30d/src/inference/physics_aware_forecaster.py:386: FutureWarning: 'H' is deprecated and will be removed in a future version, please use 'h' instead.
  hourly_hist = historical_df[['timestamp_utc'] + hist_numeric_cols].set_index('timestamp_utc').resample('1H').mean().reset_index()
/home/dwijenayake/pv_forecast_30d/src/inference/physics_aware_forecaster.py:387: FutureWarning: 'H' is deprecated and will be removed in a future version, please use 'h' instead.
  hourly_weather = weather_df[['timestamp_utc'] + weather_numeric_cols].set_index('timestamp_utc').resample('1H').mean().reset_index()
/home/dwijenayake/pv_forecast_30d/src/inference/physics_aware_forecaster.py:386: FutureWarning: 'H' is deprecated and will be removed in a future version, please use 'h' instead.
  hourly_hist = historical_df[['timestamp_utc'] + hist_numeric_cols].set_index('timestamp_utc').resample('1H').mean().reset_index()
/home/dwijenayake/pv_forecast_30d/src/inference/physics_aware_forecaster.py:387: FutureWarning: 'H' is deprecated and will be removed in a future version, please use 'h' instead.
  hourly_weather = weather_df[['timestamp_utc'] + weather_numeric_cols].set_index('timestamp_utc').resample('1H').mean().reset_index()
/home/dwijenayake/pv_forecast_30d/src/inference/physics_aware_forecaster.py:386: FutureWarning: 'H' is deprecated and will be removed in a future version, please use 'h' instead.
  hourly_hist = historical_df[['timestamp_utc'] + hist_numeric_cols].set_index('timestamp_utc').resample('1H').mean().reset_index()
/home/dwijenayake/pv_forecast_30d/src/inference/physics_aware_forecaster.py:387: FutureWarning: 'H' is deprecated and will be removed in a future version, please use 'h' instead.
  hourly_weather = weather_df[['timestamp_utc'] + weather_numeric_cols].set_index('timestamp_utc').resample('1H').mean().reset_index()
/home/dwijenayake/pv_forecast_30d/src/inference/physics_aware_forecaster.py:386: FutureWarning: 'H' is deprecated and will be removed in a future version, please use 'h' instead.
  hourly_hist = historical_df[['timestamp_utc'] + hist_numeric_cols].set_index('timestamp_utc').resample('1H').mean().reset_index()
/home/dwijenayake/pv_forecast_30d/src/inference/physics_aware_forecaster.py:387: FutureWarning: 'H' is deprecated and will be removed in a future version, please use 'h' instead.
  hourly_weather = weather_df[['timestamp_utc'] + weather_numeric_cols].set_index('timestamp_utc').resample('1H').mean().reset_index()
                Location: (48.6946°N, 12.5976°E)
                Period: 2024-11-05 → 2024-11-20
                Tilt/Azimuth: 25.0° / 180.0°
                API: ECMWF
[ERROR] Live weather fetch failed: OpenMeteo API call failed: {'error': True, 'reason': "Parameter 'start_date' is out of allowed range from 2025-10-06 to 2026-01-22"}
[ERROR] Falling back to test weather data if available
       Architecture: Long-head (strategic) + 30× Short-head (tactical) + Physics

[PREP] Preparing data for multi-resolution inference...
       Input frequency detected: 15min
       Resampling to hourly for long-head...
       Hourly shape: historical=(720, 28), weather=(720, 32)

[STEP 1/4] Computing PVLib physics baseline (2880 steps @ 15-min)...
          Weather window: 2880 steps (2024-11-05 00:00:00+00:00 → 2024-12-04 23:45:00+00:00)
          Using pre-computed PVLib baseline (pvlib_ac_kw column)
          PVLib shape: (2880,), range: [0.000, 0.631]

[STEP 2/4] Running long-head TFT (strategic: 720 hours @ 1-hour)...
          Long-head shape: (720,)
          Upsampling long-head to 15-min resolution...
          Long upsampled shape: (2880,)

[STEP 3/4] Rolling short-head refinement (30 days × 96 steps)...
          Day  5/30: α_short=0.65, α_long=0.35, α_ml=0.69
          Day 10/30: α_short=0.50, α_long=0.50, α_ml=0.66
          Day 15/30: α_short=0.35, α_long=0.65, α_ml=0.64
          Day 20/30: α_short=0.35, α_long=0.65, α_ml=0.61
          Day 25/30: α_short=0.35, α_long=0.65, α_ml=0.59
          Day 30/30: α_short=0.35, α_long=0.65, α_ml=0.56
          Final forecast shape: (2880,)
          Final range: [0.000, 0.353]

[STEP 4/4] Validation...
         ✓ Shape correct (2880 steps)
         ✓ Range valid [0.000, 0.353]
         ✓ All night hours zero
         ✓ Daylight mean: 0.129

[SUCCESS] Hierarchical 30-day forecast complete!
          Total TFT calls: 1 long-head + 30 short-head = 31

[INFO] Hierarchical 30-day forecast starting 2024-11-06 00:00:00+00:00
[INFO] Fetching live weather from OpenMeteo API...
                [Auto-selected ECMWF API for 15-day forecast]
[WeatherClient] Fetching 15-day ECMWF forecast
                Location: (48.6946°N, 12.5976°E)
                Period: 2024-11-06 → 2024-11-21
                Tilt/Azimuth: 25.0° / 180.0°
                API: ECMWF
[ERROR] Live weather fetch failed: OpenMeteo API call failed: {'reason': "Parameter 'start_date' is out of allowed range from 2025-10-06 to 2026-01-22", 'error': True}
[ERROR] Falling back to test weather data if available
       Architecture: Long-head (strategic) + 30× Short-head (tactical) + Physics

[PREP] Preparing data for multi-resolution inference...
       Input frequency detected: 15min
       Resampling to hourly for long-head...
       Hourly shape: historical=(720, 28), weather=(720, 32)

[STEP 1/4] Computing PVLib physics baseline (2880 steps @ 15-min)...
          Weather window: 2880 steps (2024-11-06 00:00:00+00:00 → 2024-12-05 23:45:00+00:00)
          Using pre-computed PVLib baseline (pvlib_ac_kw column)
          PVLib shape: (2880,), range: [0.000, 0.631]

[STEP 2/4] Running long-head TFT (strategic: 720 hours @ 1-hour)...
          Long-head shape: (720,)
          Upsampling long-head to 15-min resolution...
          Long upsampled shape: (2880,)

[STEP 3/4] Rolling short-head refinement (30 days × 96 steps)...
          Day  5/30: α_short=0.65, α_long=0.35, α_ml=0.69
          Day 10/30: α_short=0.50, α_long=0.50, α_ml=0.66
          Day 15/30: α_short=0.35, α_long=0.65, α_ml=0.64
          Day 20/30: α_short=0.35, α_long=0.65, α_ml=0.61
          Day 25/30: α_short=0.35, α_long=0.65, α_ml=0.59
          Day 30/30: α_short=0.35, α_long=0.65, α_ml=0.56
          Final forecast shape: (2880,)
          Final range: [0.000, 0.349]

[STEP 4/4] Validation...
         ✓ Shape correct (2880 steps)
         ✓ Range valid [0.000, 0.349]
         ✓ All night hours zero
         ✓ Daylight mean: 0.126

[SUCCESS] Hierarchical 30-day forecast complete!
          Total TFT calls: 1 long-head + 30 short-head = 31

[INFO] Hierarchical 30-day forecast starting 2024-11-07 00:00:00+00:00
[INFO] Fetching live weather from OpenMeteo API...
                [Auto-selected ECMWF API for 15-day forecast]
[WeatherClient] Fetching 15-day ECMWF forecast
                Location: (48.6946°N, 12.5976°E)
                Period: 2024-11-07 → 2024-11-22
                Tilt/Azimuth: 25.0° / 180.0°
                API: ECMWF
[ERROR] Live weather fetch failed: OpenMeteo API call failed: {'error': True, 'reason': "Parameter 'start_date' is out of allowed range from 2025-10-06 to 2026-01-22"}
[ERROR] Falling back to test weather data if available
       Architecture: Long-head (strategic) + 30× Short-head (tactical) + Physics

[PREP] Preparing data for multi-resolution inference...
       Input frequency detected: 15min
       Resampling to hourly for long-head...
       Hourly shape: historical=(720, 28), weather=(720, 32)

[STEP 1/4] Computing PVLib physics baseline (2880 steps @ 15-min)...
          Weather window: 2880 steps (2024-11-07 00:00:00+00:00 → 2024-12-06 23:45:00+00:00)
          Using pre-computed PVLib baseline (pvlib_ac_kw column)
          PVLib shape: (2880,), range: [0.000, 0.631]

[STEP 2/4] Running long-head TFT (strategic: 720 hours @ 1-hour)...
          Long-head shape: (720,)
          Upsampling long-head to 15-min resolution...
          Long upsampled shape: (2880,)

[STEP 3/4] Rolling short-head refinement (30 days × 96 steps)...
          Day  5/30: α_short=0.65, α_long=0.35, α_ml=0.69
          Day 10/30: α_short=0.50, α_long=0.50, α_ml=0.66
          Day 15/30: α_short=0.35, α_long=0.65, α_ml=0.64
          Day 20/30: α_short=0.35, α_long=0.65, α_ml=0.61
          Day 25/30: α_short=0.35, α_long=0.65, α_ml=0.59
          Day 30/30: α_short=0.35, α_long=0.65, α_ml=0.56
          Final forecast shape: (2880,)
          Final range: [0.000, 0.347]

[STEP 4/4] Validation...
         ✓ Shape correct (2880 steps)
         ✓ Range valid [0.000, 0.347]
         ✓ All night hours zero
         ✓ Daylight mean: 0.126

[SUCCESS] Hierarchical 30-day forecast complete!
          Total TFT calls: 1 long-head + 30 short-head = 31

[INFO] Hierarchical 30-day forecast starting 2024-11-08 00:00:00+00:00
[INFO] Fetching live weather from OpenMeteo API...
                [Auto-selected ECMWF API for 15-day forecast]
[WeatherClient] Fetching 15-day ECMWF forecast
                Location: (48.6946°N, 12.5976°E)
                Period: 2024-11-08 → 2024-11-23
                Tilt/Azimuth: 25.0° / 180.0°
                API: ECMWF
[ERROR] Live weather fetch failed: OpenMeteo API call failed: {'reason': "Parameter 'start_date' is out of allowed range from 2025-10-06 to 2026-01-22", 'error': True}
[ERROR] Falling back to test weather data if available
       Architecture: Long-head (strategic) + 30× Short-head (tactical) + Physics

[PREP] Preparing data for multi-resolution inference...
       Input frequency detected: 15min
       Resampling to hourly for long-head...
       Hourly shape: historical=(720, 28), weather=(720, 32)

[STEP 1/4] Computing PVLib physics baseline (2880 steps @ 15-min)...
          Weather window: 2880 steps (2024-11-08 00:00:00+00:00 → 2024-12-07 23:45:00+00:00)
          Using pre-computed PVLib baseline (pvlib_ac_kw column)
          PVLib shape: (2880,), range: [0.000, 0.631]

[STEP 2/4] Running long-head TFT (strategic: 720 hours @ 1-hour)...
          Long-head shape: (720,)
          Upsampling long-head to 15-min resolution...
          Long upsampled shape: (2880,)

[STEP 3/4] Rolling short-head refinement (30 days × 96 steps)...
          Day  5/30: α_short=0.65, α_long=0.35, α_ml=0.69
          Day 10/30: α_short=0.50, α_long=0.50, α_ml=0.66
          Day 15/30: α_short=0.35, α_long=0.65, α_ml=0.64
          Day 20/30: α_short=0.35, α_long=0.65, α_ml=0.61
          Day 25/30: α_short=0.35, α_long=0.65, α_ml=0.59
          Day 30/30: α_short=0.35, α_long=0.65, α_ml=0.56
/home/dwijenayake/pv_forecast_30d/src/inference/physics_aware_forecaster.py:386: FutureWarning: 'H' is deprecated and will be removed in a future version, please use 'h' instead.
  hourly_hist = historical_df[['timestamp_utc'] + hist_numeric_cols].set_index('timestamp_utc').resample('1H').mean().reset_index()
/home/dwijenayake/pv_forecast_30d/src/inference/physics_aware_forecaster.py:387: FutureWarning: 'H' is deprecated and will be removed in a future version, please use 'h' instead.
  hourly_weather = weather_df[['timestamp_utc'] + weather_numeric_cols].set_index('timestamp_utc').resample('1H').mean().reset_index()
/home/dwijenayake/pv_forecast_30d/src/inference/physics_aware_forecaster.py:386: FutureWarning: 'H' is deprecated and will be removed in a future version, please use 'h' instead.
  hourly_hist = historical_df[['timestamp_utc'] + hist_numeric_cols].set_index('timestamp_utc').resample('1H').mean().reset_index()
/home/dwijenayake/pv_forecast_30d/src/inference/physics_aware_forecaster.py:387: FutureWarning: 'H' is deprecated and will be removed in a future version, please use 'h' instead.
  hourly_weather = weather_df[['timestamp_utc'] + weather_numeric_cols].set_index('timestamp_utc').resample('1H').mean().reset_index()
/home/dwijenayake/pv_forecast_30d/src/inference/physics_aware_forecaster.py:386: FutureWarning: 'H' is deprecated and will be removed in a future version, please use 'h' instead.
  hourly_hist = historical_df[['timestamp_utc'] + hist_numeric_cols].set_index('timestamp_utc').resample('1H').mean().reset_index()
/home/dwijenayake/pv_forecast_30d/src/inference/physics_aware_forecaster.py:387: FutureWarning: 'H' is deprecated and will be removed in a future version, please use 'h' instead.
  hourly_weather = weather_df[['timestamp_utc'] + weather_numeric_cols].set_index('timestamp_utc').resample('1H').mean().reset_index()
/home/dwijenayake/pv_forecast_30d/src/inference/physics_aware_forecaster.py:386: FutureWarning: 'H' is deprecated and will be removed in a future version, please use 'h' instead.
  hourly_hist = historical_df[['timestamp_utc'] + hist_numeric_cols].set_index('timestamp_utc').resample('1H').mean().reset_index()
/home/dwijenayake/pv_forecast_30d/src/inference/physics_aware_forecaster.py:387: FutureWarning: 'H' is deprecated and will be removed in a future version, please use 'h' instead.
  hourly_weather = weather_df[['timestamp_utc'] + weather_numeric_cols].set_index('timestamp_utc').resample('1H').mean().reset_index()
          Final forecast shape: (2880,)
          Final range: [0.000, 0.343]

[STEP 4/4] Validation...
         ✓ Shape correct (2880 steps)
         ✓ Range valid [0.000, 0.343]
         ✓ All night hours zero
         ✓ Daylight mean: 0.126

[SUCCESS] Hierarchical 30-day forecast complete!
          Total TFT calls: 1 long-head + 30 short-head = 31

[INFO] Hierarchical 30-day forecast starting 2024-11-09 00:00:00+00:00
[INFO] Fetching live weather from OpenMeteo API...
                [Auto-selected ECMWF API for 15-day forecast]
[WeatherClient] Fetching 15-day ECMWF forecast
                Location: (48.6946°N, 12.5976°E)
                Period: 2024-11-09 → 2024-11-24
                Tilt/Azimuth: 25.0° / 180.0°
                API: ECMWF
[ERROR] Live weather fetch failed: OpenMeteo API call failed: {'reason': "Parameter 'start_date' is out of allowed range from 2025-10-06 to 2026-01-22", 'error': True}
[ERROR] Falling back to test weather data if available
       Architecture: Long-head (strategic) + 30× Short-head (tactical) + Physics

[PREP] Preparing data for multi-resolution inference...
       Input frequency detected: 15min
       Resampling to hourly for long-head...
       Hourly shape: historical=(720, 28), weather=(720, 32)

[STEP 1/4] Computing PVLib physics baseline (2880 steps @ 15-min)...
          Weather window: 2880 steps (2024-11-09 00:00:00+00:00 → 2024-12-08 23:45:00+00:00)
          Using pre-computed PVLib baseline (pvlib_ac_kw column)
          PVLib shape: (2880,), range: [0.000, 0.631]

[STEP 2/4] Running long-head TFT (strategic: 720 hours @ 1-hour)...
          Long-head shape: (720,)
          Upsampling long-head to 15-min resolution...
          Long upsampled shape: (2880,)

[STEP 3/4] Rolling short-head refinement (30 days × 96 steps)...
          Day  5/30: α_short=0.65, α_long=0.35, α_ml=0.69
          Day 10/30: α_short=0.50, α_long=0.50, α_ml=0.66
          Day 15/30: α_short=0.35, α_long=0.65, α_ml=0.64
          Day 20/30: α_short=0.35, α_long=0.65, α_ml=0.61
          Day 25/30: α_short=0.35, α_long=0.65, α_ml=0.59
          Day 30/30: α_short=0.35, α_long=0.65, α_ml=0.56
          Final forecast shape: (2880,)
          Final range: [0.000, 0.340]

[STEP 4/4] Validation...
         ✓ Shape correct (2880 steps)
         ✓ Range valid [0.000, 0.340]
         ✓ All night hours zero
         ✓ Daylight mean: 0.126

[SUCCESS] Hierarchical 30-day forecast complete!
          Total TFT calls: 1 long-head + 30 short-head = 31

[INFO] Hierarchical 30-day forecast starting 2024-11-10 00:00:00+00:00
[INFO] Fetching live weather from OpenMeteo API...
                [Auto-selected ECMWF API for 15-day forecast]
[WeatherClient] Fetching 15-day ECMWF forecast
                Location: (48.6946°N, 12.5976°E)
                Period: 2024-11-10 → 2024-11-25
                Tilt/Azimuth: 25.0° / 180.0°
                API: ECMWF
[ERROR] Live weather fetch failed: OpenMeteo API call failed: {'reason': "Parameter 'start_date' is out of allowed range from 2025-10-06 to 2026-01-22", 'error': True}
[ERROR] Falling back to test weather data if available
       Architecture: Long-head (strategic) + 30× Short-head (tactical) + Physics

[PREP] Preparing data for multi-resolution inference...
       Input frequency detected: 15min
       Resampling to hourly for long-head...
       Hourly shape: historical=(720, 28), weather=(720, 32)

[STEP 1/4] Computing PVLib physics baseline (2880 steps @ 15-min)...
          Weather window: 2880 steps (2024-11-10 00:00:00+00:00 → 2024-12-09 23:45:00+00:00)
          Using pre-computed PVLib baseline (pvlib_ac_kw column)
          PVLib shape: (2880,), range: [0.000, 0.631]

[STEP 2/4] Running long-head TFT (strategic: 720 hours @ 1-hour)...
          Long-head shape: (720,)
          Upsampling long-head to 15-min resolution...
          Long upsampled shape: (2880,)

[STEP 3/4] Rolling short-head refinement (30 days × 96 steps)...
          Day  5/30: α_short=0.65, α_long=0.35, α_ml=0.69
          Day 10/30: α_short=0.50, α_long=0.50, α_ml=0.66
          Day 15/30: α_short=0.35, α_long=0.65, α_ml=0.64
          Day 20/30: α_short=0.35, α_long=0.65, α_ml=0.61
          Day 25/30: α_short=0.35, α_long=0.65, α_ml=0.59
          Day 30/30: α_short=0.35, α_long=0.65, α_ml=0.56
          Final forecast shape: (2880,)
          Final range: [0.000, 0.347]

[STEP 4/4] Validation...
         ✓ Shape correct (2880 steps)
         ✓ Range valid [0.000, 0.347]
         ✓ All night hours zero
         ✓ Daylight mean: 0.125

[SUCCESS] Hierarchical 30-day forecast complete!
          Total TFT calls: 1 long-head + 30 short-head = 31

[INFO] Hierarchical 30-day forecast starting 2024-11-11 00:00:00+00:00
[INFO] Fetching live weather from OpenMeteo API...
                [Auto-selected ECMWF API for 15-day forecast]
[WeatherClient] Fetching 15-day ECMWF forecast
                Location: (48.6946°N, 12.5976°E)
                Period: 2024-11-11 → 2024-11-26
                Tilt/Azimuth: 25.0° / 180.0°
                API: ECMWF
[ERROR] Live weather fetch failed: OpenMeteo API call failed: {'reason': "Parameter 'start_date' is out of allowed range from 2025-10-06 to 2026-01-22", 'error': True}
[ERROR] Falling back to test weather data if available
       Architecture: Long-head (strategic) + 30× Short-head (tactical) + Physics

[PREP] Preparing data for multi-resolution inference...
       Input frequency detected: 15min
       Resampling to hourly for long-head...
       Hourly shape: historical=(720, 28), weather=(720, 32)

[STEP 1/4] Computing PVLib physics baseline (2880 steps @ 15-min)...
          Weather window: 2880 steps (2024-11-11 00:00:00+00:00 → 2024-12-10 23:45:00+00:00)
          Using pre-computed PVLib baseline (pvlib_ac_kw column)
          PVLib shape: (2880,), range: [0.000, 0.631]

[STEP 2/4] Running long-head TFT (strategic: 720 hours @ 1-hour)...
          Long-head shape: (720,)
          Upsampling long-head to 15-min resolution...
          Long upsampled shape: (2880,)

[STEP 3/4] Rolling short-head refinement (30 days × 96 steps)...
          Day  5/30: α_short=0.65, α_long=0.35, α_ml=0.69
          Day 10/30: α_short=0.50, α_long=0.50, α_ml=0.66
          Day 15/30: α_short=0.35, α_long=0.65, α_ml=0.64
          Day 20/30: α_short=0.35, α_long=0.65, α_ml=0.61
          Day 25/30: α_short=0.35, α_long=0.65, α_ml=0.59
          Day 30/30: α_short=0.35, α_long=0.65, α_ml=0.56
          Final forecast shape: (2880,)
          Final range: [0.000, 0.343]

[STEP 4/4] Validation...
         ✓ Shape correct (2880 steps)
         ✓ Range valid [0.000, 0.343]
         ✓ All night hours zero
         ✓ Daylight mean: 0.124

[SUCCESS] Hierarchical 30-day forecast complete!
          Total TFT calls: 1 long-head + 30 short-head = 31

[INFO] Hierarchical 30-day forecast starting 2024-11-12 00:00:00+00:00
[INFO] Fetching live weather from OpenMeteo API...
                [Auto-selected ECMWF API for 15-day forecast]
[WeatherClient] Fetching 15-day ECMWF forecast
                Location: (48.6946°N, 12.5976°E)
                Period: 2024-11-12 → 2024-11-27
                Tilt/Azimuth: 25.0° / 180.0°
                API: ECMWF
[ERROR] Live weather fetch failed: OpenMeteo API call failed: {'error': True, 'reason': "Parameter 'start_date' is out of allowed range from 2025-10-06 to 2026-01-22"}
[ERROR] Falling back to test weather data if available
       Architecture: Long-head (strategic) + 30× Short-head (tactical) + Physics

[PREP] Preparing data for multi-resolution inference...
       Input frequency detected: 15min
       Resampling to hourly for long-head...
       Hourly shape: historical=(720, 28), weather=(720, 32)

[STEP 1/4] Computing PVLib physics baseline (2880 steps @ 15-min)...
          Weather window: 2880 steps (2024-11-12 00:00:00+00:00 → 2024-12-11 23:45:00+00:00)
          Using pre-computed PVLib baseline (pvlib_ac_kw column)
          PVLib shape: (2880,), range: [0.000, 0.631]
/home/dwijenayake/pv_forecast_30d/src/inference/physics_aware_forecaster.py:386: FutureWarning: 'H' is deprecated and will be removed in a future version, please use 'h' instead.
  hourly_hist = historical_df[['timestamp_utc'] + hist_numeric_cols].set_index('timestamp_utc').resample('1H').mean().reset_index()
/home/dwijenayake/pv_forecast_30d/src/inference/physics_aware_forecaster.py:387: FutureWarning: 'H' is deprecated and will be removed in a future version, please use 'h' instead.
  hourly_weather = weather_df[['timestamp_utc'] + weather_numeric_cols].set_index('timestamp_utc').resample('1H').mean().reset_index()
/home/dwijenayake/pv_forecast_30d/src/inference/physics_aware_forecaster.py:386: FutureWarning: 'H' is deprecated and will be removed in a future version, please use 'h' instead.
  hourly_hist = historical_df[['timestamp_utc'] + hist_numeric_cols].set_index('timestamp_utc').resample('1H').mean().reset_index()
/home/dwijenayake/pv_forecast_30d/src/inference/physics_aware_forecaster.py:387: FutureWarning: 'H' is deprecated and will be removed in a future version, please use 'h' instead.
  hourly_weather = weather_df[['timestamp_utc'] + weather_numeric_cols].set_index('timestamp_utc').resample('1H').mean().reset_index()
/home/dwijenayake/pv_forecast_30d/src/inference/physics_aware_forecaster.py:386: FutureWarning: 'H' is deprecated and will be removed in a future version, please use 'h' instead.
  hourly_hist = historical_df[['timestamp_utc'] + hist_numeric_cols].set_index('timestamp_utc').resample('1H').mean().reset_index()
/home/dwijenayake/pv_forecast_30d/src/inference/physics_aware_forecaster.py:387: FutureWarning: 'H' is deprecated and will be removed in a future version, please use 'h' instead.
  hourly_weather = weather_df[['timestamp_utc'] + weather_numeric_cols].set_index('timestamp_utc').resample('1H').mean().reset_index()

[STEP 2/4] Running long-head TFT (strategic: 720 hours @ 1-hour)...
          Long-head shape: (720,)
          Upsampling long-head to 15-min resolution...
          Long upsampled shape: (2880,)

[STEP 3/4] Rolling short-head refinement (30 days × 96 steps)...
          Day  5/30: α_short=0.65, α_long=0.35, α_ml=0.69
          Day 10/30: α_short=0.50, α_long=0.50, α_ml=0.66
          Day 15/30: α_short=0.35, α_long=0.65, α_ml=0.64
          Day 20/30: α_short=0.35, α_long=0.65, α_ml=0.61
          Day 25/30: α_short=0.35, α_long=0.65, α_ml=0.59
          Day 30/30: α_short=0.35, α_long=0.65, α_ml=0.56
          Final forecast shape: (2880,)
          Final range: [0.000, 0.341]

[STEP 4/4] Validation...
         ✓ Shape correct (2880 steps)
         ✓ Range valid [0.000, 0.341]
         ✓ All night hours zero
         ✓ Daylight mean: 0.126

[SUCCESS] Hierarchical 30-day forecast complete!
          Total TFT calls: 1 long-head + 30 short-head = 31

[INFO] Hierarchical 30-day forecast starting 2024-11-13 00:00:00+00:00
[INFO] Fetching live weather from OpenMeteo API...
                [Auto-selected ECMWF API for 15-day forecast]
[WeatherClient] Fetching 15-day ECMWF forecast
                Location: (48.6946°N, 12.5976°E)
                Period: 2024-11-13 → 2024-11-28
                Tilt/Azimuth: 25.0° / 180.0°
                API: ECMWF
[ERROR] Live weather fetch failed: OpenMeteo API call failed: {'error': True, 'reason': "Parameter 'start_date' is out of allowed range from 2025-10-06 to 2026-01-22"}
[ERROR] Falling back to test weather data if available
       Architecture: Long-head (strategic) + 30× Short-head (tactical) + Physics

[PREP] Preparing data for multi-resolution inference...
       Input frequency detected: 15min
       Resampling to hourly for long-head...
       Hourly shape: historical=(720, 28), weather=(720, 32)

[STEP 1/4] Computing PVLib physics baseline (2880 steps @ 15-min)...
          Weather window: 2880 steps (2024-11-13 00:00:00+00:00 → 2024-12-12 23:45:00+00:00)
          Using pre-computed PVLib baseline (pvlib_ac_kw column)
          PVLib shape: (2880,), range: [0.000, 0.631]

[STEP 2/4] Running long-head TFT (strategic: 720 hours @ 1-hour)...
          Long-head shape: (720,)
          Upsampling long-head to 15-min resolution...
          Long upsampled shape: (2880,)

[STEP 3/4] Rolling short-head refinement (30 days × 96 steps)...
          Day  5/30: α_short=0.65, α_long=0.35, α_ml=0.69
          Day 10/30: α_short=0.50, α_long=0.50, α_ml=0.66
          Day 15/30: α_short=0.35, α_long=0.65, α_ml=0.64
          Day 20/30: α_short=0.35, α_long=0.65, α_ml=0.61
          Day 25/30: α_short=0.35, α_long=0.65, α_ml=0.59
          Day 30/30: α_short=0.35, α_long=0.65, α_ml=0.56
          Final forecast shape: (2880,)
          Final range: [0.000, 0.339]

[STEP 4/4] Validation...
         ✓ Shape correct (2880 steps)
         ✓ Range valid [0.000, 0.339]
         ✓ All night hours zero
         ✓ Daylight mean: 0.128

[SUCCESS] Hierarchical 30-day forecast complete!
          Total TFT calls: 1 long-head + 30 short-head = 31

[INFO] Hierarchical 30-day forecast starting 2024-11-14 00:00:00+00:00
[INFO] Fetching live weather from OpenMeteo API...
                [Auto-selected ECMWF API for 15-day forecast]
[WeatherClient] Fetching 15-day ECMWF forecast
                Location: (48.6946°N, 12.5976°E)
                Period: 2024-11-14 → 2024-11-29
                Tilt/Azimuth: 25.0° / 180.0°
                API: ECMWF
[ERROR] Live weather fetch failed: OpenMeteo API call failed: {'error': True, 'reason': "Parameter 'start_date' is out of allowed range from 2025-10-06 to 2026-01-22"}
[ERROR] Falling back to test weather data if available
       Architecture: Long-head (strategic) + 30× Short-head (tactical) + Physics

[PREP] Preparing data for multi-resolution inference...
       Input frequency detected: 15min
       Resampling to hourly for long-head...
       Hourly shape: historical=(720, 28), weather=(720, 32)

[STEP 1/4] Computing PVLib physics baseline (2880 steps @ 15-min)...
          Weather window: 2880 steps (2024-11-14 00:00:00+00:00 → 2024-12-13 23:45:00+00:00)
          Using pre-computed PVLib baseline (pvlib_ac_kw column)
          PVLib shape: (2880,), range: [0.000, 0.631]

[STEP 2/4] Running long-head TFT (strategic: 720 hours @ 1-hour)...
          Long-head shape: (720,)
          Upsampling long-head to 15-min resolution...
          Long upsampled shape: (2880,)

[STEP 3/4] Rolling short-head refinement (30 days × 96 steps)...
          Day  5/30: α_short=0.65, α_long=0.35, α_ml=0.69
          Day 10/30: α_short=0.50, α_long=0.50, α_ml=0.66
          Day 15/30: α_short=0.35, α_long=0.65, α_ml=0.64
          Day 20/30: α_short=0.35, α_long=0.65, α_ml=0.61
          Day 25/30: α_short=0.35, α_long=0.65, α_ml=0.59
          Day 30/30: α_short=0.35, α_long=0.65, α_ml=0.56
          Final forecast shape: (2880,)
          Final range: [0.000, 0.397]

[STEP 4/4] Validation...
         ✓ Shape correct (2880 steps)
         ✓ Range valid [0.000, 0.397]
         ✓ All night hours zero
         ✓ Daylight mean: 0.135

[SUCCESS] Hierarchical 30-day forecast complete!
          Total TFT calls: 1 long-head + 30 short-head = 31

[INFO] Hierarchical 30-day forecast starting 2024-11-15 00:00:00+00:00
[INFO] Fetching live weather from OpenMeteo API...
                [Auto-selected ECMWF API for 15-day forecast]
[WeatherClient] Fetching 15-day ECMWF forecast
                Location: (48.6946°N, 12.5976°E)
                Period: 2024-11-15 → 2024-11-30
                Tilt/Azimuth: 25.0° / 180.0°
                API: ECMWF
[ERROR] Live weather fetch failed: OpenMeteo API call failed: {'error': True, 'reason': "Parameter 'start_date' is out of allowed range from 2025-10-06 to 2026-01-22"}
[ERROR] Falling back to test weather data if available
       Architecture: Long-head (strategic) + 30× Short-head (tactical) + Physics

[PREP] Preparing data for multi-resolution inference...
       Input frequency detected: 15min
       Resampling to hourly for long-head...
       Hourly shape: historical=(720, 28), weather=(720, 32)

[STEP 1/4] Computing PVLib physics baseline (2880 steps @ 15-min)...
          Weather window: 2880 steps (2024-11-15 00:00:00+00:00 → 2024-12-14 23:45:00+00:00)
          Using pre-computed PVLib baseline (pvlib_ac_kw column)
          PVLib shape: (2880,), range: [0.000, 0.631]

[STEP 2/4] Running long-head TFT (strategic: 720 hours @ 1-hour)...
          Long-head shape: (720,)
          Upsampling long-head to 15-min resolution...
          Long upsampled shape: (2880,)

[STEP 3/4] Rolling short-head refinement (30 days × 96 steps)...
          Day  5/30: α_short=0.65, α_long=0.35, α_ml=0.69
          Day 10/30: α_short=0.50, α_long=0.50, α_ml=0.66
          Day 15/30: α_short=0.35, α_long=0.65, α_ml=0.64
          Day 20/30: α_short=0.35, α_long=0.65, α_ml=0.61
          Day 25/30: α_short=0.35, α_long=0.65, α_ml=0.59
          Day 30/30: α_short=0.35, α_long=0.65, α_ml=0.56
          Final forecast shape: (2880,)
          Final range: [0.000, 0.394]

[STEP 4/4] Validation...
         ✓ Shape correct (2880 steps)
         ✓ Range valid [0.000, 0.394]
         ✓ All night hours zero
         ✓ Daylight mean: 0.133

[SUCCESS] Hierarchical 30-day forecast complete!
          Total TFT calls: 1 long-head + 30 short-head = 31

[INFO] Hierarchical 30-day forecast starting 2024-11-16 00:00:00+00:00
[INFO] Fetching live weather from OpenMeteo API...
                [Auto-selected ECMWF API for 15-day forecast]
[WeatherClient] Fetching 15-day ECMWF forecast
                Location: (48.6946°N, 12.5976°E)
                Period: 2024-11-16 → 2024-12-01
                Tilt/Azimuth: 25.0° / 180.0°
                API: ECMWF
[ERROR] Live weather fetch failed: OpenMeteo API call failed: {'reason': "Parameter 'start_date' is out of allowed range from 2025-10-06 to 2026-01-22", 'error': True}
/home/dwijenayake/pv_forecast_30d/src/inference/physics_aware_forecaster.py:386: FutureWarning: 'H' is deprecated and will be removed in a future version, please use 'h' instead.
  hourly_hist = historical_df[['timestamp_utc'] + hist_numeric_cols].set_index('timestamp_utc').resample('1H').mean().reset_index()
/home/dwijenayake/pv_forecast_30d/src/inference/physics_aware_forecaster.py:387: FutureWarning: 'H' is deprecated and will be removed in a future version, please use 'h' instead.
  hourly_weather = weather_df[['timestamp_utc'] + weather_numeric_cols].set_index('timestamp_utc').resample('1H').mean().reset_index()
/home/dwijenayake/pv_forecast_30d/src/inference/physics_aware_forecaster.py:386: FutureWarning: 'H' is deprecated and will be removed in a future version, please use 'h' instead.
  hourly_hist = historical_df[['timestamp_utc'] + hist_numeric_cols].set_index('timestamp_utc').resample('1H').mean().reset_index()
/home/dwijenayake/pv_forecast_30d/src/inference/physics_aware_forecaster.py:387: FutureWarning: 'H' is deprecated and will be removed in a future version, please use 'h' instead.
  hourly_weather = weather_df[['timestamp_utc'] + weather_numeric_cols].set_index('timestamp_utc').resample('1H').mean().reset_index()
/home/dwijenayake/pv_forecast_30d/src/inference/physics_aware_forecaster.py:386: FutureWarning: 'H' is deprecated and will be removed in a future version, please use 'h' instead.
  hourly_hist = historical_df[['timestamp_utc'] + hist_numeric_cols].set_index('timestamp_utc').resample('1H').mean().reset_index()
/home/dwijenayake/pv_forecast_30d/src/inference/physics_aware_forecaster.py:387: FutureWarning: 'H' is deprecated and will be removed in a future version, please use 'h' instead.
  hourly_weather = weather_df[['timestamp_utc'] + weather_numeric_cols].set_index('timestamp_utc').resample('1H').mean().reset_index()
/home/dwijenayake/pv_forecast_30d/src/inference/physics_aware_forecaster.py:386: FutureWarning: 'H' is deprecated and will be removed in a future version, please use 'h' instead.
  hourly_hist = historical_df[['timestamp_utc'] + hist_numeric_cols].set_index('timestamp_utc').resample('1H').mean().reset_index()
/home/dwijenayake/pv_forecast_30d/src/inference/physics_aware_forecaster.py:387: FutureWarning: 'H' is deprecated and will be removed in a future version, please use 'h' instead.
  hourly_weather = weather_df[['timestamp_utc'] + weather_numeric_cols].set_index('timestamp_utc').resample('1H').mean().reset_index()
[ERROR] Falling back to test weather data if available
       Architecture: Long-head (strategic) + 30× Short-head (tactical) + Physics

[PREP] Preparing data for multi-resolution inference...
       Input frequency detected: 15min
       Resampling to hourly for long-head...
       Hourly shape: historical=(720, 28), weather=(720, 32)

[STEP 1/4] Computing PVLib physics baseline (2880 steps @ 15-min)...
          Weather window: 2880 steps (2024-11-16 00:00:00+00:00 → 2024-12-15 23:45:00+00:00)
          Using pre-computed PVLib baseline (pvlib_ac_kw column)
          PVLib shape: (2880,), range: [0.000, 0.631]

[STEP 2/4] Running long-head TFT (strategic: 720 hours @ 1-hour)...
          Long-head shape: (720,)
          Upsampling long-head to 15-min resolution...
          Long upsampled shape: (2880,)

[STEP 3/4] Rolling short-head refinement (30 days × 96 steps)...
          Day  5/30: α_short=0.65, α_long=0.35, α_ml=0.69
          Day 10/30: α_short=0.50, α_long=0.50, α_ml=0.66
          Day 15/30: α_short=0.35, α_long=0.65, α_ml=0.64
          Day 20/30: α_short=0.35, α_long=0.65, α_ml=0.61
          Day 25/30: α_short=0.35, α_long=0.65, α_ml=0.59
          Day 30/30: α_short=0.35, α_long=0.65, α_ml=0.56
          Final forecast shape: (2880,)
          Final range: [0.000, 0.392]

[STEP 4/4] Validation...
         ✓ Shape correct (2880 steps)
         ✓ Range valid [0.000, 0.392]
         ✓ All night hours zero
         ✓ Daylight mean: 0.136

[SUCCESS] Hierarchical 30-day forecast complete!
          Total TFT calls: 1 long-head + 30 short-head = 31

[INFO] Hierarchical 30-day forecast starting 2024-11-17 00:00:00+00:00
[INFO] Fetching live weather from OpenMeteo API...
                [Auto-selected ECMWF API for 15-day forecast]
[WeatherClient] Fetching 15-day ECMWF forecast
                Location: (48.6946°N, 12.5976°E)
                Period: 2024-11-17 → 2024-12-02
                Tilt/Azimuth: 25.0° / 180.0°
                API: ECMWF
[ERROR] Live weather fetch failed: OpenMeteo API call failed: {'reason': "Parameter 'start_date' is out of allowed range from 2025-10-06 to 2026-01-22", 'error': True}
[ERROR] Falling back to test weather data if available
       Architecture: Long-head (strategic) + 30× Short-head (tactical) + Physics

[PREP] Preparing data for multi-resolution inference...
       Input frequency detected: 15min
       Resampling to hourly for long-head...
       Hourly shape: historical=(720, 28), weather=(720, 32)

[STEP 1/4] Computing PVLib physics baseline (2880 steps @ 15-min)...
          Weather window: 2880 steps (2024-11-17 00:00:00+00:00 → 2024-12-16 23:45:00+00:00)
          Using pre-computed PVLib baseline (pvlib_ac_kw column)
          PVLib shape: (2880,), range: [0.000, 0.631]

[STEP 2/4] Running long-head TFT (strategic: 720 hours @ 1-hour)...
          Long-head shape: (720,)
          Upsampling long-head to 15-min resolution...
          Long upsampled shape: (2880,)

[STEP 3/4] Rolling short-head refinement (30 days × 96 steps)...
          Day  5/30: α_short=0.65, α_long=0.35, α_ml=0.69
          Day 10/30: α_short=0.50, α_long=0.50, α_ml=0.66
          Day 15/30: α_short=0.35, α_long=0.65, α_ml=0.64
          Day 20/30: α_short=0.35, α_long=0.65, α_ml=0.61
          Day 25/30: α_short=0.35, α_long=0.65, α_ml=0.59
          Day 30/30: α_short=0.35, α_long=0.65, α_ml=0.56
          Final forecast shape: (2880,)
          Final range: [0.000, 0.388]

[STEP 4/4] Validation...
         ✓ Shape correct (2880 steps)
         ✓ Range valid [0.000, 0.388]
         ✓ All night hours zero
         ✓ Daylight mean: 0.137

[SUCCESS] Hierarchical 30-day forecast complete!
          Total TFT calls: 1 long-head + 30 short-head = 31

[INFO] Hierarchical 30-day forecast starting 2024-11-18 00:00:00+00:00
[INFO] Fetching live weather from OpenMeteo API...
                [Auto-selected ECMWF API for 15-day forecast]
[WeatherClient] Fetching 15-day ECMWF forecast
                Location: (48.6946°N, 12.5976°E)
                Period: 2024-11-18 → 2024-12-03
                Tilt/Azimuth: 25.0° / 180.0°
                API: ECMWF
[ERROR] Live weather fetch failed: OpenMeteo API call failed: {'reason': "Parameter 'start_date' is out of allowed range from 2025-10-06 to 2026-01-22", 'error': True}
[ERROR] Falling back to test weather data if available
       Architecture: Long-head (strategic) + 30× Short-head (tactical) + Physics

[PREP] Preparing data for multi-resolution inference...
       Input frequency detected: 15min
       Resampling to hourly for long-head...
       Hourly shape: historical=(720, 28), weather=(720, 32)

[STEP 1/4] Computing PVLib physics baseline (2880 steps @ 15-min)...
          Weather window: 2880 steps (2024-11-18 00:00:00+00:00 → 2024-12-17 23:45:00+00:00)
          Using pre-computed PVLib baseline (pvlib_ac_kw column)
          PVLib shape: (2880,), range: [0.000, 0.631]

[STEP 2/4] Running long-head TFT (strategic: 720 hours @ 1-hour)...
          Long-head shape: (720,)
          Upsampling long-head to 15-min resolution...
          Long upsampled shape: (2880,)

[STEP 3/4] Rolling short-head refinement (30 days × 96 steps)...
          Day  5/30: α_short=0.65, α_long=0.35, α_ml=0.69
          Day 10/30: α_short=0.50, α_long=0.50, α_ml=0.66
          Day 15/30: α_short=0.35, α_long=0.65, α_ml=0.64
          Day 20/30: α_short=0.35, α_long=0.65, α_ml=0.61
          Day 25/30: α_short=0.35, α_long=0.65, α_ml=0.59
          Day 30/30: α_short=0.35, α_long=0.65, α_ml=0.56
          Final forecast shape: (2880,)
          Final range: [0.000, 0.386]

[STEP 4/4] Validation...
         ✓ Shape correct (2880 steps)
         ✓ Range valid [0.000, 0.386]
         ✓ All night hours zero
         ✓ Daylight mean: 0.139

[SUCCESS] Hierarchical 30-day forecast complete!
          Total TFT calls: 1 long-head + 30 short-head = 31

[INFO] Hierarchical 30-day forecast starting 2024-11-19 00:00:00+00:00
[INFO] Fetching live weather from OpenMeteo API...
                [Auto-selected ECMWF API for 15-day forecast]
[WeatherClient] Fetching 15-day ECMWF forecast
                Location: (48.6946°N, 12.5976°E)
                Period: 2024-11-19 → 2024-12-04
                Tilt/Azimuth: 25.0° / 180.0°
                API: ECMWF
[ERROR] Live weather fetch failed: OpenMeteo API call failed: {'error': True, 'reason': "Parameter 'start_date' is out of allowed range from 2025-10-06 to 2026-01-22"}
[ERROR] Falling back to test weather data if available
       Architecture: Long-head (strategic) + 30× Short-head (tactical) + Physics

[PREP] Preparing data for multi-resolution inference...
       Input frequency detected: 15min
       Resampling to hourly for long-head...
       Hourly shape: historical=(720, 28), weather=(720, 32)

[STEP 1/4] Computing PVLib physics baseline (2880 steps @ 15-min)...
          Weather window: 2880 steps (2024-11-19 00:00:00+00:00 → 2024-12-18 23:45:00+00:00)
          Using pre-computed PVLib baseline (pvlib_ac_kw column)
          PVLib shape: (2880,), range: [0.000, 0.631]

[STEP 2/4] Running long-head TFT (strategic: 720 hours @ 1-hour)...
          Long-head shape: (720,)
          Upsampling long-head to 15-min resolution...
          Long upsampled shape: (2880,)

[STEP 3/4] Rolling short-head refinement (30 days × 96 steps)...
          Day  5/30: α_short=0.65, α_long=0.35, α_ml=0.69
          Day 10/30: α_short=0.50, α_long=0.50, α_ml=0.66
          Day 15/30: α_short=0.35, α_long=0.65, α_ml=0.64
          Day 20/30: α_short=0.35, α_long=0.65, α_ml=0.61
          Day 25/30: α_short=0.35, α_long=0.65, α_ml=0.59
          Day 30/30: α_short=0.35, α_long=0.65, α_ml=0.56
          Final forecast shape: (2880,)
          Final range: [0.000, 0.383]

[STEP 4/4] Validation...
         ✓ Shape correct (2880 steps)
         ✓ Range valid [0.000, 0.383]
         ✓ All night hours zero
         ✓ Daylight mean: 0.140

[SUCCESS] Hierarchical 30-day forecast complete!
          Total TFT calls: 1 long-head + 30 short-head = 31
/home/dwijenayake/pv_forecast_30d/src/inference/physics_aware_forecaster.py:386: FutureWarning: 'H' is deprecated and will be removed in a future version, please use 'h' instead.
  hourly_hist = historical_df[['timestamp_utc'] + hist_numeric_cols].set_index('timestamp_utc').resample('1H').mean().reset_index()
/home/dwijenayake/pv_forecast_30d/src/inference/physics_aware_forecaster.py:387: FutureWarning: 'H' is deprecated and will be removed in a future version, please use 'h' instead.
  hourly_weather = weather_df[['timestamp_utc'] + weather_numeric_cols].set_index('timestamp_utc').resample('1H').mean().reset_index()
/home/dwijenayake/pv_forecast_30d/src/inference/physics_aware_forecaster.py:386: FutureWarning: 'H' is deprecated and will be removed in a future version, please use 'h' instead.
  hourly_hist = historical_df[['timestamp_utc'] + hist_numeric_cols].set_index('timestamp_utc').resample('1H').mean().reset_index()
/home/dwijenayake/pv_forecast_30d/src/inference/physics_aware_forecaster.py:387: FutureWarning: 'H' is deprecated and will be removed in a future version, please use 'h' instead.
  hourly_weather = weather_df[['timestamp_utc'] + weather_numeric_cols].set_index('timestamp_utc').resample('1H').mean().reset_index()
/home/dwijenayake/pv_forecast_30d/src/inference/physics_aware_forecaster.py:386: FutureWarning: 'H' is deprecated and will be removed in a future version, please use 'h' instead.
  hourly_hist = historical_df[['timestamp_utc'] + hist_numeric_cols].set_index('timestamp_utc').resample('1H').mean().reset_index()
/home/dwijenayake/pv_forecast_30d/src/inference/physics_aware_forecaster.py:387: FutureWarning: 'H' is deprecated and will be removed in a future version, please use 'h' instead.
  hourly_weather = weather_df[['timestamp_utc'] + weather_numeric_cols].set_index('timestamp_utc').resample('1H').mean().reset_index()
/home/dwijenayake/pv_forecast_30d/src/inference/physics_aware_forecaster.py:386: FutureWarning: 'H' is deprecated and will be removed in a future version, please use 'h' instead.
  hourly_hist = historical_df[['timestamp_utc'] + hist_numeric_cols].set_index('timestamp_utc').resample('1H').mean().reset_index()
/home/dwijenayake/pv_forecast_30d/src/inference/physics_aware_forecaster.py:387: FutureWarning: 'H' is deprecated and will be removed in a future version, please use 'h' instead.
  hourly_weather = weather_df[['timestamp_utc'] + weather_numeric_cols].set_index('timestamp_utc').resample('1H').mean().reset_index()

[INFO] Hierarchical 30-day forecast starting 2024-11-20 00:00:00+00:00
[INFO] Fetching live weather from OpenMeteo API...
                [Auto-selected ECMWF API for 15-day forecast]
[WeatherClient] Fetching 15-day ECMWF forecast
                Location: (48.6946°N, 12.5976°E)
                Period: 2024-11-20 → 2024-12-05
                Tilt/Azimuth: 25.0° / 180.0°
                API: ECMWF
[ERROR] Live weather fetch failed: OpenMeteo API call failed: {'error': True, 'reason': "Parameter 'start_date' is out of allowed range from 2025-10-06 to 2026-01-22"}
[ERROR] Falling back to test weather data if available
       Architecture: Long-head (strategic) + 30× Short-head (tactical) + Physics

[PREP] Preparing data for multi-resolution inference...
       Input frequency detected: 15min
       Resampling to hourly for long-head...
       Hourly shape: historical=(720, 28), weather=(720, 32)

[STEP 1/4] Computing PVLib physics baseline (2880 steps @ 15-min)...
          Weather window: 2880 steps (2024-11-20 00:00:00+00:00 → 2024-12-19 23:45:00+00:00)
          Using pre-computed PVLib baseline (pvlib_ac_kw column)
          PVLib shape: (2880,), range: [0.000, 0.631]

[STEP 2/4] Running long-head TFT (strategic: 720 hours @ 1-hour)...
          Long-head shape: (720,)
          Upsampling long-head to 15-min resolution...
          Long upsampled shape: (2880,)

[STEP 3/4] Rolling short-head refinement (30 days × 96 steps)...
          Day  5/30: α_short=0.65, α_long=0.35, α_ml=0.69
          Day 10/30: α_short=0.50, α_long=0.50, α_ml=0.66
          Day 15/30: α_short=0.35, α_long=0.65, α_ml=0.64
          Day 20/30: α_short=0.35, α_long=0.65, α_ml=0.61
          Day 25/30: α_short=0.35, α_long=0.65, α_ml=0.59
          Day 30/30: α_short=0.35, α_long=0.65, α_ml=0.56
          Final forecast shape: (2880,)
          Final range: [0.000, 0.377]

[STEP 4/4] Validation...
         ✓ Shape correct (2880 steps)
         ✓ Range valid [0.000, 0.377]
         ✓ All night hours zero
         ✓ Daylight mean: 0.139

[SUCCESS] Hierarchical 30-day forecast complete!
          Total TFT calls: 1 long-head + 30 short-head = 31

[INFO] Hierarchical 30-day forecast starting 2024-11-21 00:00:00+00:00
[INFO] Fetching live weather from OpenMeteo API...
                [Auto-selected ECMWF API for 15-day forecast]
[WeatherClient] Fetching 15-day ECMWF forecast
                Location: (48.6946°N, 12.5976°E)
                Period: 2024-11-21 → 2024-12-06
                Tilt/Azimuth: 25.0° / 180.0°
                API: ECMWF
[ERROR] Live weather fetch failed: OpenMeteo API call failed: {'reason': "Parameter 'start_date' is out of allowed range from 2025-10-06 to 2026-01-22", 'error': True}
[ERROR] Falling back to test weather data if available
       Architecture: Long-head (strategic) + 30× Short-head (tactical) + Physics

[PREP] Preparing data for multi-resolution inference...
       Input frequency detected: 15min
       Resampling to hourly for long-head...
       Hourly shape: historical=(720, 28), weather=(720, 32)

[STEP 1/4] Computing PVLib physics baseline (2880 steps @ 15-min)...
          Weather window: 2880 steps (2024-11-21 00:00:00+00:00 → 2024-12-20 23:45:00+00:00)
          Using pre-computed PVLib baseline (pvlib_ac_kw column)
          PVLib shape: (2880,), range: [0.000, 0.631]

[STEP 2/4] Running long-head TFT (strategic: 720 hours @ 1-hour)...
          Long-head shape: (720,)
          Upsampling long-head to 15-min resolution...
          Long upsampled shape: (2880,)

[STEP 3/4] Rolling short-head refinement (30 days × 96 steps)...
          Day  5/30: α_short=0.65, α_long=0.35, α_ml=0.69
          Day 10/30: α_short=0.50, α_long=0.50, α_ml=0.66
          Day 15/30: α_short=0.35, α_long=0.65, α_ml=0.64
          Day 20/30: α_short=0.35, α_long=0.65, α_ml=0.61
          Day 25/30: α_short=0.35, α_long=0.65, α_ml=0.59
          Day 30/30: α_short=0.35, α_long=0.65, α_ml=0.56
          Final forecast shape: (2880,)
          Final range: [0.000, 0.375]

[STEP 4/4] Validation...
         ✓ Shape correct (2880 steps)
         ✓ Range valid [0.000, 0.375]
         ✓ All night hours zero
         ✓ Daylight mean: 0.140

[SUCCESS] Hierarchical 30-day forecast complete!
          Total TFT calls: 1 long-head + 30 short-head = 31

[INFO] Hierarchical 30-day forecast starting 2024-11-22 00:00:00+00:00
[INFO] Fetching live weather from OpenMeteo API...
                [Auto-selected ECMWF API for 15-day forecast]
[WeatherClient] Fetching 15-day ECMWF forecast
                Location: (48.6946°N, 12.5976°E)
                Period: 2024-11-22 → 2024-12-07
                Tilt/Azimuth: 25.0° / 180.0°
                API: ECMWF
[ERROR] Live weather fetch failed: OpenMeteo API call failed: {'reason': "Parameter 'start_date' is out of allowed range from 2025-10-06 to 2026-01-22", 'error': True}
[ERROR] Falling back to test weather data if available
       Architecture: Long-head (strategic) + 30× Short-head (tactical) + Physics

[PREP] Preparing data for multi-resolution inference...
       Input frequency detected: 15min
       Resampling to hourly for long-head...
       Hourly shape: historical=(720, 28), weather=(720, 32)

[STEP 1/4] Computing PVLib physics baseline (2880 steps @ 15-min)...
          Weather window: 2880 steps (2024-11-22 00:00:00+00:00 → 2024-12-21 23:45:00+00:00)
          Using pre-computed PVLib baseline (pvlib_ac_kw column)
          PVLib shape: (2880,), range: [0.000, 0.631]

[STEP 2/4] Running long-head TFT (strategic: 720 hours @ 1-hour)...
          Long-head shape: (720,)
          Upsampling long-head to 15-min resolution...
          Long upsampled shape: (2880,)

[STEP 3/4] Rolling short-head refinement (30 days × 96 steps)...
          Day  5/30: α_short=0.65, α_long=0.35, α_ml=0.69
          Day 10/30: α_short=0.50, α_long=0.50, α_ml=0.66
          Day 15/30: α_short=0.35, α_long=0.65, α_ml=0.64
          Day 20/30: α_short=0.35, α_long=0.65, α_ml=0.61
          Day 25/30: α_short=0.35, α_long=0.65, α_ml=0.59
          Day 30/30: α_short=0.35, α_long=0.65, α_ml=0.56
          Final forecast shape: (2880,)
          Final range: [0.000, 0.373]

[STEP 4/4] Validation...
         ✓ Shape correct (2880 steps)
         ✓ Range valid [0.000, 0.373]
         ✓ All night hours zero
         ✓ Daylight mean: 0.141

[SUCCESS] Hierarchical 30-day forecast complete!
          Total TFT calls: 1 long-head + 30 short-head = 31

[INFO] Hierarchical 30-day forecast starting 2024-11-23 00:00:00+00:00
[INFO] Fetching live weather from OpenMeteo API...
                [Auto-selected ECMWF API for 15-day forecast]
[WeatherClient] Fetching 15-day ECMWF forecast
                Location: (48.6946°N, 12.5976°E)
                Period: 2024-11-23 → 2024-12-08
                Tilt/Azimuth: 25.0° / 180.0°
                API: ECMWF
[ERROR] Live weather fetch failed: OpenMeteo API call failed: {'error': True, 'reason': "Parameter 'start_date' is out of allowed range from 2025-10-06 to 2026-01-22"}
[ERROR] Falling back to test weather data if available
       Architecture: Long-head (strategic) + 30× Short-head (tactical) + Physics

[PREP] Preparing data for multi-resolution inference...
       Input frequency detected: 15min
       Resampling to hourly for long-head...
       Hourly shape: historical=(720, 28), weather=(720, 32)

[STEP 1/4] Computing PVLib physics baseline (2880 steps @ 15-min)...
          Weather window: 2880 steps (2024-11-23 00:00:00+00:00 → 2024-12-22 23:45:00+00:00)
          Using pre-computed PVLib baseline (pvlib_ac_kw column)
          PVLib shape: (2880,), range: [0.000, 0.631]

[STEP 2/4] Running long-head TFT (strategic: 720 hours @ 1-hour)...
          Long-head shape: (720,)
          Upsampling long-head to 15-min resolution...
          Long upsampled shape: (2880,)

[STEP 3/4] Rolling short-head refinement (30 days × 96 steps)...
          Day  5/30: α_short=0.65, α_long=0.35, α_ml=0.69
          Day 10/30: α_short=0.50, α_long=0.50, α_ml=0.66
/home/dwijenayake/pv_forecast_30d/src/inference/physics_aware_forecaster.py:386: FutureWarning: 'H' is deprecated and will be removed in a future version, please use 'h' instead.
  hourly_hist = historical_df[['timestamp_utc'] + hist_numeric_cols].set_index('timestamp_utc').resample('1H').mean().reset_index()
/home/dwijenayake/pv_forecast_30d/src/inference/physics_aware_forecaster.py:387: FutureWarning: 'H' is deprecated and will be removed in a future version, please use 'h' instead.
  hourly_weather = weather_df[['timestamp_utc'] + weather_numeric_cols].set_index('timestamp_utc').resample('1H').mean().reset_index()
/home/dwijenayake/pv_forecast_30d/src/inference/physics_aware_forecaster.py:386: FutureWarning: 'H' is deprecated and will be removed in a future version, please use 'h' instead.
  hourly_hist = historical_df[['timestamp_utc'] + hist_numeric_cols].set_index('timestamp_utc').resample('1H').mean().reset_index()
/home/dwijenayake/pv_forecast_30d/src/inference/physics_aware_forecaster.py:387: FutureWarning: 'H' is deprecated and will be removed in a future version, please use 'h' instead.
  hourly_weather = weather_df[['timestamp_utc'] + weather_numeric_cols].set_index('timestamp_utc').resample('1H').mean().reset_index()
/home/dwijenayake/pv_forecast_30d/src/inference/physics_aware_forecaster.py:386: FutureWarning: 'H' is deprecated and will be removed in a future version, please use 'h' instead.
  hourly_hist = historical_df[['timestamp_utc'] + hist_numeric_cols].set_index('timestamp_utc').resample('1H').mean().reset_index()
/home/dwijenayake/pv_forecast_30d/src/inference/physics_aware_forecaster.py:387: FutureWarning: 'H' is deprecated and will be removed in a future version, please use 'h' instead.
  hourly_weather = weather_df[['timestamp_utc'] + weather_numeric_cols].set_index('timestamp_utc').resample('1H').mean().reset_index()
/home/dwijenayake/pv_forecast_30d/src/inference/physics_aware_forecaster.py:386: FutureWarning: 'H' is deprecated and will be removed in a future version, please use 'h' instead.
  hourly_hist = historical_df[['timestamp_utc'] + hist_numeric_cols].set_index('timestamp_utc').resample('1H').mean().reset_index()
/home/dwijenayake/pv_forecast_30d/src/inference/physics_aware_forecaster.py:387: FutureWarning: 'H' is deprecated and will be removed in a future version, please use 'h' instead.
  hourly_weather = weather_df[['timestamp_utc'] + weather_numeric_cols].set_index('timestamp_utc').resample('1H').mean().reset_index()
          Day 15/30: α_short=0.35, α_long=0.65, α_ml=0.64
          Day 20/30: α_short=0.35, α_long=0.65, α_ml=0.61
          Day 25/30: α_short=0.35, α_long=0.65, α_ml=0.59
          Day 30/30: α_short=0.35, α_long=0.65, α_ml=0.56
          Final forecast shape: (2880,)
          Final range: [0.000, 0.370]

[STEP 4/4] Validation...
         ✓ Shape correct (2880 steps)
         ✓ Range valid [0.000, 0.370]
         ✓ All night hours zero
         ✓ Daylight mean: 0.139

[SUCCESS] Hierarchical 30-day forecast complete!
          Total TFT calls: 1 long-head + 30 short-head = 31

[INFO] Hierarchical 30-day forecast starting 2024-11-24 00:00:00+00:00
[INFO] Fetching live weather from OpenMeteo API...
                [Auto-selected ECMWF API for 15-day forecast]
[WeatherClient] Fetching 15-day ECMWF forecast
                Location: (48.6946°N, 12.5976°E)
                Period: 2024-11-24 → 2024-12-09
                Tilt/Azimuth: 25.0° / 180.0°
                API: ECMWF
[ERROR] Live weather fetch failed: OpenMeteo API call failed: {'error': True, 'reason': "Parameter 'start_date' is out of allowed range from 2025-10-06 to 2026-01-22"}
[ERROR] Falling back to test weather data if available
       Architecture: Long-head (strategic) + 30× Short-head (tactical) + Physics

[PREP] Preparing data for multi-resolution inference...
       Input frequency detected: 15min
       Resampling to hourly for long-head...
       Hourly shape: historical=(720, 28), weather=(720, 32)

[STEP 1/4] Computing PVLib physics baseline (2880 steps @ 15-min)...
          Weather window: 2880 steps (2024-11-24 00:00:00+00:00 → 2024-12-23 23:45:00+00:00)
          Using pre-computed PVLib baseline (pvlib_ac_kw column)
          PVLib shape: (2880,), range: [0.000, 0.616]

[STEP 2/4] Running long-head TFT (strategic: 720 hours @ 1-hour)...
          Long-head shape: (720,)
          Upsampling long-head to 15-min resolution...
          Long upsampled shape: (2880,)

[STEP 3/4] Rolling short-head refinement (30 days × 96 steps)...
          Day  5/30: α_short=0.65, α_long=0.35, α_ml=0.69
          Day 10/30: α_short=0.50, α_long=0.50, α_ml=0.66
          Day 15/30: α_short=0.35, α_long=0.65, α_ml=0.64
          Day 20/30: α_short=0.35, α_long=0.65, α_ml=0.61
          Day 25/30: α_short=0.35, α_long=0.65, α_ml=0.59
          Day 30/30: α_short=0.35, α_long=0.65, α_ml=0.56
          Final forecast shape: (2880,)
          Final range: [0.000, 0.368]

[STEP 4/4] Validation...
         ✓ Shape correct (2880 steps)
         ✓ Range valid [0.000, 0.368]
         ✓ All night hours zero
         ✓ Daylight mean: 0.132

[SUCCESS] Hierarchical 30-day forecast complete!
          Total TFT calls: 1 long-head + 30 short-head = 31

[INFO] Hierarchical 30-day forecast starting 2024-11-25 00:00:00+00:00
[INFO] Fetching live weather from OpenMeteo API...
                [Auto-selected ECMWF API for 15-day forecast]
[WeatherClient] Fetching 15-day ECMWF forecast
                Location: (48.6946°N, 12.5976°E)
                Period: 2024-11-25 → 2024-12-10
                Tilt/Azimuth: 25.0° / 180.0°
                API: ECMWF
[ERROR] Live weather fetch failed: OpenMeteo API call failed: {'error': True, 'reason': "Parameter 'start_date' is out of allowed range from 2025-10-06 to 2026-01-22"}
[ERROR] Falling back to test weather data if available
       Architecture: Long-head (strategic) + 30× Short-head (tactical) + Physics

[PREP] Preparing data for multi-resolution inference...
       Input frequency detected: 15min
       Resampling to hourly for long-head...
       Hourly shape: historical=(720, 28), weather=(720, 32)

[STEP 1/4] Computing PVLib physics baseline (2880 steps @ 15-min)...
          Weather window: 2880 steps (2024-11-25 00:00:00+00:00 → 2024-12-24 23:45:00+00:00)
          Using pre-computed PVLib baseline (pvlib_ac_kw column)
          PVLib shape: (2880,), range: [0.000, 0.616]

[STEP 2/4] Running long-head TFT (strategic: 720 hours @ 1-hour)...
          Long-head shape: (720,)
          Upsampling long-head to 15-min resolution...
          Long upsampled shape: (2880,)

[STEP 3/4] Rolling short-head refinement (30 days × 96 steps)...
          Day  5/30: α_short=0.65, α_long=0.35, α_ml=0.69
          Day 10/30: α_short=0.50, α_long=0.50, α_ml=0.66
          Day 15/30: α_short=0.35, α_long=0.65, α_ml=0.64
          Day 20/30: α_short=0.35, α_long=0.65, α_ml=0.61
          Day 25/30: α_short=0.35, α_long=0.65, α_ml=0.59
          Day 30/30: α_short=0.35, α_long=0.65, α_ml=0.56
          Final forecast shape: (2880,)
          Final range: [0.000, 0.369]

[STEP 4/4] Validation...
         ✓ Shape correct (2880 steps)
         ✓ Range valid [0.000, 0.369]
         ✓ All night hours zero
         ✓ Daylight mean: 0.133

[SUCCESS] Hierarchical 30-day forecast complete!
          Total TFT calls: 1 long-head + 30 short-head = 31

[INFO] Hierarchical 30-day forecast starting 2024-11-26 00:00:00+00:00
[INFO] Fetching live weather from OpenMeteo API...
                [Auto-selected ECMWF API for 15-day forecast]
[WeatherClient] Fetching 15-day ECMWF forecast
                Location: (48.6946°N, 12.5976°E)
                Period: 2024-11-26 → 2024-12-11
                Tilt/Azimuth: 25.0° / 180.0°
                API: ECMWF
[ERROR] Live weather fetch failed: OpenMeteo API call failed: {'reason': "Parameter 'start_date' is out of allowed range from 2025-10-06 to 2026-01-22", 'error': True}
[ERROR] Falling back to test weather data if available
       Architecture: Long-head (strategic) + 30× Short-head (tactical) + Physics

[PREP] Preparing data for multi-resolution inference...
       Input frequency detected: 15min
       Resampling to hourly for long-head...
       Hourly shape: historical=(720, 28), weather=(720, 32)

[STEP 1/4] Computing PVLib physics baseline (2880 steps @ 15-min)...
          Weather window: 2880 steps (2024-11-26 00:00:00+00:00 → 2024-12-25 23:45:00+00:00)
          Using pre-computed PVLib baseline (pvlib_ac_kw column)
          PVLib shape: (2880,), range: [0.000, 0.614]

[STEP 2/4] Running long-head TFT (strategic: 720 hours @ 1-hour)...
          Long-head shape: (720,)
          Upsampling long-head to 15-min resolution...
          Long upsampled shape: (2880,)

[STEP 3/4] Rolling short-head refinement (30 days × 96 steps)...
          Day  5/30: α_short=0.65, α_long=0.35, α_ml=0.69
          Day 10/30: α_short=0.50, α_long=0.50, α_ml=0.66
          Day 15/30: α_short=0.35, α_long=0.65, α_ml=0.64
          Day 20/30: α_short=0.35, α_long=0.65, α_ml=0.61
          Day 25/30: α_short=0.35, α_long=0.65, α_ml=0.59
          Day 30/30: α_short=0.35, α_long=0.65, α_ml=0.56
          Final forecast shape: (2880,)
          Final range: [0.000, 0.367]

[STEP 4/4] Validation...
         ✓ Shape correct (2880 steps)
         ✓ Range valid [0.000, 0.367]
         ✓ All night hours zero
         ✓ Daylight mean: 0.134

[SUCCESS] Hierarchical 30-day forecast complete!
          Total TFT calls: 1 long-head + 30 short-head = 31

[INFO] Hierarchical 30-day forecast starting 2024-11-27 00:00:00+00:00
[INFO] Fetching live weather from OpenMeteo API...
                [Auto-selected ECMWF API for 15-day forecast]
[WeatherClient] Fetching 15-day ECMWF forecast
                Location: (48.6946°N, 12.5976°E)
                Period: 2024-11-27 → 2024-12-12
                Tilt/Azimuth: 25.0° / 180.0°
                API: ECMWF
[ERROR] Live weather fetch failed: OpenMeteo API call failed: {'reason': "Parameter 'start_date' is out of allowed range from 2025-10-06 to 2026-01-22", 'error': True}
[ERROR] Falling back to test weather data if available
       Architecture: Long-head (strategic) + 30× Short-head (tactical) + Physics

[PREP] Preparing data for multi-resolution inference...
       Input frequency detected: 15min
       Resampling to hourly for long-head...
       Hourly shape: historical=(720, 28), weather=(720, 32)

[STEP 1/4] Computing PVLib physics baseline (2880 steps @ 15-min)...
/home/dwijenayake/pv_forecast_30d/src/inference/physics_aware_forecaster.py:386: FutureWarning: 'H' is deprecated and will be removed in a future version, please use 'h' instead.
  hourly_hist = historical_df[['timestamp_utc'] + hist_numeric_cols].set_index('timestamp_utc').resample('1H').mean().reset_index()
/home/dwijenayake/pv_forecast_30d/src/inference/physics_aware_forecaster.py:387: FutureWarning: 'H' is deprecated and will be removed in a future version, please use 'h' instead.
  hourly_weather = weather_df[['timestamp_utc'] + weather_numeric_cols].set_index('timestamp_utc').resample('1H').mean().reset_index()
/home/dwijenayake/pv_forecast_30d/src/inference/physics_aware_forecaster.py:386: FutureWarning: 'H' is deprecated and will be removed in a future version, please use 'h' instead.
  hourly_hist = historical_df[['timestamp_utc'] + hist_numeric_cols].set_index('timestamp_utc').resample('1H').mean().reset_index()
/home/dwijenayake/pv_forecast_30d/src/inference/physics_aware_forecaster.py:387: FutureWarning: 'H' is deprecated and will be removed in a future version, please use 'h' instead.
  hourly_weather = weather_df[['timestamp_utc'] + weather_numeric_cols].set_index('timestamp_utc').resample('1H').mean().reset_index()
/home/dwijenayake/pv_forecast_30d/src/inference/physics_aware_forecaster.py:386: FutureWarning: 'H' is deprecated and will be removed in a future version, please use 'h' instead.
  hourly_hist = historical_df[['timestamp_utc'] + hist_numeric_cols].set_index('timestamp_utc').resample('1H').mean().reset_index()
/home/dwijenayake/pv_forecast_30d/src/inference/physics_aware_forecaster.py:387: FutureWarning: 'H' is deprecated and will be removed in a future version, please use 'h' instead.
  hourly_weather = weather_df[['timestamp_utc'] + weather_numeric_cols].set_index('timestamp_utc').resample('1H').mean().reset_index()
          Weather window: 2880 steps (2024-11-27 00:00:00+00:00 → 2024-12-26 23:45:00+00:00)
          Using pre-computed PVLib baseline (pvlib_ac_kw column)
          PVLib shape: (2880,), range: [0.000, 0.614]

[STEP 2/4] Running long-head TFT (strategic: 720 hours @ 1-hour)...
          Long-head shape: (720,)
          Upsampling long-head to 15-min resolution...
          Long upsampled shape: (2880,)

[STEP 3/4] Rolling short-head refinement (30 days × 96 steps)...
          Day  5/30: α_short=0.65, α_long=0.35, α_ml=0.69
          Day 10/30: α_short=0.50, α_long=0.50, α_ml=0.66
          Day 15/30: α_short=0.35, α_long=0.65, α_ml=0.64
          Day 20/30: α_short=0.35, α_long=0.65, α_ml=0.61
          Day 25/30: α_short=0.35, α_long=0.65, α_ml=0.59
          Day 30/30: α_short=0.35, α_long=0.65, α_ml=0.56
          Final forecast shape: (2880,)
          Final range: [0.000, 0.365]

[STEP 4/4] Validation...
         ✓ Shape correct (2880 steps)
         ✓ Range valid [0.000, 0.365]
         ✓ All night hours zero
         ✓ Daylight mean: 0.138

[SUCCESS] Hierarchical 30-day forecast complete!
          Total TFT calls: 1 long-head + 30 short-head = 31

[INFO] Hierarchical 30-day forecast starting 2024-11-28 00:00:00+00:00
[INFO] Fetching live weather from OpenMeteo API...
                [Auto-selected ECMWF API for 15-day forecast]
[WeatherClient] Fetching 15-day ECMWF forecast
                Location: (48.6946°N, 12.5976°E)
                Period: 2024-11-28 → 2024-12-13
                Tilt/Azimuth: 25.0° / 180.0°
                API: ECMWF
[ERROR] Live weather fetch failed: OpenMeteo API call failed: {'error': True, 'reason': "Parameter 'start_date' is out of allowed range from 2025-10-06 to 2026-01-22"}
[ERROR] Falling back to test weather data if available
       Architecture: Long-head (strategic) + 30× Short-head (tactical) + Physics

[PREP] Preparing data for multi-resolution inference...
       Input frequency detected: 15min
       Resampling to hourly for long-head...
       Hourly shape: historical=(720, 28), weather=(720, 32)

[STEP 1/4] Computing PVLib physics baseline (2880 steps @ 15-min)...
          Weather window: 2880 steps (2024-11-28 00:00:00+00:00 → 2024-12-27 23:45:00+00:00)
          Using pre-computed PVLib baseline (pvlib_ac_kw column)
          PVLib shape: (2880,), range: [0.000, 0.614]

[STEP 2/4] Running long-head TFT (strategic: 720 hours @ 1-hour)...
          Long-head shape: (720,)
          Upsampling long-head to 15-min resolution...
          Long upsampled shape: (2880,)

[STEP 3/4] Rolling short-head refinement (30 days × 96 steps)...
          Day  5/30: α_short=0.65, α_long=0.35, α_ml=0.69
          Day 10/30: α_short=0.50, α_long=0.50, α_ml=0.66
          Day 15/30: α_short=0.35, α_long=0.65, α_ml=0.64
          Day 20/30: α_short=0.35, α_long=0.65, α_ml=0.61
          Day 25/30: α_short=0.35, α_long=0.65, α_ml=0.59
          Day 30/30: α_short=0.35, α_long=0.65, α_ml=0.56
          Final forecast shape: (2880,)
          Final range: [0.000, 0.369]

[STEP 4/4] Validation...
         ✓ Shape correct (2880 steps)
         ✓ Range valid [0.000, 0.369]
         ✓ All night hours zero
         ✓ Daylight mean: 0.145

[SUCCESS] Hierarchical 30-day forecast complete!
          Total TFT calls: 1 long-head + 30 short-head = 31

[INFO] Hierarchical 30-day forecast starting 2024-11-29 00:00:00+00:00
[INFO] Fetching live weather from OpenMeteo API...
                [Auto-selected ECMWF API for 15-day forecast]
[WeatherClient] Fetching 15-day ECMWF forecast
                Location: (48.6946°N, 12.5976°E)
                Period: 2024-11-29 → 2024-12-14
                Tilt/Azimuth: 25.0° / 180.0°
                API: ECMWF
[ERROR] Live weather fetch failed: OpenMeteo API call failed: {'error': True, 'reason': "Parameter 'start_date' is out of allowed range from 2025-10-06 to 2026-01-22"}
[ERROR] Falling back to test weather data if available
       Architecture: Long-head (strategic) + 30× Short-head (tactical) + Physics

[PREP] Preparing data for multi-resolution inference...
       Input frequency detected: 15min
       Resampling to hourly for long-head...
       Hourly shape: historical=(720, 28), weather=(720, 32)

[STEP 1/4] Computing PVLib physics baseline (2880 steps @ 15-min)...
          Weather window: 2880 steps (2024-11-29 00:00:00+00:00 → 2024-12-28 23:45:00+00:00)
          Using pre-computed PVLib baseline (pvlib_ac_kw column)
          PVLib shape: (2880,), range: [0.000, 0.614]

[STEP 2/4] Running long-head TFT (strategic: 720 hours @ 1-hour)...
          Long-head shape: (720,)
          Upsampling long-head to 15-min resolution...
          Long upsampled shape: (2880,)

[STEP 3/4] Rolling short-head refinement (30 days × 96 steps)...
          Day  5/30: α_short=0.65, α_long=0.35, α_ml=0.69
          Day 10/30: α_short=0.50, α_long=0.50, α_ml=0.66
          Day 15/30: α_short=0.35, α_long=0.65, α_ml=0.64
          Day 20/30: α_short=0.35, α_long=0.65, α_ml=0.61
          Day 25/30: α_short=0.35, α_long=0.65, α_ml=0.59
          Day 30/30: α_short=0.35, α_long=0.65, α_ml=0.56
          Final forecast shape: (2880,)
          Final range: [0.000, 0.367]

[STEP 4/4] Validation...
         ✓ Shape correct (2880 steps)
         ✓ Range valid [0.000, 0.367]
         ✓ All night hours zero
         ✓ Daylight mean: 0.151

[SUCCESS] Hierarchical 30-day forecast complete!
          Total TFT calls: 1 long-head + 30 short-head = 31

[INFO] Hierarchical 30-day forecast starting 2024-11-30 00:00:00+00:00
[INFO] Fetching live weather from OpenMeteo API...
                [Auto-selected ECMWF API for 15-day forecast]
[WeatherClient] Fetching 15-day ECMWF forecast
                Location: (48.6946°N, 12.5976°E)
                Period: 2024-11-30 → 2024-12-15
                Tilt/Azimuth: 25.0° / 180.0°
                API: ECMWF
[ERROR] Live weather fetch failed: OpenMeteo API call failed: {'error': True, 'reason': "Parameter 'start_date' is out of allowed range from 2025-10-06 to 2026-01-22"}
[ERROR] Falling back to test weather data if available
       Architecture: Long-head (strategic) + 30× Short-head (tactical) + Physics

[PREP] Preparing data for multi-resolution inference...
       Input frequency detected: 15min
       Resampling to hourly for long-head...
       Hourly shape: historical=(720, 28), weather=(720, 32)

[STEP 1/4] Computing PVLib physics baseline (2880 steps @ 15-min)...
          Weather window: 2880 steps (2024-11-30 00:00:00+00:00 → 2024-12-29 23:45:00+00:00)
          Using pre-computed PVLib baseline (pvlib_ac_kw column)
          PVLib shape: (2880,), range: [0.000, 0.614]

[STEP 2/4] Running long-head TFT (strategic: 720 hours @ 1-hour)...
          Long-head shape: (720,)
          Upsampling long-head to 15-min resolution...
          Long upsampled shape: (2880,)

[STEP 3/4] Rolling short-head refinement (30 days × 96 steps)...
          Day  5/30: α_short=0.65, α_long=0.35, α_ml=0.69
          Day 10/30: α_short=0.50, α_long=0.50, α_ml=0.66
          Day 15/30: α_short=0.35, α_long=0.65, α_ml=0.64
          Day 20/30: α_short=0.35, α_long=0.65, α_ml=0.61
          Day 25/30: α_short=0.35, α_long=0.65, α_ml=0.59
          Day 30/30: α_short=0.35, α_long=0.65, α_ml=0.56
          Final forecast shape: (2880,)
          Final range: [0.000, 0.384]

[STEP 4/4] Validation...
         ✓ Shape correct (2880 steps)
         ✓ Range valid [0.000, 0.384]
         ✓ All night hours zero
         ✓ Daylight mean: 0.155

[SUCCESS] Hierarchical 30-day forecast complete!
          Total TFT calls: 1 long-head + 30 short-head = 31

[INFO] Hierarchical 30-day forecast starting 2024-12-01 00:00:00+00:00
[INFO] Fetching live weather from OpenMeteo API...
                [Auto-selected ECMWF API for 15-day forecast]
[WeatherClient] Fetching 15-day ECMWF forecast
                Location: (48.6946°N, 12.5976°E)
                Period: 2024-12-01 → 2024-12-16
                Tilt/Azimuth: 25.0° / 180.0°
                API: ECMWF
/home/dwijenayake/pv_forecast_30d/src/inference/physics_aware_forecaster.py:386: FutureWarning: 'H' is deprecated and will be removed in a future version, please use 'h' instead.
  hourly_hist = historical_df[['timestamp_utc'] + hist_numeric_cols].set_index('timestamp_utc').resample('1H').mean().reset_index()
/home/dwijenayake/pv_forecast_30d/src/inference/physics_aware_forecaster.py:387: FutureWarning: 'H' is deprecated and will be removed in a future version, please use 'h' instead.
  hourly_weather = weather_df[['timestamp_utc'] + weather_numeric_cols].set_index('timestamp_utc').resample('1H').mean().reset_index()
INFO:phase1_inference_with_policy_fixed:Done. Stats: {'attempted': 337, 'saved': 336, 'fallback_no_state': 22, 'skipped_bad_window': 1, 'skipped_failed': 0}
[ERROR] Live weather fetch failed: OpenMeteo API call failed: {'reason': "Parameter 'start_date' is out of allowed range from 2025-10-06 to 2026-01-22", 'error': True}
[ERROR] Falling back to test weather data if available
       Architecture: Long-head (strategic) + 30× Short-head (tactical) + Physics

[PREP] Preparing data for multi-resolution inference...
       Input frequency detected: 15min
       Resampling to hourly for long-head...
       Hourly shape: historical=(720, 28), weather=(720, 32)

[STEP 1/4] Computing PVLib physics baseline (2880 steps @ 15-min)...
          Weather window: 2880 steps (2024-12-01 00:00:00+00:00 → 2024-12-30 23:45:00+00:00)
          Using pre-computed PVLib baseline (pvlib_ac_kw column)
          PVLib shape: (2880,), range: [0.000, 0.598]

[STEP 2/4] Running long-head TFT (strategic: 720 hours @ 1-hour)...
          Long-head shape: (720,)
          Upsampling long-head to 15-min resolution...
          Long upsampled shape: (2880,)

[STEP 3/4] Rolling short-head refinement (30 days × 96 steps)...
          Day  5/30: α_short=0.65, α_long=0.35, α_ml=0.69
          Day 10/30: α_short=0.50, α_long=0.50, α_ml=0.66
          Day 15/30: α_short=0.35, α_long=0.65, α_ml=0.64
          Day 20/30: α_short=0.35, α_long=0.65, α_ml=0.61
          Day 25/30: α_short=0.35, α_long=0.65, α_ml=0.59
          Day 30/30: α_short=0.35, α_long=0.65, α_ml=0.56
          Final forecast shape: (2880,)
          Final range: [0.000, 0.381]

[STEP 4/4] Validation...
         ✓ Shape correct (2880 steps)
         ✓ Range valid [0.000, 0.381]
         ✓ All night hours zero
         ✓ Daylight mean: 0.150

[SUCCESS] Hierarchical 30-day forecast complete!
          Total TFT calls: 1 long-head + 30 short-head = 31
