nohup: ignoring input
2026-01-03 21:23:00,009 - INFO - 
======================================================================
2026-01-03 21:23:00,010 - INFO - PHASE 1 INFERENCE PIPELINE: Dec 2023 - Dec 2024
2026-01-03 21:23:00,010 - INFO - ======================================================================
2026-01-03 21:23:00,010 - INFO - 
======================================================================
2026-01-03 21:23:00,010 - INFO - STEP 1: FETCHING WEATHER (source: historical)
2026-01-03 21:23:00,010 - INFO - ======================================================================
2026-01-03 21:23:00,010 - INFO - Using: OpenMeteo Historical Archive (ERA5)
2026-01-03 21:23:00,010 - INFO - Period: 2023-11-24 → 2024-12-31 (includes 7-day warmup)
2026-01-03 21:23:00,010 - INFO - Location: 48.694644°N, 12.597587°E
2026-01-03 21:23:00,013 - INFO - 
[Chunk 1] 2023-11-24 → 2024-01-22
2026-01-03 21:23:00,024 - INFO -   ✓ Fetched 1440 steps @ hourly
2026-01-03 21:23:00,024 - INFO - 
[Chunk 2] 2024-01-23 → 2024-03-22
2026-01-03 21:23:00,027 - INFO -   ✓ Fetched 1440 steps @ hourly
2026-01-03 21:23:00,027 - INFO - 
[Chunk 3] 2024-03-23 → 2024-05-21
2026-01-03 21:23:00,029 - INFO -   ✓ Fetched 1440 steps @ hourly
2026-01-03 21:23:00,029 - INFO - 
[Chunk 4] 2024-05-22 → 2024-07-20
2026-01-03 21:23:00,031 - INFO -   ✓ Fetched 1440 steps @ hourly
2026-01-03 21:23:00,031 - INFO - 
[Chunk 5] 2024-07-21 → 2024-09-18
2026-01-03 21:23:00,034 - INFO -   ✓ Fetched 1440 steps @ hourly
2026-01-03 21:23:00,034 - INFO - 
[Chunk 6] 2024-09-19 → 2024-11-17
2026-01-03 21:23:00,036 - INFO -   ✓ Fetched 1440 steps @ hourly
2026-01-03 21:23:00,036 - INFO - 
[Chunk 7] 2024-11-18 → 2024-12-31
2026-01-03 21:23:00,038 - INFO -   ✓ Fetched 1056 steps @ hourly
2026-01-03 21:23:00,041 - INFO - 
Resampling 9696 hourly steps → 15min...
2026-01-03 21:23:00,088 - INFO - Saving raw irradiance copies...
2026-01-03 21:23:00,090 - INFO - Computing PVLib features...
2026-01-03 21:23:00,371 - INFO - 
✅ Weather fetched: 38,781 timesteps
2026-01-03 21:23:00,371 - INFO -    Saved to: /home/dwijenayake/pv_forecast_30d/data/processed/test_phase1_dec2023_dec2024/weather_raw_15min.parquet
2026-01-03 21:23:00,372 - INFO -    Date range: 2023-11-24 00:00:00+00:00 → 2024-12-31 23:00:00+00:00
2026-01-03 21:23:00,372 - INFO - 
======================================================================
2026-01-03 21:23:00,372 - INFO - STEP 2: PREPROCESSING WEATHER
2026-01-03 21:23:00,372 - INFO - ======================================================================
2026-01-03 21:23:00,372 - INFO - ✓ All 27 required columns present
2026-01-03 21:23:00,458 - INFO - ✓ Saved 15min version: /home/dwijenayake/pv_forecast_30d/data/processed/test_phase1_dec2023_dec2024/weather_with_pvlib_15min.parquet
2026-01-03 21:23:00,458 - INFO - 
Resampling to hourly for long-head...
2026-01-03 21:23:00,513 - INFO - ✓ Saved hourly version: /home/dwijenayake/pv_forecast_30d/data/processed/test_phase1_dec2023_dec2024/weather_with_pvlib_hourly.parquet
2026-01-03 21:23:00,513 - INFO -   15min: 38,781 steps
2026-01-03 21:23:00,513 - INFO -   Hourly: 9,696 steps
2026-01-03 21:23:00,514 - INFO - 
======================================================================
2026-01-03 21:23:00,514 - INFO - STEP 3: EXTRACTING ENCODER CONTEXT
2026-01-03 21:23:00,514 - INFO - ======================================================================
2026-01-03 21:23:00,541 - INFO - Test set found: 2023-10-12 00:45:00+00:00 → 2023-11-30 23:45:00+00:00
2026-01-03 21:23:00,541 - INFO - Required encoder start: 2023-11-24 00:00:00+00:00
2026-01-03 21:23:00,541 - INFO - ✓ Test set covers required encoder period
2026-01-03 21:23:00,549 - INFO - 
✓ Short-head encoder (24h @ 15min):
2026-01-03 21:23:00,550 - INFO -    2023-11-30 00:00:00+00:00 → 2023-11-30 23:45:00+00:00
2026-01-03 21:23:00,550 - INFO -    Saved: /home/dwijenayake/pv_forecast_30d/data/processed/test_phase1_dec2023_dec2024/encoder_context_short.parquet
2026-01-03 21:23:00,555 - INFO - 
✓ Long-head encoder (7d @ 15min, will be resampled to hourly):
2026-01-03 21:23:00,556 - INFO -    2023-11-24 00:00:00+00:00 → 2023-11-30 23:45:00+00:00
2026-01-03 21:23:00,556 - INFO -    Saved: /home/dwijenayake/pv_forecast_30d/data/processed/test_phase1_dec2023_dec2024/encoder_context_long_15min.parquet
2026-01-03 21:23:00,556 - INFO - 
======================================================================
2026-01-03 21:23:00,556 - INFO - INITIALIZING FORECASTER
2026-01-03 21:23:00,556 - INFO - ======================================================================
/home/dwijenayake/.venvs/pvforecast/lib/python3.12/site-packages/lightning/pytorch/utilities/parsing.py:209: Attribute 'loss' is an instance of `nn.Module` and is already saved during checkpointing. It is recommended to ignore them using `self.save_hyperparameters(ignore=['loss'])`.
/home/dwijenayake/.venvs/pvforecast/lib/python3.12/site-packages/lightning/pytorch/utilities/parsing.py:209: Attribute 'logging_metrics' is an instance of `nn.Module` and is already saved during checkpointing. It is recommended to ignore them using `self.save_hyperparameters(ignore=['logging_metrics'])`.
/home/dwijenayake/pv_forecast_30d/src/inference/tft_utils.py:330: FutureWarning: You are using `torch.load` with `weights_only=False` (the current default value), which uses the default pickle module implicitly. It is possible to construct malicious pickle data which will execute arbitrary code during unpickling (See https://github.com/pytorch/pytorch/blob/main/SECURITY.md#untrusted-models for more details). In a future release, the default value for `weights_only` will be flipped to `True`. This limits the functions that could be executed during unpickling. Arbitrary objects will no longer be allowed to be loaded via this mode unless they are explicitly allowlisted by the user via `torch.serialization.add_safe_globals`. We recommend you start setting `weights_only=True` for any use case where you don't have full control of the loaded file. Please open an issue on GitHub for any issues related to this experimental feature.
  obj = torch.load(ckpt_path, map_location="cpu")
2026-01-03 21:23:03,452 - INFO - ✓ Forecaster ready
2026-01-03 21:23:03,452 - INFO - 
======================================================================
2026-01-03 21:23:03,452 - INFO - STEP 4: RUNNING ROLLING INFERENCE (DYNAMIC ANCHORING)
2026-01-03 21:23:03,452 - INFO - ======================================================================
2026-01-03 21:23:03,452 - INFO - Start: 2023-12-01 00:00:00+00:00
2026-01-03 21:23:03,452 - INFO - End: 2024-12-31 00:00:00+00:00
2026-01-03 21:23:03,452 - INFO - Stride: 7 days
2026-01-03 21:23:03,452 - INFO - Strategy: DYNAMIC (use predicted power as encoder)

[INFO] Initializing PhysicsAwareForecaster on cuda
[INFO] Loading TFT configurations...
[INFO] Loading training datasets for normalization...
       Short-head dataset: encoder=96, pred=96
       Long-head dataset: encoder=168, pred=720
[INFO] Loading TFT models...
       Short-head model loaded from checkpoints
       Long-head model loaded from checkpoints
[INFO] PVLib predictor ready for plant_03
[INFO] GPU: NVIDIA L4
[INFO] Models confirmed on GPU: cuda:0
[INFO] RL Meta-Controller initialized (mode=heuristic)
[INFO] PhysicsAwareForecaster initialized successfully
Rolling forecasts: 0forecast [00:00, ?forecast/s]2026-01-03 21:23:03,454 - INFO - 
[Forecast 1] Starting: 2023-12-01 00:00:00+00:00
/home/dwijenayake/pv_forecast_30d/src/inference/physics_aware_forecaster.py:303: FutureWarning: 'H' is deprecated and will be removed in a future version, please use 'h' instead.
  hourly_hist = historical_df[['timestamp_utc'] + hist_numeric_cols].set_index('timestamp_utc').resample('1H').mean().reset_index()
/home/dwijenayake/pv_forecast_30d/src/inference/physics_aware_forecaster.py:304: FutureWarning: 'H' is deprecated and will be removed in a future version, please use 'h' instead.
  hourly_weather = weather_df[['timestamp_utc'] + weather_numeric_cols].set_index('timestamp_utc').resample('1H').mean().reset_index()
2026-01-03 21:23:05,815 - INFO -   ✓ Predicted 2880 steps
2026-01-03 21:23:05,815 - INFO -     Power range: [0.000, 0.292]
2026-01-03 21:23:05,816 - INFO -   ↻ Updated short-head encoder: 2023-12-07 00:00:00 → 2023-12-07 23:45:00
2026-01-03 21:23:05,817 - INFO -   ↻ Updated long-head encoder: 2023-12-01 00:00:00 → 2023-12-07 23:45:00
Rolling forecasts: 1forecast [00:02,  2.36s/forecast]2026-01-03 21:23:05,818 - INFO - 
[Forecast 2] Starting: 2023-12-08 00:00:00+00:00
/home/dwijenayake/pv_forecast_30d/src/inference/physics_aware_forecaster.py:303: FutureWarning: 'H' is deprecated and will be removed in a future version, please use 'h' instead.
  hourly_hist = historical_df[['timestamp_utc'] + hist_numeric_cols].set_index('timestamp_utc').resample('1H').mean().reset_index()
/home/dwijenayake/pv_forecast_30d/src/inference/physics_aware_forecaster.py:304: FutureWarning: 'H' is deprecated and will be removed in a future version, please use 'h' instead.
  hourly_weather = weather_df[['timestamp_utc'] + weather_numeric_cols].set_index('timestamp_utc').resample('1H').mean().reset_index()
2026-01-03 21:23:07,815 - INFO -   ✓ Predicted 2880 steps
2026-01-03 21:23:07,816 - INFO -     Power range: [0.000, 0.280]
2026-01-03 21:23:07,817 - INFO -   ↻ Updated short-head encoder: 2023-12-14 00:00:00 → 2023-12-14 23:45:00
2026-01-03 21:23:07,818 - INFO -   ↻ Updated long-head encoder: 2023-12-08 00:00:00 → 2023-12-14 23:45:00
Rolling forecasts: 2forecast [00:04,  2.15s/forecast]2026-01-03 21:23:07,818 - INFO - 
[Forecast 3] Starting: 2023-12-15 00:00:00+00:00
/home/dwijenayake/pv_forecast_30d/src/inference/physics_aware_forecaster.py:303: FutureWarning: 'H' is deprecated and will be removed in a future version, please use 'h' instead.
  hourly_hist = historical_df[['timestamp_utc'] + hist_numeric_cols].set_index('timestamp_utc').resample('1H').mean().reset_index()
/home/dwijenayake/pv_forecast_30d/src/inference/physics_aware_forecaster.py:304: FutureWarning: 'H' is deprecated and will be removed in a future version, please use 'h' instead.
  hourly_weather = weather_df[['timestamp_utc'] + weather_numeric_cols].set_index('timestamp_utc').resample('1H').mean().reset_index()
2026-01-03 21:23:09,815 - INFO -   ✓ Predicted 2880 steps
2026-01-03 21:23:09,816 - INFO -     Power range: [0.000, 0.382]
2026-01-03 21:23:09,817 - INFO -   ↻ Updated short-head encoder: 2023-12-21 00:00:00 → 2023-12-21 23:45:00
2026-01-03 21:23:09,818 - INFO -   ↻ Updated long-head encoder: 2023-12-15 00:00:00 → 2023-12-21 23:45:00
Rolling forecasts: 3forecast [00:06,  2.08s/forecast]2026-01-03 21:23:09,818 - INFO - 
[Forecast 4] Starting: 2023-12-22 00:00:00+00:00
/home/dwijenayake/pv_forecast_30d/src/inference/physics_aware_forecaster.py:303: FutureWarning: 'H' is deprecated and will be removed in a future version, please use 'h' instead.
  hourly_hist = historical_df[['timestamp_utc'] + hist_numeric_cols].set_index('timestamp_utc').resample('1H').mean().reset_index()
/home/dwijenayake/pv_forecast_30d/src/inference/physics_aware_forecaster.py:304: FutureWarning: 'H' is deprecated and will be removed in a future version, please use 'h' instead.
  hourly_weather = weather_df[['timestamp_utc'] + weather_numeric_cols].set_index('timestamp_utc').resample('1H').mean().reset_index()
2026-01-03 21:23:11,596 - INFO -   ✓ Predicted 2880 steps
2026-01-03 21:23:11,596 - INFO -     Power range: [0.000, 0.369]
2026-01-03 21:23:11,597 - INFO -   ↻ Updated short-head encoder: 2023-12-28 00:00:00 → 2023-12-28 23:45:00
2026-01-03 21:23:11,598 - INFO -   ↻ Updated long-head encoder: 2023-12-22 00:00:00 → 2023-12-28 23:45:00
Rolling forecasts: 4forecast [00:08,  1.96s/forecast]2026-01-03 21:23:11,598 - INFO - 
[Forecast 5] Starting: 2023-12-29 00:00:00+00:00
/home/dwijenayake/pv_forecast_30d/src/inference/physics_aware_forecaster.py:303: FutureWarning: 'H' is deprecated and will be removed in a future version, please use 'h' instead.
  hourly_hist = historical_df[['timestamp_utc'] + hist_numeric_cols].set_index('timestamp_utc').resample('1H').mean().reset_index()
/home/dwijenayake/pv_forecast_30d/src/inference/physics_aware_forecaster.py:304: FutureWarning: 'H' is deprecated and will be removed in a future version, please use 'h' instead.
  hourly_weather = weather_df[['timestamp_utc'] + weather_numeric_cols].set_index('timestamp_utc').resample('1H').mean().reset_index()
2026-01-03 21:23:12,838 - INFO -   ✓ Predicted 2880 steps
2026-01-03 21:23:12,838 - INFO -     Power range: [0.000, 0.367]
2026-01-03 21:23:12,838 - INFO -   ↻ Updated short-head encoder: 2024-01-04 00:00:00 → 2024-01-04 23:45:00
2026-01-03 21:23:12,839 - INFO -   ↻ Updated long-head encoder: 2023-12-29 00:00:00 → 2024-01-04 23:45:00
Rolling forecasts: 5forecast [00:09,  1.70s/forecast]2026-01-03 21:23:12,840 - INFO - 
[Forecast 6] Starting: 2024-01-05 00:00:00+00:00

[INFO] Hierarchical 30-day forecast starting 2023-12-01 00:00:00+00:00
       Architecture: Long-head (strategic) + 30× Short-head (tactical) + Physics

[PREP] Preparing data for multi-resolution inference...
       Input frequency detected: 15min
       Resampling to hourly for long-head...
       Hourly shape: historical=(168, 33), weather=(720, 27)

[STEP 1/4] Computing PVLib physics baseline (2880 steps @ 15-min)...
          Weather window: 2880 steps (2023-12-01 00:00:00+00:00 → 2023-12-30 23:45:00+00:00)
          Using pre-computed PVLib baseline (pvlib_ac_kw column)
          PVLib shape: (2880,), range: [0.000, 0.590]

[STEP 2/4] Running long-head TFT (strategic: 720 hours @ 1-hour)...
          Long-head shape: (720,)
          Upsampling long-head to 15-min resolution...
          Long upsampled shape: (2880,)

[STEP 3/4] Rolling short-head refinement (30 days × 96 steps)...
          Day  5/30: α_short=0.65, α_long=0.35, α_ml=0.69
          Day 10/30: α_short=0.50, α_long=0.50, α_ml=0.66
          Day 15/30: α_short=0.35, α_long=0.65, α_ml=0.64
          Day 20/30: α_short=0.35, α_long=0.65, α_ml=0.61
          Day 25/30: α_short=0.35, α_long=0.65, α_ml=0.59
          Day 30/30: α_short=0.35, α_long=0.65, α_ml=0.56
          Final forecast shape: (2880,)
          Final range: [0.000, 0.292]

[STEP 4/4] Validation...
         ✓ Shape correct (2880 steps)
         ✓ Range valid [0.000, 0.292]
         ✓ All night hours zero
         ✓ Daylight mean: 0.131

[SUCCESS] Hierarchical 30-day forecast complete!
          Total TFT calls: 1 long-head + 30 short-head = 31

[INFO] Hierarchical 30-day forecast starting 2023-12-08 00:00:00+00:00
       Architecture: Long-head (strategic) + 30× Short-head (tactical) + Physics

[PREP] Preparing data for multi-resolution inference...
       Input frequency detected: 15min
       Resampling to hourly for long-head...
       Hourly shape: historical=(168, 33), weather=(720, 27)

[STEP 1/4] Computing PVLib physics baseline (2880 steps @ 15-min)...
          Weather window: 2880 steps (2023-12-08 00:00:00+00:00 → 2024-01-06 23:45:00+00:00)
          Using pre-computed PVLib baseline (pvlib_ac_kw column)
          PVLib shape: (2880,), range: [0.000, 0.590]

[STEP 2/4] Running long-head TFT (strategic: 720 hours @ 1-hour)...
          Long-head shape: (720,)
          Upsampling long-head to 15-min resolution...
          Long upsampled shape: (2880,)

[STEP 3/4] Rolling short-head refinement (30 days × 96 steps)...
          Day  5/30: α_short=0.65, α_long=0.35, α_ml=0.69
          Day 10/30: α_short=0.50, α_long=0.50, α_ml=0.66
          Day 15/30: α_short=0.35, α_long=0.65, α_ml=0.64
          Day 20/30: α_short=0.35, α_long=0.65, α_ml=0.61
          Day 25/30: α_short=0.35, α_long=0.65, α_ml=0.59
          Day 30/30: α_short=0.35, α_long=0.65, α_ml=0.56
          Final forecast shape: (2880,)
          Final range: [0.000, 0.280]

[STEP 4/4] Validation...
         ✓ Shape correct (2880 steps)
         ✓ Range valid [0.000, 0.280]
         ✓ All night hours zero
         ✓ Daylight mean: 0.136

[SUCCESS] Hierarchical 30-day forecast complete!
          Total TFT calls: 1 long-head + 30 short-head = 31

[INFO] Hierarchical 30-day forecast starting 2023-12-15 00:00:00+00:00
       Architecture: Long-head (strategic) + 30× Short-head (tactical) + Physics

[PREP] Preparing data for multi-resolution inference...
       Input frequency detected: 15min
       Resampling to hourly for long-head...
       Hourly shape: historical=(168, 33), weather=(720, 27)

[STEP 1/4] Computing PVLib physics baseline (2880 steps @ 15-min)...
          Weather window: 2880 steps (2023-12-15 00:00:00+00:00 → 2024-01-13 23:45:00+00:00)
          Using pre-computed PVLib baseline (pvlib_ac_kw column)
          PVLib shape: (2880,), range: [0.000, 0.640]

[STEP 2/4] Running long-head TFT (strategic: 720 hours @ 1-hour)...
          Long-head shape: (720,)
          Upsampling long-head to 15-min resolution...
          Long upsampled shape: (2880,)

[STEP 3/4] Rolling short-head refinement (30 days × 96 steps)...
          Day  5/30: α_short=0.65, α_long=0.35, α_ml=0.69
          Day 10/30: α_short=0.50, α_long=0.50, α_ml=0.66
          Day 15/30: α_short=0.35, α_long=0.65, α_ml=0.64
          Day 20/30: α_short=0.35, α_long=0.65, α_ml=0.61
          Day 25/30: α_short=0.35, α_long=0.65, α_ml=0.59
          Day 30/30: α_short=0.35, α_long=0.65, α_ml=0.56
          Final forecast shape: (2880,)
          Final range: [0.000, 0.382]

[STEP 4/4] Validation...
         ✓ Shape correct (2880 steps)
         ✓ Range valid [0.000, 0.382]
         ✓ All night hours zero
         ✓ Daylight mean: 0.157

[SUCCESS] Hierarchical 30-day forecast complete!
          Total TFT calls: 1 long-head + 30 short-head = 31

[INFO] Hierarchical 30-day forecast starting 2023-12-22 00:00:00+00:00
       Architecture: Long-head (strategic) + 30× Short-head (tactical) + Physics

[PREP] Preparing data for multi-resolution inference...
       Input frequency detected: 15min
       Resampling to hourly for long-head...
       Hourly shape: historical=(168, 33), weather=(720, 27)

[STEP 1/4] Computing PVLib physics baseline (2880 steps @ 15-min)...
          Weather window: 2880 steps (2023-12-22 00:00:00+00:00 → 2024-01-20 23:45:00+00:00)
          Using pre-computed PVLib baseline (pvlib_ac_kw column)
          PVLib shape: (2880,), range: [0.000, 0.674]

[STEP 2/4] Running long-head TFT (strategic: 720 hours @ 1-hour)...
          Long-head shape: (720,)
          Upsampling long-head to 15-min resolution...
          Long upsampled shape: (2880,)

[STEP 3/4] Rolling short-head refinement (30 days × 96 steps)...
          Day  5/30: α_short=0.65, α_long=0.35, α_ml=0.69
          Day 10/30: α_short=0.50, α_long=0.50, α_ml=0.66
          Day 15/30: α_short=0.35, α_long=0.65, α_ml=0.64
          Day 20/30: α_short=0.35, α_long=0.65, α_ml=0.61
          Day 25/30: α_short=0.35, α_long=0.65, α_ml=0.59
          Day 30/30: α_short=0.35, α_long=0.65, α_ml=0.56
          Final forecast shape: (2880,)
          Final range: [0.000, 0.369]

[STEP 4/4] Validation...
         ✓ Shape correct (2880 steps)
         ✓ Range valid [0.000, 0.369]
         ✓ All night hours zero
         ✓ Daylight mean: 0.158

[SUCCESS] Hierarchical 30-day forecast complete!
          Total TFT calls: 1 long-head + 30 short-head = 31

[INFO] Hierarchical 30-day forecast starting 2023-12-29 00:00:00+00:00
       Architecture: Long-head (strategic) + 30× Short-head (tactical) + Physics

[PREP] Preparing data for multi-resolution inference...
       Input frequency detected: 15min
       Resampling to hourly for long-head...
       Hourly shape: historical=(168, 33), weather=(720, 27)

[STEP 1/4] Computing PVLib physics baseline (2880 steps @ 15-min)...
          Weather window: 2880 steps (2023-12-29 00:00:00+00:00 → 2024-01-27 23:45:00+00:00)
          Using pre-computed PVLib baseline (pvlib_ac_kw column)
          PVLib shape: (2880,), range: [0.000, 0.674]

[STEP 2/4] Running long-head TFT (strategic: 720 hours @ 1-hour)...
          Long-head shape: (720,)
          Upsampling long-head to 15-min resolution...
          Long upsampled shape: (2880,)

[STEP 3/4] Rolling short-head refinement (30 days × 96 steps)...
          Day  5/30: α_short=0.65, α_long=0.35, α_ml=0.69
          Day 10/30: α_short=0.50, α_long=0.50, α_ml=0.66
          Day 15/30: α_short=0.35, α_long=0.65, α_ml=0.64
          Day 20/30: α_short=0.35, α_long=0.65, α_ml=0.61
          Day 25/30: α_short=0.35, α_long=0.65, α_ml=0.59
          Day 30/30: α_short=0.35, α_long=0.65, α_ml=0.56
          Final forecast shape: (2880,)
          Final range: [0.000, 0.367]

[STEP 4/4] Validation...
         ✓ Shape correct (2880 steps)
         ✓ Range valid [0.000, 0.367]
         ✓ All night hours zero
         ✓ Daylight mean: 0.159

[SUCCESS] Hierarchical 30-day forecast complete!
          Total TFT calls: 1 long-head + 30 short-head = 31
/home/dwijenayake/pv_forecast_30d/src/inference/physics_aware_forecaster.py:303: FutureWarning: 'H' is deprecated and will be removed in a future version, please use 'h' instead.
  hourly_hist = historical_df[['timestamp_utc'] + hist_numeric_cols].set_index('timestamp_utc').resample('1H').mean().reset_index()
/home/dwijenayake/pv_forecast_30d/src/inference/physics_aware_forecaster.py:304: FutureWarning: 'H' is deprecated and will be removed in a future version, please use 'h' instead.
  hourly_weather = weather_df[['timestamp_utc'] + weather_numeric_cols].set_index('timestamp_utc').resample('1H').mean().reset_index()
2026-01-03 21:23:14,079 - INFO -   ✓ Predicted 2880 steps
2026-01-03 21:23:14,079 - INFO -     Power range: [0.000, 0.398]
2026-01-03 21:23:14,079 - INFO -   ↻ Updated short-head encoder: 2024-01-11 00:00:00 → 2024-01-11 23:45:00
2026-01-03 21:23:14,080 - INFO -   ↻ Updated long-head encoder: 2024-01-05 00:00:00 → 2024-01-11 23:45:00
Rolling forecasts: 6forecast [00:10,  1.55s/forecast]2026-01-03 21:23:14,080 - INFO - 
[Forecast 7] Starting: 2024-01-12 00:00:00+00:00
/home/dwijenayake/pv_forecast_30d/src/inference/physics_aware_forecaster.py:303: FutureWarning: 'H' is deprecated and will be removed in a future version, please use 'h' instead.
  hourly_hist = historical_df[['timestamp_utc'] + hist_numeric_cols].set_index('timestamp_utc').resample('1H').mean().reset_index()
/home/dwijenayake/pv_forecast_30d/src/inference/physics_aware_forecaster.py:304: FutureWarning: 'H' is deprecated and will be removed in a future version, please use 'h' instead.
  hourly_weather = weather_df[['timestamp_utc'] + weather_numeric_cols].set_index('timestamp_utc').resample('1H').mean().reset_index()
2026-01-03 21:23:15,321 - INFO -   ✓ Predicted 2880 steps
2026-01-03 21:23:15,321 - INFO -     Power range: [0.000, 0.381]
2026-01-03 21:23:15,322 - INFO -   ↻ Updated short-head encoder: 2024-01-18 00:00:00 → 2024-01-18 23:45:00
2026-01-03 21:23:15,322 - INFO -   ↻ Updated long-head encoder: 2024-01-12 00:00:00 → 2024-01-18 23:45:00
Rolling forecasts: 7forecast [00:11,  1.45s/forecast]2026-01-03 21:23:15,322 - INFO - 
[Forecast 8] Starting: 2024-01-19 00:00:00+00:00
/home/dwijenayake/pv_forecast_30d/src/inference/physics_aware_forecaster.py:303: FutureWarning: 'H' is deprecated and will be removed in a future version, please use 'h' instead.
  hourly_hist = historical_df[['timestamp_utc'] + hist_numeric_cols].set_index('timestamp_utc').resample('1H').mean().reset_index()
/home/dwijenayake/pv_forecast_30d/src/inference/physics_aware_forecaster.py:304: FutureWarning: 'H' is deprecated and will be removed in a future version, please use 'h' instead.
  hourly_weather = weather_df[['timestamp_utc'] + weather_numeric_cols].set_index('timestamp_utc').resample('1H').mean().reset_index()
2026-01-03 21:23:16,569 - INFO -   ✓ Predicted 2880 steps
2026-01-03 21:23:16,569 - INFO -     Power range: [0.000, 0.379]
2026-01-03 21:23:16,569 - INFO -   ↻ Updated short-head encoder: 2024-01-25 00:00:00 → 2024-01-25 23:45:00
2026-01-03 21:23:16,570 - INFO -   ↻ Updated long-head encoder: 2024-01-19 00:00:00 → 2024-01-25 23:45:00
Rolling forecasts: 8forecast [00:13,  1.38s/forecast]2026-01-03 21:23:16,570 - INFO - 
[Forecast 9] Starting: 2024-01-26 00:00:00+00:00
/home/dwijenayake/pv_forecast_30d/src/inference/physics_aware_forecaster.py:303: FutureWarning: 'H' is deprecated and will be removed in a future version, please use 'h' instead.
  hourly_hist = historical_df[['timestamp_utc'] + hist_numeric_cols].set_index('timestamp_utc').resample('1H').mean().reset_index()
/home/dwijenayake/pv_forecast_30d/src/inference/physics_aware_forecaster.py:304: FutureWarning: 'H' is deprecated and will be removed in a future version, please use 'h' instead.
  hourly_weather = weather_df[['timestamp_utc'] + weather_numeric_cols].set_index('timestamp_utc').resample('1H').mean().reset_index()
2026-01-03 21:23:17,811 - INFO -   ✓ Predicted 2880 steps
2026-01-03 21:23:17,811 - INFO -     Power range: [0.000, 0.438]
2026-01-03 21:23:17,812 - INFO -   ↻ Updated short-head encoder: 2024-02-01 00:00:00 → 2024-02-01 23:45:00
2026-01-03 21:23:17,813 - INFO -   ↻ Updated long-head encoder: 2024-01-26 00:00:00 → 2024-02-01 23:45:00
Rolling forecasts: 9forecast [00:14,  1.34s/forecast]2026-01-03 21:23:17,813 - INFO - 
[Forecast 10] Starting: 2024-02-02 00:00:00+00:00
/home/dwijenayake/pv_forecast_30d/src/inference/physics_aware_forecaster.py:303: FutureWarning: 'H' is deprecated and will be removed in a future version, please use 'h' instead.
  hourly_hist = historical_df[['timestamp_utc'] + hist_numeric_cols].set_index('timestamp_utc').resample('1H').mean().reset_index()
/home/dwijenayake/pv_forecast_30d/src/inference/physics_aware_forecaster.py:304: FutureWarning: 'H' is deprecated and will be removed in a future version, please use 'h' instead.
  hourly_weather = weather_df[['timestamp_utc'] + weather_numeric_cols].set_index('timestamp_utc').resample('1H').mean().reset_index()
2026-01-03 21:23:19,054 - INFO -   ✓ Predicted 2880 steps
2026-01-03 21:23:19,054 - INFO -     Power range: [0.000, 0.417]
2026-01-03 21:23:19,055 - INFO -   ↻ Updated short-head encoder: 2024-02-08 00:00:00 → 2024-02-08 23:45:00
2026-01-03 21:23:19,055 - INFO -   ↻ Updated long-head encoder: 2024-02-02 00:00:00 → 2024-02-08 23:45:00
Rolling forecasts: 10forecast [00:15,  1.31s/forecast]2026-01-03 21:23:19,055 - INFO - 
[Forecast 11] Starting: 2024-02-09 00:00:00+00:00

[INFO] Hierarchical 30-day forecast starting 2024-01-05 00:00:00+00:00
       Architecture: Long-head (strategic) + 30× Short-head (tactical) + Physics

[PREP] Preparing data for multi-resolution inference...
       Input frequency detected: 15min
       Resampling to hourly for long-head...
       Hourly shape: historical=(168, 33), weather=(720, 27)

[STEP 1/4] Computing PVLib physics baseline (2880 steps @ 15-min)...
          Weather window: 2880 steps (2024-01-05 00:00:00+00:00 → 2024-02-03 23:45:00+00:00)
          Using pre-computed PVLib baseline (pvlib_ac_kw column)
          PVLib shape: (2880,), range: [0.000, 0.691]

[STEP 2/4] Running long-head TFT (strategic: 720 hours @ 1-hour)...
          Long-head shape: (720,)
          Upsampling long-head to 15-min resolution...
          Long upsampled shape: (2880,)

[STEP 3/4] Rolling short-head refinement (30 days × 96 steps)...
          Day  5/30: α_short=0.65, α_long=0.35, α_ml=0.69
          Day 10/30: α_short=0.50, α_long=0.50, α_ml=0.66
          Day 15/30: α_short=0.35, α_long=0.65, α_ml=0.64
          Day 20/30: α_short=0.35, α_long=0.65, α_ml=0.61
          Day 25/30: α_short=0.35, α_long=0.65, α_ml=0.59
          Day 30/30: α_short=0.35, α_long=0.65, α_ml=0.56
          Final forecast shape: (2880,)
          Final range: [0.000, 0.398]

[STEP 4/4] Validation...
         ✓ Shape correct (2880 steps)
         ✓ Range valid [0.000, 0.398]
         ✓ All night hours zero
         ✓ Daylight mean: 0.171

[SUCCESS] Hierarchical 30-day forecast complete!
          Total TFT calls: 1 long-head + 30 short-head = 31

[INFO] Hierarchical 30-day forecast starting 2024-01-12 00:00:00+00:00
       Architecture: Long-head (strategic) + 30× Short-head (tactical) + Physics

[PREP] Preparing data for multi-resolution inference...
       Input frequency detected: 15min
       Resampling to hourly for long-head...
       Hourly shape: historical=(168, 33), weather=(720, 27)

[STEP 1/4] Computing PVLib physics baseline (2880 steps @ 15-min)...
          Weather window: 2880 steps (2024-01-12 00:00:00+00:00 → 2024-02-10 23:45:00+00:00)
          Using pre-computed PVLib baseline (pvlib_ac_kw column)
          PVLib shape: (2880,), range: [0.000, 0.691]

[STEP 2/4] Running long-head TFT (strategic: 720 hours @ 1-hour)...
          Long-head shape: (720,)
          Upsampling long-head to 15-min resolution...
          Long upsampled shape: (2880,)

[STEP 3/4] Rolling short-head refinement (30 days × 96 steps)...
          Day  5/30: α_short=0.65, α_long=0.35, α_ml=0.69
          Day 10/30: α_short=0.50, α_long=0.50, α_ml=0.66
          Day 15/30: α_short=0.35, α_long=0.65, α_ml=0.64
          Day 20/30: α_short=0.35, α_long=0.65, α_ml=0.61
          Day 25/30: α_short=0.35, α_long=0.65, α_ml=0.59
          Day 30/30: α_short=0.35, α_long=0.65, α_ml=0.56
          Final forecast shape: (2880,)
          Final range: [0.000, 0.381]

[STEP 4/4] Validation...
         ✓ Shape correct (2880 steps)
         ✓ Range valid [0.000, 0.381]
         ✓ All night hours zero
         ✓ Daylight mean: 0.161

[SUCCESS] Hierarchical 30-day forecast complete!
          Total TFT calls: 1 long-head + 30 short-head = 31

[INFO] Hierarchical 30-day forecast starting 2024-01-19 00:00:00+00:00
       Architecture: Long-head (strategic) + 30× Short-head (tactical) + Physics

[PREP] Preparing data for multi-resolution inference...
       Input frequency detected: 15min
       Resampling to hourly for long-head...
       Hourly shape: historical=(168, 33), weather=(720, 27)

[STEP 1/4] Computing PVLib physics baseline (2880 steps @ 15-min)...
          Weather window: 2880 steps (2024-01-19 00:00:00+00:00 → 2024-02-17 23:45:00+00:00)
          Using pre-computed PVLib baseline (pvlib_ac_kw column)
          PVLib shape: (2880,), range: [0.000, 0.691]

[STEP 2/4] Running long-head TFT (strategic: 720 hours @ 1-hour)...
          Long-head shape: (720,)
          Upsampling long-head to 15-min resolution...
          Long upsampled shape: (2880,)

[STEP 3/4] Rolling short-head refinement (30 days × 96 steps)...
          Day  5/30: α_short=0.65, α_long=0.35, α_ml=0.69
          Day 10/30: α_short=0.50, α_long=0.50, α_ml=0.66
          Day 15/30: α_short=0.35, α_long=0.65, α_ml=0.64
          Day 20/30: α_short=0.35, α_long=0.65, α_ml=0.61
          Day 25/30: α_short=0.35, α_long=0.65, α_ml=0.59
          Day 30/30: α_short=0.35, α_long=0.65, α_ml=0.56
          Final forecast shape: (2880,)
          Final range: [0.000, 0.379]

[STEP 4/4] Validation...
         ✓ Shape correct (2880 steps)
         ✓ Range valid [0.000, 0.379]
         ✓ All night hours zero
         ✓ Daylight mean: 0.172

[SUCCESS] Hierarchical 30-day forecast complete!
          Total TFT calls: 1 long-head + 30 short-head = 31

[INFO] Hierarchical 30-day forecast starting 2024-01-26 00:00:00+00:00
       Architecture: Long-head (strategic) + 30× Short-head (tactical) + Physics

[PREP] Preparing data for multi-resolution inference...
       Input frequency detected: 15min
       Resampling to hourly for long-head...
       Hourly shape: historical=(168, 33), weather=(720, 27)

[STEP 1/4] Computing PVLib physics baseline (2880 steps @ 15-min)...
          Weather window: 2880 steps (2024-01-26 00:00:00+00:00 → 2024-02-24 23:45:00+00:00)
          Using pre-computed PVLib baseline (pvlib_ac_kw column)
          PVLib shape: (2880,), range: [0.000, 0.765]

[STEP 2/4] Running long-head TFT (strategic: 720 hours @ 1-hour)...
          Long-head shape: (720,)
          Upsampling long-head to 15-min resolution...
          Long upsampled shape: (2880,)

[STEP 3/4] Rolling short-head refinement (30 days × 96 steps)...
          Day  5/30: α_short=0.65, α_long=0.35, α_ml=0.69
          Day 10/30: α_short=0.50, α_long=0.50, α_ml=0.66
          Day 15/30: α_short=0.35, α_long=0.65, α_ml=0.64
          Day 20/30: α_short=0.35, α_long=0.65, α_ml=0.61
          Day 25/30: α_short=0.35, α_long=0.65, α_ml=0.59
          Day 30/30: α_short=0.35, α_long=0.65, α_ml=0.56
          Final forecast shape: (2880,)
          Final range: [0.000, 0.438]

[STEP 4/4] Validation...
         ✓ Shape correct (2880 steps)
         ✓ Range valid [0.000, 0.438]
         ✓ All night hours zero
         ✓ Daylight mean: 0.187

[SUCCESS] Hierarchical 30-day forecast complete!
          Total TFT calls: 1 long-head + 30 short-head = 31

[INFO] Hierarchical 30-day forecast starting 2024-02-02 00:00:00+00:00
       Architecture: Long-head (strategic) + 30× Short-head (tactical) + Physics

[PREP] Preparing data for multi-resolution inference...
       Input frequency detected: 15min
       Resampling to hourly for long-head...
       Hourly shape: historical=(168, 33), weather=(720, 27)

[STEP 1/4] Computing PVLib physics baseline (2880 steps @ 15-min)...
          Weather window: 2880 steps (2024-02-02 00:00:00+00:00 → 2024-03-02 23:45:00+00:00)
          Using pre-computed PVLib baseline (pvlib_ac_kw column)
          PVLib shape: (2880,), range: [0.000, 0.769]

[STEP 2/4] Running long-head TFT (strategic: 720 hours @ 1-hour)...
          Long-head shape: (720,)
          Upsampling long-head to 15-min resolution...
          Long upsampled shape: (2880,)

[STEP 3/4] Rolling short-head refinement (30 days × 96 steps)...
          Day  5/30: α_short=0.65, α_long=0.35, α_ml=0.69
          Day 10/30: α_short=0.50, α_long=0.50, α_ml=0.66
          Day 15/30: α_short=0.35, α_long=0.65, α_ml=0.64
          Day 20/30: α_short=0.35, α_long=0.65, α_ml=0.61
          Day 25/30: α_short=0.35, α_long=0.65, α_ml=0.59
          Day 30/30: α_short=0.35, α_long=0.65, α_ml=0.56
          Final forecast shape: (2880,)
          Final range: [0.000, 0.417]

[STEP 4/4] Validation...
         ✓ Shape correct (2880 steps)
         ✓ Range valid [0.000, 0.417]
         ✓ All night hours zero
         ✓ Daylight mean: 0.183

[SUCCESS] Hierarchical 30-day forecast complete!
          Total TFT calls: 1 long-head + 30 short-head = 31
/home/dwijenayake/pv_forecast_30d/src/inference/physics_aware_forecaster.py:303: FutureWarning: 'H' is deprecated and will be removed in a future version, please use 'h' instead.
  hourly_hist = historical_df[['timestamp_utc'] + hist_numeric_cols].set_index('timestamp_utc').resample('1H').mean().reset_index()
/home/dwijenayake/pv_forecast_30d/src/inference/physics_aware_forecaster.py:304: FutureWarning: 'H' is deprecated and will be removed in a future version, please use 'h' instead.
  hourly_weather = weather_df[['timestamp_utc'] + weather_numeric_cols].set_index('timestamp_utc').resample('1H').mean().reset_index()
2026-01-03 21:23:20,301 - INFO -   ✓ Predicted 2880 steps
2026-01-03 21:23:20,301 - INFO -     Power range: [0.000, 0.557]
2026-01-03 21:23:20,301 - INFO -   ↻ Updated short-head encoder: 2024-02-15 00:00:00 → 2024-02-15 23:45:00
2026-01-03 21:23:20,302 - INFO -   ↻ Updated long-head encoder: 2024-02-09 00:00:00 → 2024-02-15 23:45:00
Rolling forecasts: 11forecast [00:16,  1.29s/forecast]2026-01-03 21:23:20,302 - INFO - 
[Forecast 12] Starting: 2024-02-16 00:00:00+00:00
/home/dwijenayake/pv_forecast_30d/src/inference/physics_aware_forecaster.py:303: FutureWarning: 'H' is deprecated and will be removed in a future version, please use 'h' instead.
  hourly_hist = historical_df[['timestamp_utc'] + hist_numeric_cols].set_index('timestamp_utc').resample('1H').mean().reset_index()
/home/dwijenayake/pv_forecast_30d/src/inference/physics_aware_forecaster.py:304: FutureWarning: 'H' is deprecated and will be removed in a future version, please use 'h' instead.
  hourly_weather = weather_df[['timestamp_utc'] + weather_numeric_cols].set_index('timestamp_utc').resample('1H').mean().reset_index()
2026-01-03 21:23:21,540 - INFO -   ✓ Predicted 2880 steps
2026-01-03 21:23:21,540 - INFO -     Power range: [0.000, 0.547]
2026-01-03 21:23:21,540 - INFO -   ↻ Updated short-head encoder: 2024-02-22 00:00:00 → 2024-02-22 23:45:00
2026-01-03 21:23:21,541 - INFO -   ↻ Updated long-head encoder: 2024-02-16 00:00:00 → 2024-02-22 23:45:00
Rolling forecasts: 12forecast [00:18,  1.27s/forecast]2026-01-03 21:23:21,541 - INFO - 
[Forecast 13] Starting: 2024-02-23 00:00:00+00:00
/home/dwijenayake/pv_forecast_30d/src/inference/physics_aware_forecaster.py:303: FutureWarning: 'H' is deprecated and will be removed in a future version, please use 'h' instead.
  hourly_hist = historical_df[['timestamp_utc'] + hist_numeric_cols].set_index('timestamp_utc').resample('1H').mean().reset_index()
/home/dwijenayake/pv_forecast_30d/src/inference/physics_aware_forecaster.py:304: FutureWarning: 'H' is deprecated and will be removed in a future version, please use 'h' instead.
  hourly_weather = weather_df[['timestamp_utc'] + weather_numeric_cols].set_index('timestamp_utc').resample('1H').mean().reset_index()
2026-01-03 21:23:22,784 - INFO -   ✓ Predicted 2880 steps
2026-01-03 21:23:22,784 - INFO -     Power range: [0.000, 0.532]
2026-01-03 21:23:22,785 - INFO -   ↻ Updated short-head encoder: 2024-02-29 00:00:00 → 2024-02-29 23:45:00
2026-01-03 21:23:22,785 - INFO -   ↻ Updated long-head encoder: 2024-02-23 00:00:00 → 2024-02-29 23:45:00
Rolling forecasts: 13forecast [00:19,  1.27s/forecast]2026-01-03 21:23:22,785 - INFO - 
[Forecast 14] Starting: 2024-03-01 00:00:00+00:00
/home/dwijenayake/pv_forecast_30d/src/inference/physics_aware_forecaster.py:303: FutureWarning: 'H' is deprecated and will be removed in a future version, please use 'h' instead.
  hourly_hist = historical_df[['timestamp_utc'] + hist_numeric_cols].set_index('timestamp_utc').resample('1H').mean().reset_index()
/home/dwijenayake/pv_forecast_30d/src/inference/physics_aware_forecaster.py:304: FutureWarning: 'H' is deprecated and will be removed in a future version, please use 'h' instead.
  hourly_weather = weather_df[['timestamp_utc'] + weather_numeric_cols].set_index('timestamp_utc').resample('1H').mean().reset_index()
2026-01-03 21:23:24,029 - INFO -   ✓ Predicted 2880 steps
2026-01-03 21:23:24,030 - INFO -     Power range: [0.000, 0.569]
2026-01-03 21:23:24,030 - INFO -   ↻ Updated short-head encoder: 2024-03-07 00:00:00 → 2024-03-07 23:45:00
2026-01-03 21:23:24,031 - INFO -   ↻ Updated long-head encoder: 2024-03-01 00:00:00 → 2024-03-07 23:45:00
Rolling forecasts: 14forecast [00:20,  1.26s/forecast]2026-01-03 21:23:24,031 - INFO - 
[Forecast 15] Starting: 2024-03-08 00:00:00+00:00
/home/dwijenayake/pv_forecast_30d/src/inference/physics_aware_forecaster.py:303: FutureWarning: 'H' is deprecated and will be removed in a future version, please use 'h' instead.
  hourly_hist = historical_df[['timestamp_utc'] + hist_numeric_cols].set_index('timestamp_utc').resample('1H').mean().reset_index()
/home/dwijenayake/pv_forecast_30d/src/inference/physics_aware_forecaster.py:304: FutureWarning: 'H' is deprecated and will be removed in a future version, please use 'h' instead.
  hourly_weather = weather_df[['timestamp_utc'] + weather_numeric_cols].set_index('timestamp_utc').resample('1H').mean().reset_index()
2026-01-03 21:23:25,271 - INFO -   ✓ Predicted 2880 steps
2026-01-03 21:23:25,272 - INFO -     Power range: [0.000, 0.615]
2026-01-03 21:23:25,272 - INFO -   ↻ Updated short-head encoder: 2024-03-14 00:00:00 → 2024-03-14 23:45:00
2026-01-03 21:23:25,273 - INFO -   ↻ Updated long-head encoder: 2024-03-08 00:00:00 → 2024-03-14 23:45:00
Rolling forecasts: 15forecast [00:21,  1.25s/forecast]2026-01-03 21:23:25,273 - INFO - 
[Forecast 16] Starting: 2024-03-15 00:00:00+00:00

[INFO] Hierarchical 30-day forecast starting 2024-02-09 00:00:00+00:00
       Architecture: Long-head (strategic) + 30× Short-head (tactical) + Physics

[PREP] Preparing data for multi-resolution inference...
       Input frequency detected: 15min
       Resampling to hourly for long-head...
       Hourly shape: historical=(168, 33), weather=(720, 27)

[STEP 1/4] Computing PVLib physics baseline (2880 steps @ 15-min)...
          Weather window: 2880 steps (2024-02-09 00:00:00+00:00 → 2024-03-09 23:45:00+00:00)
          Using pre-computed PVLib baseline (pvlib_ac_kw column)
          PVLib shape: (2880,), range: [0.000, 0.846]

[STEP 2/4] Running long-head TFT (strategic: 720 hours @ 1-hour)...
          Long-head shape: (720,)
          Upsampling long-head to 15-min resolution...
          Long upsampled shape: (2880,)

[STEP 3/4] Rolling short-head refinement (30 days × 96 steps)...
          Day  5/30: α_short=0.65, α_long=0.35, α_ml=0.69
          Day 10/30: α_short=0.50, α_long=0.50, α_ml=0.66
          Day 15/30: α_short=0.35, α_long=0.65, α_ml=0.64
          Day 20/30: α_short=0.35, α_long=0.65, α_ml=0.61
          Day 25/30: α_short=0.35, α_long=0.65, α_ml=0.59
          Day 30/30: α_short=0.35, α_long=0.65, α_ml=0.56
          Final forecast shape: (2880,)
          Final range: [0.000, 0.557]

[STEP 4/4] Validation...
         ✓ Shape correct (2880 steps)
         ✓ Range valid [0.000, 0.557]
         ✓ All night hours zero
         ✓ Daylight mean: 0.212

[SUCCESS] Hierarchical 30-day forecast complete!
          Total TFT calls: 1 long-head + 30 short-head = 31

[INFO] Hierarchical 30-day forecast starting 2024-02-16 00:00:00+00:00
       Architecture: Long-head (strategic) + 30× Short-head (tactical) + Physics

[PREP] Preparing data for multi-resolution inference...
       Input frequency detected: 15min
       Resampling to hourly for long-head...
       Hourly shape: historical=(168, 33), weather=(720, 27)

[STEP 1/4] Computing PVLib physics baseline (2880 steps @ 15-min)...
          Weather window: 2880 steps (2024-02-16 00:00:00+00:00 → 2024-03-16 23:45:00+00:00)
          Using pre-computed PVLib baseline (pvlib_ac_kw column)
          PVLib shape: (2880,), range: [0.000, 0.846]

[STEP 2/4] Running long-head TFT (strategic: 720 hours @ 1-hour)...
          Long-head shape: (720,)
          Upsampling long-head to 15-min resolution...
          Long upsampled shape: (2880,)

[STEP 3/4] Rolling short-head refinement (30 days × 96 steps)...
          Day  5/30: α_short=0.65, α_long=0.35, α_ml=0.69
          Day 10/30: α_short=0.50, α_long=0.50, α_ml=0.66
          Day 15/30: α_short=0.35, α_long=0.65, α_ml=0.64
          Day 20/30: α_short=0.35, α_long=0.65, α_ml=0.61
          Day 25/30: α_short=0.35, α_long=0.65, α_ml=0.59
          Day 30/30: α_short=0.35, α_long=0.65, α_ml=0.56
          Final forecast shape: (2880,)
          Final range: [0.000, 0.547]

[STEP 4/4] Validation...
         ✓ Shape correct (2880 steps)
         ✓ Range valid [0.000, 0.547]
         ✓ All night hours zero
         ✓ Daylight mean: 0.230

[SUCCESS] Hierarchical 30-day forecast complete!
          Total TFT calls: 1 long-head + 30 short-head = 31

[INFO] Hierarchical 30-day forecast starting 2024-02-23 00:00:00+00:00
       Architecture: Long-head (strategic) + 30× Short-head (tactical) + Physics

[PREP] Preparing data for multi-resolution inference...
       Input frequency detected: 15min
       Resampling to hourly for long-head...
       Hourly shape: historical=(168, 33), weather=(720, 27)

[STEP 1/4] Computing PVLib physics baseline (2880 steps @ 15-min)...
          Weather window: 2880 steps (2024-02-23 00:00:00+00:00 → 2024-03-23 23:45:00+00:00)
          Using pre-computed PVLib baseline (pvlib_ac_kw column)
          PVLib shape: (2880,), range: [0.000, 0.846]

[STEP 2/4] Running long-head TFT (strategic: 720 hours @ 1-hour)...
          Long-head shape: (720,)
          Upsampling long-head to 15-min resolution...
          Long upsampled shape: (2880,)

[STEP 3/4] Rolling short-head refinement (30 days × 96 steps)...
          Day  5/30: α_short=0.65, α_long=0.35, α_ml=0.69
          Day 10/30: α_short=0.50, α_long=0.50, α_ml=0.66
          Day 15/30: α_short=0.35, α_long=0.65, α_ml=0.64
          Day 20/30: α_short=0.35, α_long=0.65, α_ml=0.61
          Day 25/30: α_short=0.35, α_long=0.65, α_ml=0.59
          Day 30/30: α_short=0.35, α_long=0.65, α_ml=0.56
          Final forecast shape: (2880,)
          Final range: [0.000, 0.532]

[STEP 4/4] Validation...
         ✓ Shape correct (2880 steps)
         ✓ Range valid [0.000, 0.532]
         ✓ All night hours zero
         ✓ Daylight mean: 0.235

[SUCCESS] Hierarchical 30-day forecast complete!
          Total TFT calls: 1 long-head + 30 short-head = 31

[INFO] Hierarchical 30-day forecast starting 2024-03-01 00:00:00+00:00
       Architecture: Long-head (strategic) + 30× Short-head (tactical) + Physics

[PREP] Preparing data for multi-resolution inference...
       Input frequency detected: 15min
       Resampling to hourly for long-head...
       Hourly shape: historical=(168, 33), weather=(720, 27)

[STEP 1/4] Computing PVLib physics baseline (2880 steps @ 15-min)...
          Weather window: 2880 steps (2024-03-01 00:00:00+00:00 → 2024-03-30 23:45:00+00:00)
          Using pre-computed PVLib baseline (pvlib_ac_kw column)
          PVLib shape: (2880,), range: [0.000, 0.878]

[STEP 2/4] Running long-head TFT (strategic: 720 hours @ 1-hour)...
          Long-head shape: (720,)
          Upsampling long-head to 15-min resolution...
          Long upsampled shape: (2880,)

[STEP 3/4] Rolling short-head refinement (30 days × 96 steps)...
          Day  5/30: α_short=0.65, α_long=0.35, α_ml=0.69
          Day 10/30: α_short=0.50, α_long=0.50, α_ml=0.66
          Day 15/30: α_short=0.35, α_long=0.65, α_ml=0.64
          Day 20/30: α_short=0.35, α_long=0.65, α_ml=0.61
          Day 25/30: α_short=0.35, α_long=0.65, α_ml=0.59
          Day 30/30: α_short=0.35, α_long=0.65, α_ml=0.56
          Final forecast shape: (2880,)
          Final range: [0.000, 0.569]

[STEP 4/4] Validation...
         ✓ Shape correct (2880 steps)
         ✓ Range valid [0.000, 0.569]
         ✓ All night hours zero
         ✓ Daylight mean: 0.257

[SUCCESS] Hierarchical 30-day forecast complete!
          Total TFT calls: 1 long-head + 30 short-head = 31

[INFO] Hierarchical 30-day forecast starting 2024-03-08 00:00:00+00:00
       Architecture: Long-head (strategic) + 30× Short-head (tactical) + Physics

[PREP] Preparing data for multi-resolution inference...
       Input frequency detected: 15min
       Resampling to hourly for long-head...
       Hourly shape: historical=(168, 33), weather=(720, 27)

[STEP 1/4] Computing PVLib physics baseline (2880 steps @ 15-min)...
          Weather window: 2880 steps (2024-03-08 00:00:00+00:00 → 2024-04-06 23:45:00+00:00)
          Using pre-computed PVLib baseline (pvlib_ac_kw column)
          PVLib shape: (2880,), range: [0.000, 0.878]

[STEP 2/4] Running long-head TFT (strategic: 720 hours @ 1-hour)...
          Long-head shape: (720,)
          Upsampling long-head to 15-min resolution...
          Long upsampled shape: (2880,)

[STEP 3/4] Rolling short-head refinement (30 days × 96 steps)...
          Day  5/30: α_short=0.65, α_long=0.35, α_ml=0.69
          Day 10/30: α_short=0.50, α_long=0.50, α_ml=0.66
          Day 15/30: α_short=0.35, α_long=0.65, α_ml=0.64
          Day 20/30: α_short=0.35, α_long=0.65, α_ml=0.61
          Day 25/30: α_short=0.35, α_long=0.65, α_ml=0.59
          Day 30/30: α_short=0.35, α_long=0.65, α_ml=0.56
          Final forecast shape: (2880,)
          Final range: [0.000, 0.615]

[STEP 4/4] Validation...
         ✓ Shape correct (2880 steps)
         ✓ Range valid [0.000, 0.615]
         ✓ All night hours zero
         ✓ Daylight mean: 0.271

[SUCCESS] Hierarchical 30-day forecast complete!
          Total TFT calls: 1 long-head + 30 short-head = 31
/home/dwijenayake/pv_forecast_30d/src/inference/physics_aware_forecaster.py:303: FutureWarning: 'H' is deprecated and will be removed in a future version, please use 'h' instead.
  hourly_hist = historical_df[['timestamp_utc'] + hist_numeric_cols].set_index('timestamp_utc').resample('1H').mean().reset_index()
/home/dwijenayake/pv_forecast_30d/src/inference/physics_aware_forecaster.py:304: FutureWarning: 'H' is deprecated and will be removed in a future version, please use 'h' instead.
  hourly_weather = weather_df[['timestamp_utc'] + weather_numeric_cols].set_index('timestamp_utc').resample('1H').mean().reset_index()
2026-01-03 21:23:26,647 - INFO -   ✓ Predicted 2880 steps
2026-01-03 21:23:26,647 - INFO -     Power range: [0.000, 0.594]
2026-01-03 21:23:26,648 - INFO -   ↻ Updated short-head encoder: 2024-03-21 00:00:00 → 2024-03-21 23:45:00
2026-01-03 21:23:26,649 - INFO -   ↻ Updated long-head encoder: 2024-03-15 00:00:00 → 2024-03-21 23:45:00
Rolling forecasts: 16forecast [00:23,  1.29s/forecast]2026-01-03 21:23:26,649 - INFO - 
[Forecast 17] Starting: 2024-03-22 00:00:00+00:00
/home/dwijenayake/pv_forecast_30d/src/inference/physics_aware_forecaster.py:303: FutureWarning: 'H' is deprecated and will be removed in a future version, please use 'h' instead.
  hourly_hist = historical_df[['timestamp_utc'] + hist_numeric_cols].set_index('timestamp_utc').resample('1H').mean().reset_index()
/home/dwijenayake/pv_forecast_30d/src/inference/physics_aware_forecaster.py:304: FutureWarning: 'H' is deprecated and will be removed in a future version, please use 'h' instead.
  hourly_weather = weather_df[['timestamp_utc'] + weather_numeric_cols].set_index('timestamp_utc').resample('1H').mean().reset_index()
2026-01-03 21:23:27,895 - INFO -   ✓ Predicted 2880 steps
2026-01-03 21:23:27,896 - INFO -     Power range: [0.000, 0.588]
2026-01-03 21:23:27,896 - INFO -   ↻ Updated short-head encoder: 2024-03-28 00:00:00 → 2024-03-28 23:45:00
2026-01-03 21:23:27,897 - INFO -   ↻ Updated long-head encoder: 2024-03-22 00:00:00 → 2024-03-28 23:45:00
Rolling forecasts: 17forecast [00:24,  1.28s/forecast]2026-01-03 21:23:27,897 - INFO - 
[Forecast 18] Starting: 2024-03-29 00:00:00+00:00
/home/dwijenayake/pv_forecast_30d/src/inference/physics_aware_forecaster.py:303: FutureWarning: 'H' is deprecated and will be removed in a future version, please use 'h' instead.
  hourly_hist = historical_df[['timestamp_utc'] + hist_numeric_cols].set_index('timestamp_utc').resample('1H').mean().reset_index()
/home/dwijenayake/pv_forecast_30d/src/inference/physics_aware_forecaster.py:304: FutureWarning: 'H' is deprecated and will be removed in a future version, please use 'h' instead.
  hourly_weather = weather_df[['timestamp_utc'] + weather_numeric_cols].set_index('timestamp_utc').resample('1H').mean().reset_index()
2026-01-03 21:23:29,157 - INFO -   ✓ Predicted 2880 steps
2026-01-03 21:23:29,158 - INFO -     Power range: [0.000, 0.614]
2026-01-03 21:23:29,158 - INFO -   ↻ Updated short-head encoder: 2024-04-04 00:00:00 → 2024-04-04 23:45:00
2026-01-03 21:23:29,159 - INFO -   ↻ Updated long-head encoder: 2024-03-29 00:00:00 → 2024-04-04 23:45:00
Rolling forecasts: 18forecast [00:25,  1.27s/forecast]2026-01-03 21:23:29,159 - INFO - 
[Forecast 19] Starting: 2024-04-05 00:00:00+00:00
/home/dwijenayake/pv_forecast_30d/src/inference/physics_aware_forecaster.py:303: FutureWarning: 'H' is deprecated and will be removed in a future version, please use 'h' instead.
  hourly_hist = historical_df[['timestamp_utc'] + hist_numeric_cols].set_index('timestamp_utc').resample('1H').mean().reset_index()
/home/dwijenayake/pv_forecast_30d/src/inference/physics_aware_forecaster.py:304: FutureWarning: 'H' is deprecated and will be removed in a future version, please use 'h' instead.
  hourly_weather = weather_df[['timestamp_utc'] + weather_numeric_cols].set_index('timestamp_utc').resample('1H').mean().reset_index()
2026-01-03 21:23:30,420 - INFO -   ✓ Predicted 2880 steps
2026-01-03 21:23:30,420 - INFO -     Power range: [0.000, 0.663]
2026-01-03 21:23:30,420 - INFO -   ↻ Updated short-head encoder: 2024-04-11 00:00:00 → 2024-04-11 23:45:00
2026-01-03 21:23:30,421 - INFO -   ↻ Updated long-head encoder: 2024-04-05 00:00:00 → 2024-04-11 23:45:00
Rolling forecasts: 19forecast [00:26,  1.27s/forecast]2026-01-03 21:23:30,421 - INFO - 
[Forecast 20] Starting: 2024-04-12 00:00:00+00:00
/home/dwijenayake/pv_forecast_30d/src/inference/physics_aware_forecaster.py:303: FutureWarning: 'H' is deprecated and will be removed in a future version, please use 'h' instead.
  hourly_hist = historical_df[['timestamp_utc'] + hist_numeric_cols].set_index('timestamp_utc').resample('1H').mean().reset_index()
/home/dwijenayake/pv_forecast_30d/src/inference/physics_aware_forecaster.py:304: FutureWarning: 'H' is deprecated and will be removed in a future version, please use 'h' instead.
  hourly_weather = weather_df[['timestamp_utc'] + weather_numeric_cols].set_index('timestamp_utc').resample('1H').mean().reset_index()
2026-01-03 21:23:31,668 - INFO -   ✓ Predicted 2880 steps
2026-01-03 21:23:31,668 - INFO -     Power range: [0.000, 0.648]
2026-01-03 21:23:31,669 - INFO -   ↻ Updated short-head encoder: 2024-04-18 00:00:00 → 2024-04-18 23:45:00
2026-01-03 21:23:31,670 - INFO -   ↻ Updated long-head encoder: 2024-04-12 00:00:00 → 2024-04-18 23:45:00
Rolling forecasts: 20forecast [00:28,  1.26s/forecast]2026-01-03 21:23:31,670 - INFO - 
[Forecast 21] Starting: 2024-04-19 00:00:00+00:00

[INFO] Hierarchical 30-day forecast starting 2024-03-15 00:00:00+00:00
       Architecture: Long-head (strategic) + 30× Short-head (tactical) + Physics

[PREP] Preparing data for multi-resolution inference...
       Input frequency detected: 15min
       Resampling to hourly for long-head...
       Hourly shape: historical=(168, 33), weather=(720, 27)

[STEP 1/4] Computing PVLib physics baseline (2880 steps @ 15-min)...
          Weather window: 2880 steps (2024-03-15 00:00:00+00:00 → 2024-04-13 23:45:00+00:00)
          Using pre-computed PVLib baseline (pvlib_ac_kw column)
          PVLib shape: (2880,), range: [0.000, 0.878]

[STEP 2/4] Running long-head TFT (strategic: 720 hours @ 1-hour)...
          Long-head shape: (720,)
          Upsampling long-head to 15-min resolution...
          Long upsampled shape: (2880,)

[STEP 3/4] Rolling short-head refinement (30 days × 96 steps)...
          Day  5/30: α_short=0.65, α_long=0.35, α_ml=0.69
          Day 10/30: α_short=0.50, α_long=0.50, α_ml=0.66
          Day 15/30: α_short=0.35, α_long=0.65, α_ml=0.64
          Day 20/30: α_short=0.35, α_long=0.65, α_ml=0.61
          Day 25/30: α_short=0.35, α_long=0.65, α_ml=0.59
          Day 30/30: α_short=0.35, α_long=0.65, α_ml=0.56
          Final forecast shape: (2880,)
          Final range: [0.000, 0.594]

[STEP 4/4] Validation...
         ✓ Shape correct (2880 steps)
         ✓ Range valid [0.000, 0.594]
         ✓ All night hours zero
         ✓ Daylight mean: 0.288

[SUCCESS] Hierarchical 30-day forecast complete!
          Total TFT calls: 1 long-head + 30 short-head = 31

[INFO] Hierarchical 30-day forecast starting 2024-03-22 00:00:00+00:00
       Architecture: Long-head (strategic) + 30× Short-head (tactical) + Physics

[PREP] Preparing data for multi-resolution inference...
       Input frequency detected: 15min
       Resampling to hourly for long-head...
       Hourly shape: historical=(168, 33), weather=(720, 27)

[STEP 1/4] Computing PVLib physics baseline (2880 steps @ 15-min)...
          Weather window: 2880 steps (2024-03-22 00:00:00+00:00 → 2024-04-20 23:45:00+00:00)
          Using pre-computed PVLib baseline (pvlib_ac_kw column)
          PVLib shape: (2880,), range: [0.000, 0.878]

[STEP 2/4] Running long-head TFT (strategic: 720 hours @ 1-hour)...
          Long-head shape: (720,)
          Upsampling long-head to 15-min resolution...
          Long upsampled shape: (2880,)

[STEP 3/4] Rolling short-head refinement (30 days × 96 steps)...
          Day  5/30: α_short=0.65, α_long=0.35, α_ml=0.69
          Day 10/30: α_short=0.50, α_long=0.50, α_ml=0.66
          Day 15/30: α_short=0.35, α_long=0.65, α_ml=0.64
          Day 20/30: α_short=0.35, α_long=0.65, α_ml=0.61
          Day 25/30: α_short=0.35, α_long=0.65, α_ml=0.59
          Day 30/30: α_short=0.35, α_long=0.65, α_ml=0.56
          Final forecast shape: (2880,)
          Final range: [0.000, 0.588]

[STEP 4/4] Validation...
         ✓ Shape correct (2880 steps)
         ✓ Range valid [0.000, 0.588]
         ✓ All night hours zero
         ✓ Daylight mean: 0.293

[SUCCESS] Hierarchical 30-day forecast complete!
          Total TFT calls: 1 long-head + 30 short-head = 31

[INFO] Hierarchical 30-day forecast starting 2024-03-29 00:00:00+00:00
       Architecture: Long-head (strategic) + 30× Short-head (tactical) + Physics

[PREP] Preparing data for multi-resolution inference...
       Input frequency detected: 15min
       Resampling to hourly for long-head...
       Hourly shape: historical=(168, 33), weather=(720, 27)

[STEP 1/4] Computing PVLib physics baseline (2880 steps @ 15-min)...
          Weather window: 2880 steps (2024-03-29 00:00:00+00:00 → 2024-04-27 23:45:00+00:00)
          Using pre-computed PVLib baseline (pvlib_ac_kw column)
          PVLib shape: (2880,), range: [0.000, 0.908]

[STEP 2/4] Running long-head TFT (strategic: 720 hours @ 1-hour)...
          Long-head shape: (720,)
          Upsampling long-head to 15-min resolution...
          Long upsampled shape: (2880,)

[STEP 3/4] Rolling short-head refinement (30 days × 96 steps)...
          Day  5/30: α_short=0.65, α_long=0.35, α_ml=0.69
          Day 10/30: α_short=0.50, α_long=0.50, α_ml=0.66
          Day 15/30: α_short=0.35, α_long=0.65, α_ml=0.64
          Day 20/30: α_short=0.35, α_long=0.65, α_ml=0.61
          Day 25/30: α_short=0.35, α_long=0.65, α_ml=0.59
          Day 30/30: α_short=0.35, α_long=0.65, α_ml=0.56
          Final forecast shape: (2880,)
          Final range: [0.000, 0.614]

[STEP 4/4] Validation...
         ✓ Shape correct (2880 steps)
         ✓ Range valid [0.000, 0.614]
         ✓ All night hours zero
         ✓ Daylight mean: 0.299

[SUCCESS] Hierarchical 30-day forecast complete!
          Total TFT calls: 1 long-head + 30 short-head = 31

[INFO] Hierarchical 30-day forecast starting 2024-04-05 00:00:00+00:00
       Architecture: Long-head (strategic) + 30× Short-head (tactical) + Physics

[PREP] Preparing data for multi-resolution inference...
       Input frequency detected: 15min
       Resampling to hourly for long-head...
       Hourly shape: historical=(168, 33), weather=(720, 27)

[STEP 1/4] Computing PVLib physics baseline (2880 steps @ 15-min)...
          Weather window: 2880 steps (2024-04-05 00:00:00+00:00 → 2024-05-04 23:45:00+00:00)
          Using pre-computed PVLib baseline (pvlib_ac_kw column)
          PVLib shape: (2880,), range: [0.000, 0.908]

[STEP 2/4] Running long-head TFT (strategic: 720 hours @ 1-hour)...
          Long-head shape: (720,)
          Upsampling long-head to 15-min resolution...
          Long upsampled shape: (2880,)

[STEP 3/4] Rolling short-head refinement (30 days × 96 steps)...
          Day  5/30: α_short=0.65, α_long=0.35, α_ml=0.69
          Day 10/30: α_short=0.50, α_long=0.50, α_ml=0.66
          Day 15/30: α_short=0.35, α_long=0.65, α_ml=0.64
          Day 20/30: α_short=0.35, α_long=0.65, α_ml=0.61
          Day 25/30: α_short=0.35, α_long=0.65, α_ml=0.59
          Day 30/30: α_short=0.35, α_long=0.65, α_ml=0.56
          Final forecast shape: (2880,)
          Final range: [0.000, 0.663]

[STEP 4/4] Validation...
         ✓ Shape correct (2880 steps)
         ✓ Range valid [0.000, 0.663]
         ✓ All night hours zero
         ✓ Daylight mean: 0.324

[SUCCESS] Hierarchical 30-day forecast complete!
          Total TFT calls: 1 long-head + 30 short-head = 31

[INFO] Hierarchical 30-day forecast starting 2024-04-12 00:00:00+00:00
       Architecture: Long-head (strategic) + 30× Short-head (tactical) + Physics

[PREP] Preparing data for multi-resolution inference...
       Input frequency detected: 15min
       Resampling to hourly for long-head...
       Hourly shape: historical=(168, 33), weather=(720, 27)

[STEP 1/4] Computing PVLib physics baseline (2880 steps @ 15-min)...
          Weather window: 2880 steps (2024-04-12 00:00:00+00:00 → 2024-05-11 23:45:00+00:00)
          Using pre-computed PVLib baseline (pvlib_ac_kw column)
          PVLib shape: (2880,), range: [0.000, 0.908]

[STEP 2/4] Running long-head TFT (strategic: 720 hours @ 1-hour)...
          Long-head shape: (720,)
          Upsampling long-head to 15-min resolution...
          Long upsampled shape: (2880,)

[STEP 3/4] Rolling short-head refinement (30 days × 96 steps)...
          Day  5/30: α_short=0.65, α_long=0.35, α_ml=0.69
          Day 10/30: α_short=0.50, α_long=0.50, α_ml=0.66
          Day 15/30: α_short=0.35, α_long=0.65, α_ml=0.64
          Day 20/30: α_short=0.35, α_long=0.65, α_ml=0.61
          Day 25/30: α_short=0.35, α_long=0.65, α_ml=0.59
          Day 30/30: α_short=0.35, α_long=0.65, α_ml=0.56
          Final forecast shape: (2880,)
          Final range: [0.000, 0.648]

[STEP 4/4] Validation...
         ✓ Shape correct (2880 steps)
         ✓ Range valid [0.000, 0.648]
         ✓ All night hours zero
         ✓ Daylight mean: 0.318

[SUCCESS] Hierarchical 30-day forecast complete!
          Total TFT calls: 1 long-head + 30 short-head = 31
/home/dwijenayake/pv_forecast_30d/src/inference/physics_aware_forecaster.py:303: FutureWarning: 'H' is deprecated and will be removed in a future version, please use 'h' instead.
  hourly_hist = historical_df[['timestamp_utc'] + hist_numeric_cols].set_index('timestamp_utc').resample('1H').mean().reset_index()
/home/dwijenayake/pv_forecast_30d/src/inference/physics_aware_forecaster.py:304: FutureWarning: 'H' is deprecated and will be removed in a future version, please use 'h' instead.
  hourly_weather = weather_df[['timestamp_utc'] + weather_numeric_cols].set_index('timestamp_utc').resample('1H').mean().reset_index()
2026-01-03 21:23:32,916 - INFO -   ✓ Predicted 2880 steps
2026-01-03 21:23:32,916 - INFO -     Power range: [0.000, 0.642]
2026-01-03 21:23:32,917 - INFO -   ↻ Updated short-head encoder: 2024-04-25 00:00:00 → 2024-04-25 23:45:00
2026-01-03 21:23:32,917 - INFO -   ↻ Updated long-head encoder: 2024-04-19 00:00:00 → 2024-04-25 23:45:00
Rolling forecasts: 21forecast [00:29,  1.26s/forecast]2026-01-03 21:23:32,917 - INFO - 
[Forecast 22] Starting: 2024-04-26 00:00:00+00:00
/home/dwijenayake/pv_forecast_30d/src/inference/physics_aware_forecaster.py:303: FutureWarning: 'H' is deprecated and will be removed in a future version, please use 'h' instead.
  hourly_hist = historical_df[['timestamp_utc'] + hist_numeric_cols].set_index('timestamp_utc').resample('1H').mean().reset_index()
/home/dwijenayake/pv_forecast_30d/src/inference/physics_aware_forecaster.py:304: FutureWarning: 'H' is deprecated and will be removed in a future version, please use 'h' instead.
  hourly_weather = weather_df[['timestamp_utc'] + weather_numeric_cols].set_index('timestamp_utc').resample('1H').mean().reset_index()
2026-01-03 21:23:34,164 - INFO -   ✓ Predicted 2880 steps
2026-01-03 21:23:34,164 - INFO -     Power range: [0.000, 0.669]
2026-01-03 21:23:34,165 - INFO -   ↻ Updated short-head encoder: 2024-05-02 00:00:00 → 2024-05-02 23:45:00
2026-01-03 21:23:34,166 - INFO -   ↻ Updated long-head encoder: 2024-04-26 00:00:00 → 2024-05-02 23:45:00
Rolling forecasts: 22forecast [00:30,  1.26s/forecast]2026-01-03 21:23:34,166 - INFO - 
[Forecast 23] Starting: 2024-05-03 00:00:00+00:00
/home/dwijenayake/pv_forecast_30d/src/inference/physics_aware_forecaster.py:303: FutureWarning: 'H' is deprecated and will be removed in a future version, please use 'h' instead.
  hourly_hist = historical_df[['timestamp_utc'] + hist_numeric_cols].set_index('timestamp_utc').resample('1H').mean().reset_index()
/home/dwijenayake/pv_forecast_30d/src/inference/physics_aware_forecaster.py:304: FutureWarning: 'H' is deprecated and will be removed in a future version, please use 'h' instead.
  hourly_weather = weather_df[['timestamp_utc'] + weather_numeric_cols].set_index('timestamp_utc').resample('1H').mean().reset_index()
2026-01-03 21:23:35,427 - INFO -   ✓ Predicted 2880 steps
2026-01-03 21:23:35,427 - INFO -     Power range: [0.000, 0.674]
2026-01-03 21:23:35,427 - INFO -   ↻ Updated short-head encoder: 2024-05-09 00:00:00 → 2024-05-09 23:45:00
2026-01-03 21:23:35,428 - INFO -   ↻ Updated long-head encoder: 2024-05-03 00:00:00 → 2024-05-09 23:45:00
Rolling forecasts: 23forecast [00:31,  1.26s/forecast]2026-01-03 21:23:35,428 - INFO - 
[Forecast 24] Starting: 2024-05-10 00:00:00+00:00
/home/dwijenayake/pv_forecast_30d/src/inference/physics_aware_forecaster.py:303: FutureWarning: 'H' is deprecated and will be removed in a future version, please use 'h' instead.
  hourly_hist = historical_df[['timestamp_utc'] + hist_numeric_cols].set_index('timestamp_utc').resample('1H').mean().reset_index()
/home/dwijenayake/pv_forecast_30d/src/inference/physics_aware_forecaster.py:304: FutureWarning: 'H' is deprecated and will be removed in a future version, please use 'h' instead.
  hourly_weather = weather_df[['timestamp_utc'] + weather_numeric_cols].set_index('timestamp_utc').resample('1H').mean().reset_index()
2026-01-03 21:23:36,675 - INFO -   ✓ Predicted 2880 steps
2026-01-03 21:23:36,675 - INFO -     Power range: [0.000, 0.745]
2026-01-03 21:23:36,676 - INFO -   ↻ Updated short-head encoder: 2024-05-16 00:00:00 → 2024-05-16 23:45:00
2026-01-03 21:23:36,676 - INFO -   ↻ Updated long-head encoder: 2024-05-10 00:00:00 → 2024-05-16 23:45:00
Rolling forecasts: 24forecast [00:33,  1.25s/forecast]2026-01-03 21:23:36,676 - INFO - 
[Forecast 25] Starting: 2024-05-17 00:00:00+00:00
/home/dwijenayake/pv_forecast_30d/src/inference/physics_aware_forecaster.py:303: FutureWarning: 'H' is deprecated and will be removed in a future version, please use 'h' instead.
  hourly_hist = historical_df[['timestamp_utc'] + hist_numeric_cols].set_index('timestamp_utc').resample('1H').mean().reset_index()
/home/dwijenayake/pv_forecast_30d/src/inference/physics_aware_forecaster.py:304: FutureWarning: 'H' is deprecated and will be removed in a future version, please use 'h' instead.
  hourly_weather = weather_df[['timestamp_utc'] + weather_numeric_cols].set_index('timestamp_utc').resample('1H').mean().reset_index()
2026-01-03 21:23:37,920 - INFO -   ✓ Predicted 2880 steps
2026-01-03 21:23:37,920 - INFO -     Power range: [0.000, 0.698]
2026-01-03 21:23:37,921 - INFO -   ↻ Updated short-head encoder: 2024-05-23 00:00:00 → 2024-05-23 23:45:00
2026-01-03 21:23:37,921 - INFO -   ↻ Updated long-head encoder: 2024-05-17 00:00:00 → 2024-05-23 23:45:00
Rolling forecasts: 25forecast [00:34,  1.25s/forecast]2026-01-03 21:23:37,921 - INFO - 
[Forecast 26] Starting: 2024-05-24 00:00:00+00:00

[INFO] Hierarchical 30-day forecast starting 2024-04-19 00:00:00+00:00
       Architecture: Long-head (strategic) + 30× Short-head (tactical) + Physics

[PREP] Preparing data for multi-resolution inference...
       Input frequency detected: 15min
       Resampling to hourly for long-head...
       Hourly shape: historical=(168, 33), weather=(720, 27)

[STEP 1/4] Computing PVLib physics baseline (2880 steps @ 15-min)...
          Weather window: 2880 steps (2024-04-19 00:00:00+00:00 → 2024-05-18 23:45:00+00:00)
          Using pre-computed PVLib baseline (pvlib_ac_kw column)
          PVLib shape: (2880,), range: [0.000, 0.908]

[STEP 2/4] Running long-head TFT (strategic: 720 hours @ 1-hour)...
          Long-head shape: (720,)
          Upsampling long-head to 15-min resolution...
          Long upsampled shape: (2880,)

[STEP 3/4] Rolling short-head refinement (30 days × 96 steps)...
          Day  5/30: α_short=0.65, α_long=0.35, α_ml=0.69
          Day 10/30: α_short=0.50, α_long=0.50, α_ml=0.66
          Day 15/30: α_short=0.35, α_long=0.65, α_ml=0.64
          Day 20/30: α_short=0.35, α_long=0.65, α_ml=0.61
          Day 25/30: α_short=0.35, α_long=0.65, α_ml=0.59
          Day 30/30: α_short=0.35, α_long=0.65, α_ml=0.56
          Final forecast shape: (2880,)
          Final range: [0.000, 0.642]

[STEP 4/4] Validation...
         ✓ Shape correct (2880 steps)
         ✓ Range valid [0.000, 0.642]
         ✓ All night hours zero
         ✓ Daylight mean: 0.340

[SUCCESS] Hierarchical 30-day forecast complete!
          Total TFT calls: 1 long-head + 30 short-head = 31

[INFO] Hierarchical 30-day forecast starting 2024-04-26 00:00:00+00:00
       Architecture: Long-head (strategic) + 30× Short-head (tactical) + Physics

[PREP] Preparing data for multi-resolution inference...
       Input frequency detected: 15min
       Resampling to hourly for long-head...
       Hourly shape: historical=(168, 33), weather=(720, 27)

[STEP 1/4] Computing PVLib physics baseline (2880 steps @ 15-min)...
          Weather window: 2880 steps (2024-04-26 00:00:00+00:00 → 2024-05-25 23:45:00+00:00)
          Using pre-computed PVLib baseline (pvlib_ac_kw column)
          PVLib shape: (2880,), range: [0.000, 0.908]

[STEP 2/4] Running long-head TFT (strategic: 720 hours @ 1-hour)...
          Long-head shape: (720,)
          Upsampling long-head to 15-min resolution...
          Long upsampled shape: (2880,)

[STEP 3/4] Rolling short-head refinement (30 days × 96 steps)...
          Day  5/30: α_short=0.65, α_long=0.35, α_ml=0.69
          Day 10/30: α_short=0.50, α_long=0.50, α_ml=0.66
          Day 15/30: α_short=0.35, α_long=0.65, α_ml=0.64
          Day 20/30: α_short=0.35, α_long=0.65, α_ml=0.61
          Day 25/30: α_short=0.35, α_long=0.65, α_ml=0.59
          Day 30/30: α_short=0.35, α_long=0.65, α_ml=0.56
          Final forecast shape: (2880,)
          Final range: [0.000, 0.669]

[STEP 4/4] Validation...
         ✓ Shape correct (2880 steps)
         ✓ Range valid [0.000, 0.669]
         ✓ All night hours zero
         ✓ Daylight mean: 0.346

[SUCCESS] Hierarchical 30-day forecast complete!
          Total TFT calls: 1 long-head + 30 short-head = 31

[INFO] Hierarchical 30-day forecast starting 2024-05-03 00:00:00+00:00
       Architecture: Long-head (strategic) + 30× Short-head (tactical) + Physics

[PREP] Preparing data for multi-resolution inference...
       Input frequency detected: 15min
       Resampling to hourly for long-head...
       Hourly shape: historical=(168, 33), weather=(720, 27)

[STEP 1/4] Computing PVLib physics baseline (2880 steps @ 15-min)...
          Weather window: 2880 steps (2024-05-03 00:00:00+00:00 → 2024-06-01 23:45:00+00:00)
          Using pre-computed PVLib baseline (pvlib_ac_kw column)
          PVLib shape: (2880,), range: [0.000, 0.900]

[STEP 2/4] Running long-head TFT (strategic: 720 hours @ 1-hour)...
          Long-head shape: (720,)
          Upsampling long-head to 15-min resolution...
          Long upsampled shape: (2880,)

[STEP 3/4] Rolling short-head refinement (30 days × 96 steps)...
          Day  5/30: α_short=0.65, α_long=0.35, α_ml=0.69
          Day 10/30: α_short=0.50, α_long=0.50, α_ml=0.66
          Day 15/30: α_short=0.35, α_long=0.65, α_ml=0.64
          Day 20/30: α_short=0.35, α_long=0.65, α_ml=0.61
          Day 25/30: α_short=0.35, α_long=0.65, α_ml=0.59
          Day 30/30: α_short=0.35, α_long=0.65, α_ml=0.56
          Final forecast shape: (2880,)
          Final range: [0.000, 0.674]

[STEP 4/4] Validation...
         ✓ Shape correct (2880 steps)
         ✓ Range valid [0.000, 0.674]
         ✓ All night hours zero
         ✓ Daylight mean: 0.335

[SUCCESS] Hierarchical 30-day forecast complete!
          Total TFT calls: 1 long-head + 30 short-head = 31

[INFO] Hierarchical 30-day forecast starting 2024-05-10 00:00:00+00:00
       Architecture: Long-head (strategic) + 30× Short-head (tactical) + Physics

[PREP] Preparing data for multi-resolution inference...
       Input frequency detected: 15min
       Resampling to hourly for long-head...
       Hourly shape: historical=(168, 33), weather=(720, 27)

[STEP 1/4] Computing PVLib physics baseline (2880 steps @ 15-min)...
          Weather window: 2880 steps (2024-05-10 00:00:00+00:00 → 2024-06-08 23:45:00+00:00)
          Using pre-computed PVLib baseline (pvlib_ac_kw column)
          PVLib shape: (2880,), range: [0.000, 0.900]

[STEP 2/4] Running long-head TFT (strategic: 720 hours @ 1-hour)...
          Long-head shape: (720,)
          Upsampling long-head to 15-min resolution...
          Long upsampled shape: (2880,)

[STEP 3/4] Rolling short-head refinement (30 days × 96 steps)...
          Day  5/30: α_short=0.65, α_long=0.35, α_ml=0.69
          Day 10/30: α_short=0.50, α_long=0.50, α_ml=0.66
          Day 15/30: α_short=0.35, α_long=0.65, α_ml=0.64
          Day 20/30: α_short=0.35, α_long=0.65, α_ml=0.61
          Day 25/30: α_short=0.35, α_long=0.65, α_ml=0.59
          Day 30/30: α_short=0.35, α_long=0.65, α_ml=0.56
          Final forecast shape: (2880,)
          Final range: [0.000, 0.745]

[STEP 4/4] Validation...
         ✓ Shape correct (2880 steps)
         ✓ Range valid [0.000, 0.745]
         ✓ All night hours zero
         ✓ Daylight mean: 0.352

[SUCCESS] Hierarchical 30-day forecast complete!
          Total TFT calls: 1 long-head + 30 short-head = 31

[INFO] Hierarchical 30-day forecast starting 2024-05-17 00:00:00+00:00
       Architecture: Long-head (strategic) + 30× Short-head (tactical) + Physics

[PREP] Preparing data for multi-resolution inference...
       Input frequency detected: 15min
       Resampling to hourly for long-head...
       Hourly shape: historical=(168, 33), weather=(720, 27)

[STEP 1/4] Computing PVLib physics baseline (2880 steps @ 15-min)...
          Weather window: 2880 steps (2024-05-17 00:00:00+00:00 → 2024-06-15 23:45:00+00:00)
          Using pre-computed PVLib baseline (pvlib_ac_kw column)
          PVLib shape: (2880,), range: [0.000, 0.870]

[STEP 2/4] Running long-head TFT (strategic: 720 hours @ 1-hour)...
          Long-head shape: (720,)
          Upsampling long-head to 15-min resolution...
          Long upsampled shape: (2880,)

[STEP 3/4] Rolling short-head refinement (30 days × 96 steps)...
          Day  5/30: α_short=0.65, α_long=0.35, α_ml=0.69
          Day 10/30: α_short=0.50, α_long=0.50, α_ml=0.66
          Day 15/30: α_short=0.35, α_long=0.65, α_ml=0.64
          Day 20/30: α_short=0.35, α_long=0.65, α_ml=0.61
          Day 25/30: α_short=0.35, α_long=0.65, α_ml=0.59
          Day 30/30: α_short=0.35, α_long=0.65, α_ml=0.56
          Final forecast shape: (2880,)
          Final range: [0.000, 0.698]

[STEP 4/4] Validation...
         ✓ Shape correct (2880 steps)
         ✓ Range valid [0.000, 0.698]
         ✓ All night hours zero
         ✓ Daylight mean: 0.318

[SUCCESS] Hierarchical 30-day forecast complete!
          Total TFT calls: 1 long-head + 30 short-head = 31
/home/dwijenayake/pv_forecast_30d/src/inference/physics_aware_forecaster.py:303: FutureWarning: 'H' is deprecated and will be removed in a future version, please use 'h' instead.
  hourly_hist = historical_df[['timestamp_utc'] + hist_numeric_cols].set_index('timestamp_utc').resample('1H').mean().reset_index()
/home/dwijenayake/pv_forecast_30d/src/inference/physics_aware_forecaster.py:304: FutureWarning: 'H' is deprecated and will be removed in a future version, please use 'h' instead.
  hourly_weather = weather_df[['timestamp_utc'] + weather_numeric_cols].set_index('timestamp_utc').resample('1H').mean().reset_index()
2026-01-03 21:23:39,162 - INFO -   ✓ Predicted 2880 steps
2026-01-03 21:23:39,162 - INFO -     Power range: [0.000, 0.742]
2026-01-03 21:23:39,163 - INFO -   ↻ Updated short-head encoder: 2024-05-30 00:00:00 → 2024-05-30 23:45:00
2026-01-03 21:23:39,163 - INFO -   ↻ Updated long-head encoder: 2024-05-24 00:00:00 → 2024-05-30 23:45:00
Rolling forecasts: 26forecast [00:35,  1.25s/forecast]2026-01-03 21:23:39,164 - INFO - 
[Forecast 27] Starting: 2024-05-31 00:00:00+00:00
/home/dwijenayake/pv_forecast_30d/src/inference/physics_aware_forecaster.py:303: FutureWarning: 'H' is deprecated and will be removed in a future version, please use 'h' instead.
  hourly_hist = historical_df[['timestamp_utc'] + hist_numeric_cols].set_index('timestamp_utc').resample('1H').mean().reset_index()
/home/dwijenayake/pv_forecast_30d/src/inference/physics_aware_forecaster.py:304: FutureWarning: 'H' is deprecated and will be removed in a future version, please use 'h' instead.
  hourly_weather = weather_df[['timestamp_utc'] + weather_numeric_cols].set_index('timestamp_utc').resample('1H').mean().reset_index()
2026-01-03 21:23:40,409 - INFO -   ✓ Predicted 2880 steps
2026-01-03 21:23:40,410 - INFO -     Power range: [0.000, 0.614]
2026-01-03 21:23:40,410 - INFO -   ↻ Updated short-head encoder: 2024-06-06 00:00:00 → 2024-06-06 23:45:00
2026-01-03 21:23:40,411 - INFO -   ↻ Updated long-head encoder: 2024-05-31 00:00:00 → 2024-06-06 23:45:00
Rolling forecasts: 27forecast [00:36,  1.25s/forecast]2026-01-03 21:23:40,411 - INFO - 
[Forecast 28] Starting: 2024-06-07 00:00:00+00:00
/home/dwijenayake/pv_forecast_30d/src/inference/physics_aware_forecaster.py:303: FutureWarning: 'H' is deprecated and will be removed in a future version, please use 'h' instead.
  hourly_hist = historical_df[['timestamp_utc'] + hist_numeric_cols].set_index('timestamp_utc').resample('1H').mean().reset_index()
/home/dwijenayake/pv_forecast_30d/src/inference/physics_aware_forecaster.py:304: FutureWarning: 'H' is deprecated and will be removed in a future version, please use 'h' instead.
  hourly_weather = weather_df[['timestamp_utc'] + weather_numeric_cols].set_index('timestamp_utc').resample('1H').mean().reset_index()
2026-01-03 21:23:41,656 - INFO -   ✓ Predicted 2880 steps
2026-01-03 21:23:41,656 - INFO -     Power range: [0.000, 0.617]
2026-01-03 21:23:41,657 - INFO -   ↻ Updated short-head encoder: 2024-06-13 00:00:00 → 2024-06-13 23:45:00
2026-01-03 21:23:41,658 - INFO -   ↻ Updated long-head encoder: 2024-06-07 00:00:00 → 2024-06-13 23:45:00
Rolling forecasts: 28forecast [00:38,  1.25s/forecast]2026-01-03 21:23:41,658 - INFO - 
[Forecast 29] Starting: 2024-06-14 00:00:00+00:00
/home/dwijenayake/pv_forecast_30d/src/inference/physics_aware_forecaster.py:303: FutureWarning: 'H' is deprecated and will be removed in a future version, please use 'h' instead.
  hourly_hist = historical_df[['timestamp_utc'] + hist_numeric_cols].set_index('timestamp_utc').resample('1H').mean().reset_index()
/home/dwijenayake/pv_forecast_30d/src/inference/physics_aware_forecaster.py:304: FutureWarning: 'H' is deprecated and will be removed in a future version, please use 'h' instead.
  hourly_weather = weather_df[['timestamp_utc'] + weather_numeric_cols].set_index('timestamp_utc').resample('1H').mean().reset_index()
2026-01-03 21:23:42,902 - INFO -   ✓ Predicted 2880 steps
2026-01-03 21:23:42,902 - INFO -     Power range: [0.000, 0.669]
2026-01-03 21:23:42,903 - INFO -   ↻ Updated short-head encoder: 2024-06-20 00:00:00 → 2024-06-20 23:45:00
2026-01-03 21:23:42,903 - INFO -   ↻ Updated long-head encoder: 2024-06-14 00:00:00 → 2024-06-20 23:45:00
Rolling forecasts: 29forecast [00:39,  1.25s/forecast]2026-01-03 21:23:42,903 - INFO - 
[Forecast 30] Starting: 2024-06-21 00:00:00+00:00
/home/dwijenayake/pv_forecast_30d/src/inference/physics_aware_forecaster.py:303: FutureWarning: 'H' is deprecated and will be removed in a future version, please use 'h' instead.
  hourly_hist = historical_df[['timestamp_utc'] + hist_numeric_cols].set_index('timestamp_utc').resample('1H').mean().reset_index()
/home/dwijenayake/pv_forecast_30d/src/inference/physics_aware_forecaster.py:304: FutureWarning: 'H' is deprecated and will be removed in a future version, please use 'h' instead.
  hourly_weather = weather_df[['timestamp_utc'] + weather_numeric_cols].set_index('timestamp_utc').resample('1H').mean().reset_index()
2026-01-03 21:23:44,151 - INFO -   ✓ Predicted 2880 steps
2026-01-03 21:23:44,151 - INFO -     Power range: [0.000, 0.701]
2026-01-03 21:23:44,152 - INFO -   ↻ Updated short-head encoder: 2024-06-27 00:00:00 → 2024-06-27 23:45:00
2026-01-03 21:23:44,152 - INFO -   ↻ Updated long-head encoder: 2024-06-21 00:00:00 → 2024-06-27 23:45:00
Rolling forecasts: 30forecast [00:40,  1.25s/forecast]2026-01-03 21:23:44,152 - INFO - 
[Forecast 31] Starting: 2024-06-28 00:00:00+00:00

[INFO] Hierarchical 30-day forecast starting 2024-05-24 00:00:00+00:00
       Architecture: Long-head (strategic) + 30× Short-head (tactical) + Physics

[PREP] Preparing data for multi-resolution inference...
       Input frequency detected: 15min
       Resampling to hourly for long-head...
       Hourly shape: historical=(168, 33), weather=(720, 27)

[STEP 1/4] Computing PVLib physics baseline (2880 steps @ 15-min)...
          Weather window: 2880 steps (2024-05-24 00:00:00+00:00 → 2024-06-22 23:45:00+00:00)
          Using pre-computed PVLib baseline (pvlib_ac_kw column)
          PVLib shape: (2880,), range: [0.000, 0.886]

[STEP 2/4] Running long-head TFT (strategic: 720 hours @ 1-hour)...
          Long-head shape: (720,)
          Upsampling long-head to 15-min resolution...
          Long upsampled shape: (2880,)

[STEP 3/4] Rolling short-head refinement (30 days × 96 steps)...
          Day  5/30: α_short=0.65, α_long=0.35, α_ml=0.69
          Day 10/30: α_short=0.50, α_long=0.50, α_ml=0.66
          Day 15/30: α_short=0.35, α_long=0.65, α_ml=0.64
          Day 20/30: α_short=0.35, α_long=0.65, α_ml=0.61
          Day 25/30: α_short=0.35, α_long=0.65, α_ml=0.59
          Day 30/30: α_short=0.35, α_long=0.65, α_ml=0.56
          Final forecast shape: (2880,)
          Final range: [0.000, 0.742]

[STEP 4/4] Validation...
         ✓ Shape correct (2880 steps)
         ✓ Range valid [0.000, 0.742]
         ✓ All night hours zero
         ✓ Daylight mean: 0.327

[SUCCESS] Hierarchical 30-day forecast complete!
          Total TFT calls: 1 long-head + 30 short-head = 31

[INFO] Hierarchical 30-day forecast starting 2024-05-31 00:00:00+00:00
       Architecture: Long-head (strategic) + 30× Short-head (tactical) + Physics

[PREP] Preparing data for multi-resolution inference...
       Input frequency detected: 15min
       Resampling to hourly for long-head...
       Hourly shape: historical=(168, 33), weather=(720, 27)

[STEP 1/4] Computing PVLib physics baseline (2880 steps @ 15-min)...
          Weather window: 2880 steps (2024-05-31 00:00:00+00:00 → 2024-06-29 23:45:00+00:00)
          Using pre-computed PVLib baseline (pvlib_ac_kw column)
          PVLib shape: (2880,), range: [0.000, 0.886]

[STEP 2/4] Running long-head TFT (strategic: 720 hours @ 1-hour)...
          Long-head shape: (720,)
          Upsampling long-head to 15-min resolution...
          Long upsampled shape: (2880,)

[STEP 3/4] Rolling short-head refinement (30 days × 96 steps)...
          Day  5/30: α_short=0.65, α_long=0.35, α_ml=0.69
          Day 10/30: α_short=0.50, α_long=0.50, α_ml=0.66
          Day 15/30: α_short=0.35, α_long=0.65, α_ml=0.64
          Day 20/30: α_short=0.35, α_long=0.65, α_ml=0.61
          Day 25/30: α_short=0.35, α_long=0.65, α_ml=0.59
          Day 30/30: α_short=0.35, α_long=0.65, α_ml=0.56
          Final forecast shape: (2880,)
          Final range: [0.000, 0.614]

[STEP 4/4] Validation...
         ✓ Shape correct (2880 steps)
         ✓ Range valid [0.000, 0.614]
         ✓ All night hours zero
         ✓ Daylight mean: 0.330

[SUCCESS] Hierarchical 30-day forecast complete!
          Total TFT calls: 1 long-head + 30 short-head = 31

[INFO] Hierarchical 30-day forecast starting 2024-06-07 00:00:00+00:00
       Architecture: Long-head (strategic) + 30× Short-head (tactical) + Physics

[PREP] Preparing data for multi-resolution inference...
       Input frequency detected: 15min
       Resampling to hourly for long-head...
       Hourly shape: historical=(168, 33), weather=(720, 27)

[STEP 1/4] Computing PVLib physics baseline (2880 steps @ 15-min)...
          Weather window: 2880 steps (2024-06-07 00:00:00+00:00 → 2024-07-06 23:45:00+00:00)
          Using pre-computed PVLib baseline (pvlib_ac_kw column)
          PVLib shape: (2880,), range: [0.000, 0.886]

[STEP 2/4] Running long-head TFT (strategic: 720 hours @ 1-hour)...
          Long-head shape: (720,)
          Upsampling long-head to 15-min resolution...
          Long upsampled shape: (2880,)

[STEP 3/4] Rolling short-head refinement (30 days × 96 steps)...
          Day  5/30: α_short=0.65, α_long=0.35, α_ml=0.69
          Day 10/30: α_short=0.50, α_long=0.50, α_ml=0.66
          Day 15/30: α_short=0.35, α_long=0.65, α_ml=0.64
          Day 20/30: α_short=0.35, α_long=0.65, α_ml=0.61
          Day 25/30: α_short=0.35, α_long=0.65, α_ml=0.59
          Day 30/30: α_short=0.35, α_long=0.65, α_ml=0.56
          Final forecast shape: (2880,)
          Final range: [0.000, 0.617]

[STEP 4/4] Validation...
         ✓ Shape correct (2880 steps)
         ✓ Range valid [0.000, 0.617]
         ✓ All night hours zero
         ✓ Daylight mean: 0.333

[SUCCESS] Hierarchical 30-day forecast complete!
          Total TFT calls: 1 long-head + 30 short-head = 31

[INFO] Hierarchical 30-day forecast starting 2024-06-14 00:00:00+00:00
       Architecture: Long-head (strategic) + 30× Short-head (tactical) + Physics

[PREP] Preparing data for multi-resolution inference...
       Input frequency detected: 15min
       Resampling to hourly for long-head...
       Hourly shape: historical=(168, 33), weather=(720, 27)

[STEP 1/4] Computing PVLib physics baseline (2880 steps @ 15-min)...
          Weather window: 2880 steps (2024-06-14 00:00:00+00:00 → 2024-07-13 23:45:00+00:00)
          Using pre-computed PVLib baseline (pvlib_ac_kw column)
          PVLib shape: (2880,), range: [0.000, 0.886]

[STEP 2/4] Running long-head TFT (strategic: 720 hours @ 1-hour)...
          Long-head shape: (720,)
          Upsampling long-head to 15-min resolution...
          Long upsampled shape: (2880,)

[STEP 3/4] Rolling short-head refinement (30 days × 96 steps)...
          Day  5/30: α_short=0.65, α_long=0.35, α_ml=0.69
          Day 10/30: α_short=0.50, α_long=0.50, α_ml=0.66
          Day 15/30: α_short=0.35, α_long=0.65, α_ml=0.64
          Day 20/30: α_short=0.35, α_long=0.65, α_ml=0.61
          Day 25/30: α_short=0.35, α_long=0.65, α_ml=0.59
          Day 30/30: α_short=0.35, α_long=0.65, α_ml=0.56
          Final forecast shape: (2880,)
          Final range: [0.000, 0.669]

[STEP 4/4] Validation...
         ✓ Shape correct (2880 steps)
         ✓ Range valid [0.000, 0.669]
         ✓ All night hours zero
         ✓ Daylight mean: 0.339

[SUCCESS] Hierarchical 30-day forecast complete!
          Total TFT calls: 1 long-head + 30 short-head = 31

[INFO] Hierarchical 30-day forecast starting 2024-06-21 00:00:00+00:00
       Architecture: Long-head (strategic) + 30× Short-head (tactical) + Physics

[PREP] Preparing data for multi-resolution inference...
       Input frequency detected: 15min
       Resampling to hourly for long-head...
       Hourly shape: historical=(168, 33), weather=(720, 27)

[STEP 1/4] Computing PVLib physics baseline (2880 steps @ 15-min)...
          Weather window: 2880 steps (2024-06-21 00:00:00+00:00 → 2024-07-20 23:45:00+00:00)
          Using pre-computed PVLib baseline (pvlib_ac_kw column)
          PVLib shape: (2880,), range: [0.000, 0.886]

[STEP 2/4] Running long-head TFT (strategic: 720 hours @ 1-hour)...
          Long-head shape: (720,)
          Upsampling long-head to 15-min resolution...
          Long upsampled shape: (2880,)

[STEP 3/4] Rolling short-head refinement (30 days × 96 steps)...
          Day  5/30: α_short=0.65, α_long=0.35, α_ml=0.69
          Day 10/30: α_short=0.50, α_long=0.50, α_ml=0.66
          Day 15/30: α_short=0.35, α_long=0.65, α_ml=0.64
          Day 20/30: α_short=0.35, α_long=0.65, α_ml=0.61
          Day 25/30: α_short=0.35, α_long=0.65, α_ml=0.59
          Day 30/30: α_short=0.35, α_long=0.65, α_ml=0.56
          Final forecast shape: (2880,)
          Final range: [0.000, 0.701]

[STEP 4/4] Validation...
         ✓ Shape correct (2880 steps)
         ✓ Range valid [0.000, 0.701]
         ✓ All night hours zero
         ✓ Daylight mean: 0.351

[SUCCESS] Hierarchical 30-day forecast complete!
          Total TFT calls: 1 long-head + 30 short-head = 31
/home/dwijenayake/pv_forecast_30d/src/inference/physics_aware_forecaster.py:303: FutureWarning: 'H' is deprecated and will be removed in a future version, please use 'h' instead.
  hourly_hist = historical_df[['timestamp_utc'] + hist_numeric_cols].set_index('timestamp_utc').resample('1H').mean().reset_index()
/home/dwijenayake/pv_forecast_30d/src/inference/physics_aware_forecaster.py:304: FutureWarning: 'H' is deprecated and will be removed in a future version, please use 'h' instead.
  hourly_weather = weather_df[['timestamp_utc'] + weather_numeric_cols].set_index('timestamp_utc').resample('1H').mean().reset_index()
2026-01-03 21:23:45,402 - INFO -   ✓ Predicted 2880 steps
2026-01-03 21:23:45,403 - INFO -     Power range: [0.000, 0.650]
2026-01-03 21:23:45,403 - INFO -   ↻ Updated short-head encoder: 2024-07-04 00:00:00 → 2024-07-04 23:45:00
2026-01-03 21:23:45,404 - INFO -   ↻ Updated long-head encoder: 2024-06-28 00:00:00 → 2024-07-04 23:45:00
Rolling forecasts: 31forecast [00:41,  1.25s/forecast]2026-01-03 21:23:45,404 - INFO - 
[Forecast 32] Starting: 2024-07-05 00:00:00+00:00
/home/dwijenayake/pv_forecast_30d/src/inference/physics_aware_forecaster.py:303: FutureWarning: 'H' is deprecated and will be removed in a future version, please use 'h' instead.
  hourly_hist = historical_df[['timestamp_utc'] + hist_numeric_cols].set_index('timestamp_utc').resample('1H').mean().reset_index()
/home/dwijenayake/pv_forecast_30d/src/inference/physics_aware_forecaster.py:304: FutureWarning: 'H' is deprecated and will be removed in a future version, please use 'h' instead.
  hourly_weather = weather_df[['timestamp_utc'] + weather_numeric_cols].set_index('timestamp_utc').resample('1H').mean().reset_index()
2026-01-03 21:23:46,655 - INFO -   ✓ Predicted 2880 steps
2026-01-03 21:23:46,655 - INFO -     Power range: [0.000, 0.724]
2026-01-03 21:23:46,656 - INFO -   ↻ Updated short-head encoder: 2024-07-11 00:00:00 → 2024-07-11 23:45:00
2026-01-03 21:23:46,656 - INFO -   ↻ Updated long-head encoder: 2024-07-05 00:00:00 → 2024-07-11 23:45:00
Rolling forecasts: 32forecast [00:43,  1.25s/forecast]2026-01-03 21:23:46,657 - INFO - 
[Forecast 33] Starting: 2024-07-12 00:00:00+00:00
/home/dwijenayake/pv_forecast_30d/src/inference/physics_aware_forecaster.py:303: FutureWarning: 'H' is deprecated and will be removed in a future version, please use 'h' instead.
  hourly_hist = historical_df[['timestamp_utc'] + hist_numeric_cols].set_index('timestamp_utc').resample('1H').mean().reset_index()
/home/dwijenayake/pv_forecast_30d/src/inference/physics_aware_forecaster.py:304: FutureWarning: 'H' is deprecated and will be removed in a future version, please use 'h' instead.
  hourly_weather = weather_df[['timestamp_utc'] + weather_numeric_cols].set_index('timestamp_utc').resample('1H').mean().reset_index()
2026-01-03 21:23:47,904 - INFO -   ✓ Predicted 2880 steps
2026-01-03 21:23:47,904 - INFO -     Power range: [0.000, 0.689]
2026-01-03 21:23:47,905 - INFO -   ↻ Updated short-head encoder: 2024-07-18 00:00:00 → 2024-07-18 23:45:00
2026-01-03 21:23:47,905 - INFO -   ↻ Updated long-head encoder: 2024-07-12 00:00:00 → 2024-07-18 23:45:00
Rolling forecasts: 33forecast [00:44,  1.25s/forecast]2026-01-03 21:23:47,906 - INFO - 
[Forecast 34] Starting: 2024-07-19 00:00:00+00:00
/home/dwijenayake/pv_forecast_30d/src/inference/physics_aware_forecaster.py:303: FutureWarning: 'H' is deprecated and will be removed in a future version, please use 'h' instead.
  hourly_hist = historical_df[['timestamp_utc'] + hist_numeric_cols].set_index('timestamp_utc').resample('1H').mean().reset_index()
/home/dwijenayake/pv_forecast_30d/src/inference/physics_aware_forecaster.py:304: FutureWarning: 'H' is deprecated and will be removed in a future version, please use 'h' instead.
  hourly_weather = weather_df[['timestamp_utc'] + weather_numeric_cols].set_index('timestamp_utc').resample('1H').mean().reset_index()
2026-01-03 21:23:49,152 - INFO -   ✓ Predicted 2880 steps
2026-01-03 21:23:49,152 - INFO -     Power range: [0.000, 0.706]
2026-01-03 21:23:49,152 - INFO -   ↻ Updated short-head encoder: 2024-07-25 00:00:00 → 2024-07-25 23:45:00
2026-01-03 21:23:49,153 - INFO -   ↻ Updated long-head encoder: 2024-07-19 00:00:00 → 2024-07-25 23:45:00
Rolling forecasts: 34forecast [00:45,  1.25s/forecast]2026-01-03 21:23:49,153 - INFO - 
[Forecast 35] Starting: 2024-07-26 00:00:00+00:00
/home/dwijenayake/pv_forecast_30d/src/inference/physics_aware_forecaster.py:303: FutureWarning: 'H' is deprecated and will be removed in a future version, please use 'h' instead.
  hourly_hist = historical_df[['timestamp_utc'] + hist_numeric_cols].set_index('timestamp_utc').resample('1H').mean().reset_index()
/home/dwijenayake/pv_forecast_30d/src/inference/physics_aware_forecaster.py:304: FutureWarning: 'H' is deprecated and will be removed in a future version, please use 'h' instead.
  hourly_weather = weather_df[['timestamp_utc'] + weather_numeric_cols].set_index('timestamp_utc').resample('1H').mean().reset_index()
2026-01-03 21:23:50,398 - INFO -   ✓ Predicted 2880 steps
2026-01-03 21:23:50,398 - INFO -     Power range: [0.000, 0.727]
2026-01-03 21:23:50,399 - INFO -   ↻ Updated short-head encoder: 2024-08-01 00:00:00 → 2024-08-01 23:45:00
2026-01-03 21:23:50,400 - INFO -   ↻ Updated long-head encoder: 2024-07-26 00:00:00 → 2024-08-01 23:45:00
Rolling forecasts: 35forecast [00:46,  1.25s/forecast]2026-01-03 21:23:50,400 - INFO - 
[Forecast 36] Starting: 2024-08-02 00:00:00+00:00

[INFO] Hierarchical 30-day forecast starting 2024-06-28 00:00:00+00:00
       Architecture: Long-head (strategic) + 30× Short-head (tactical) + Physics

[PREP] Preparing data for multi-resolution inference...
       Input frequency detected: 15min
       Resampling to hourly for long-head...
       Hourly shape: historical=(168, 33), weather=(720, 27)

[STEP 1/4] Computing PVLib physics baseline (2880 steps @ 15-min)...
          Weather window: 2880 steps (2024-06-28 00:00:00+00:00 → 2024-07-27 23:45:00+00:00)
          Using pre-computed PVLib baseline (pvlib_ac_kw column)
          PVLib shape: (2880,), range: [0.000, 0.857]

[STEP 2/4] Running long-head TFT (strategic: 720 hours @ 1-hour)...
          Long-head shape: (720,)
          Upsampling long-head to 15-min resolution...
          Long upsampled shape: (2880,)

[STEP 3/4] Rolling short-head refinement (30 days × 96 steps)...
          Day  5/30: α_short=0.65, α_long=0.35, α_ml=0.69
          Day 10/30: α_short=0.50, α_long=0.50, α_ml=0.66
          Day 15/30: α_short=0.35, α_long=0.65, α_ml=0.64
          Day 20/30: α_short=0.35, α_long=0.65, α_ml=0.61
          Day 25/30: α_short=0.35, α_long=0.65, α_ml=0.59
          Day 30/30: α_short=0.35, α_long=0.65, α_ml=0.56
          Final forecast shape: (2880,)
          Final range: [0.000, 0.650]

[STEP 4/4] Validation...
         ✓ Shape correct (2880 steps)
         ✓ Range valid [0.000, 0.650]
         ✓ All night hours zero
         ✓ Daylight mean: 0.339

[SUCCESS] Hierarchical 30-day forecast complete!
          Total TFT calls: 1 long-head + 30 short-head = 31

[INFO] Hierarchical 30-day forecast starting 2024-07-05 00:00:00+00:00
       Architecture: Long-head (strategic) + 30× Short-head (tactical) + Physics

[PREP] Preparing data for multi-resolution inference...
       Input frequency detected: 15min
       Resampling to hourly for long-head...
       Hourly shape: historical=(168, 33), weather=(720, 27)

[STEP 1/4] Computing PVLib physics baseline (2880 steps @ 15-min)...
          Weather window: 2880 steps (2024-07-05 00:00:00+00:00 → 2024-08-03 23:45:00+00:00)
          Using pre-computed PVLib baseline (pvlib_ac_kw column)
          PVLib shape: (2880,), range: [0.000, 0.882]

[STEP 2/4] Running long-head TFT (strategic: 720 hours @ 1-hour)...
          Long-head shape: (720,)
          Upsampling long-head to 15-min resolution...
          Long upsampled shape: (2880,)

[STEP 3/4] Rolling short-head refinement (30 days × 96 steps)...
          Day  5/30: α_short=0.65, α_long=0.35, α_ml=0.69
          Day 10/30: α_short=0.50, α_long=0.50, α_ml=0.66
          Day 15/30: α_short=0.35, α_long=0.65, α_ml=0.64
          Day 20/30: α_short=0.35, α_long=0.65, α_ml=0.61
          Day 25/30: α_short=0.35, α_long=0.65, α_ml=0.59
          Day 30/30: α_short=0.35, α_long=0.65, α_ml=0.56
          Final forecast shape: (2880,)
          Final range: [0.000, 0.724]

[STEP 4/4] Validation...
         ✓ Shape correct (2880 steps)
         ✓ Range valid [0.000, 0.724]
         ✓ All night hours zero
         ✓ Daylight mean: 0.355

[SUCCESS] Hierarchical 30-day forecast complete!
          Total TFT calls: 1 long-head + 30 short-head = 31

[INFO] Hierarchical 30-day forecast starting 2024-07-12 00:00:00+00:00
       Architecture: Long-head (strategic) + 30× Short-head (tactical) + Physics

[PREP] Preparing data for multi-resolution inference...
       Input frequency detected: 15min
       Resampling to hourly for long-head...
       Hourly shape: historical=(168, 33), weather=(720, 27)

[STEP 1/4] Computing PVLib physics baseline (2880 steps @ 15-min)...
          Weather window: 2880 steps (2024-07-12 00:00:00+00:00 → 2024-08-10 23:45:00+00:00)
          Using pre-computed PVLib baseline (pvlib_ac_kw column)
          PVLib shape: (2880,), range: [0.000, 0.882]

[STEP 2/4] Running long-head TFT (strategic: 720 hours @ 1-hour)...
          Long-head shape: (720,)
          Upsampling long-head to 15-min resolution...
          Long upsampled shape: (2880,)

[STEP 3/4] Rolling short-head refinement (30 days × 96 steps)...
          Day  5/30: α_short=0.65, α_long=0.35, α_ml=0.69
          Day 10/30: α_short=0.50, α_long=0.50, α_ml=0.66
          Day 15/30: α_short=0.35, α_long=0.65, α_ml=0.64
          Day 20/30: α_short=0.35, α_long=0.65, α_ml=0.61
          Day 25/30: α_short=0.35, α_long=0.65, α_ml=0.59
          Day 30/30: α_short=0.35, α_long=0.65, α_ml=0.56
          Final forecast shape: (2880,)
          Final range: [0.000, 0.689]

[STEP 4/4] Validation...
         ✓ Shape correct (2880 steps)
         ✓ Range valid [0.000, 0.689]
         ✓ All night hours zero
         ✓ Daylight mean: 0.354

[SUCCESS] Hierarchical 30-day forecast complete!
          Total TFT calls: 1 long-head + 30 short-head = 31

[INFO] Hierarchical 30-day forecast starting 2024-07-19 00:00:00+00:00
       Architecture: Long-head (strategic) + 30× Short-head (tactical) + Physics

[PREP] Preparing data for multi-resolution inference...
       Input frequency detected: 15min
       Resampling to hourly for long-head...
       Hourly shape: historical=(168, 33), weather=(720, 27)

[STEP 1/4] Computing PVLib physics baseline (2880 steps @ 15-min)...
          Weather window: 2880 steps (2024-07-19 00:00:00+00:00 → 2024-08-17 23:45:00+00:00)
          Using pre-computed PVLib baseline (pvlib_ac_kw column)
          PVLib shape: (2880,), range: [0.000, 0.882]

[STEP 2/4] Running long-head TFT (strategic: 720 hours @ 1-hour)...
          Long-head shape: (720,)
          Upsampling long-head to 15-min resolution...
          Long upsampled shape: (2880,)

[STEP 3/4] Rolling short-head refinement (30 days × 96 steps)...
          Day  5/30: α_short=0.65, α_long=0.35, α_ml=0.69
          Day 10/30: α_short=0.50, α_long=0.50, α_ml=0.66
          Day 15/30: α_short=0.35, α_long=0.65, α_ml=0.64
          Day 20/30: α_short=0.35, α_long=0.65, α_ml=0.61
          Day 25/30: α_short=0.35, α_long=0.65, α_ml=0.59
          Day 30/30: α_short=0.35, α_long=0.65, α_ml=0.56
          Final forecast shape: (2880,)
          Final range: [0.000, 0.706]

[STEP 4/4] Validation...
         ✓ Shape correct (2880 steps)
         ✓ Range valid [0.000, 0.706]
         ✓ All night hours zero
         ✓ Daylight mean: 0.357

[SUCCESS] Hierarchical 30-day forecast complete!
          Total TFT calls: 1 long-head + 30 short-head = 31

[INFO] Hierarchical 30-day forecast starting 2024-07-26 00:00:00+00:00
       Architecture: Long-head (strategic) + 30× Short-head (tactical) + Physics

[PREP] Preparing data for multi-resolution inference...
       Input frequency detected: 15min
       Resampling to hourly for long-head...
       Hourly shape: historical=(168, 33), weather=(720, 27)

[STEP 1/4] Computing PVLib physics baseline (2880 steps @ 15-min)...
          Weather window: 2880 steps (2024-07-26 00:00:00+00:00 → 2024-08-24 23:45:00+00:00)
          Using pre-computed PVLib baseline (pvlib_ac_kw column)
          PVLib shape: (2880,), range: [0.000, 0.882]

[STEP 2/4] Running long-head TFT (strategic: 720 hours @ 1-hour)...
          Long-head shape: (720,)
          Upsampling long-head to 15-min resolution...
          Long upsampled shape: (2880,)

[STEP 3/4] Rolling short-head refinement (30 days × 96 steps)...
          Day  5/30: α_short=0.65, α_long=0.35, α_ml=0.69
          Day 10/30: α_short=0.50, α_long=0.50, α_ml=0.66
          Day 15/30: α_short=0.35, α_long=0.65, α_ml=0.64
          Day 20/30: α_short=0.35, α_long=0.65, α_ml=0.61
          Day 25/30: α_short=0.35, α_long=0.65, α_ml=0.59
          Day 30/30: α_short=0.35, α_long=0.65, α_ml=0.56
          Final forecast shape: (2880,)
          Final range: [0.000, 0.727]

[STEP 4/4] Validation...
         ✓ Shape correct (2880 steps)
         ✓ Range valid [0.000, 0.727]
         ✓ All night hours zero
         ✓ Daylight mean: 0.346

[SUCCESS] Hierarchical 30-day forecast complete!
          Total TFT calls: 1 long-head + 30 short-head = 31
/home/dwijenayake/pv_forecast_30d/src/inference/physics_aware_forecaster.py:303: FutureWarning: 'H' is deprecated and will be removed in a future version, please use 'h' instead.
  hourly_hist = historical_df[['timestamp_utc'] + hist_numeric_cols].set_index('timestamp_utc').resample('1H').mean().reset_index()
/home/dwijenayake/pv_forecast_30d/src/inference/physics_aware_forecaster.py:304: FutureWarning: 'H' is deprecated and will be removed in a future version, please use 'h' instead.
  hourly_weather = weather_df[['timestamp_utc'] + weather_numeric_cols].set_index('timestamp_utc').resample('1H').mean().reset_index()
2026-01-03 21:23:51,646 - INFO -   ✓ Predicted 2880 steps
2026-01-03 21:23:51,646 - INFO -     Power range: [0.000, 0.658]
2026-01-03 21:23:51,646 - INFO -   ↻ Updated short-head encoder: 2024-08-08 00:00:00 → 2024-08-08 23:45:00
2026-01-03 21:23:51,647 - INFO -   ↻ Updated long-head encoder: 2024-08-02 00:00:00 → 2024-08-08 23:45:00
Rolling forecasts: 36forecast [00:48,  1.25s/forecast]2026-01-03 21:23:51,647 - INFO - 
[Forecast 37] Starting: 2024-08-09 00:00:00+00:00
/home/dwijenayake/pv_forecast_30d/src/inference/physics_aware_forecaster.py:303: FutureWarning: 'H' is deprecated and will be removed in a future version, please use 'h' instead.
  hourly_hist = historical_df[['timestamp_utc'] + hist_numeric_cols].set_index('timestamp_utc').resample('1H').mean().reset_index()
/home/dwijenayake/pv_forecast_30d/src/inference/physics_aware_forecaster.py:304: FutureWarning: 'H' is deprecated and will be removed in a future version, please use 'h' instead.
  hourly_weather = weather_df[['timestamp_utc'] + weather_numeric_cols].set_index('timestamp_utc').resample('1H').mean().reset_index()
2026-01-03 21:23:52,892 - INFO -   ✓ Predicted 2880 steps
2026-01-03 21:23:52,892 - INFO -     Power range: [0.000, 0.696]
2026-01-03 21:23:52,893 - INFO -   ↻ Updated short-head encoder: 2024-08-15 00:00:00 → 2024-08-15 23:45:00
2026-01-03 21:23:52,893 - INFO -   ↻ Updated long-head encoder: 2024-08-09 00:00:00 → 2024-08-15 23:45:00
Rolling forecasts: 37forecast [00:49,  1.25s/forecast]2026-01-03 21:23:52,894 - INFO - 
[Forecast 38] Starting: 2024-08-16 00:00:00+00:00
/home/dwijenayake/pv_forecast_30d/src/inference/physics_aware_forecaster.py:303: FutureWarning: 'H' is deprecated and will be removed in a future version, please use 'h' instead.
  hourly_hist = historical_df[['timestamp_utc'] + hist_numeric_cols].set_index('timestamp_utc').resample('1H').mean().reset_index()
/home/dwijenayake/pv_forecast_30d/src/inference/physics_aware_forecaster.py:304: FutureWarning: 'H' is deprecated and will be removed in a future version, please use 'h' instead.
  hourly_weather = weather_df[['timestamp_utc'] + weather_numeric_cols].set_index('timestamp_utc').resample('1H').mean().reset_index()
2026-01-03 21:23:54,132 - INFO -   ✓ Predicted 2880 steps
2026-01-03 21:23:54,132 - INFO -     Power range: [0.000, 0.629]
2026-01-03 21:23:54,133 - INFO -   ↻ Updated short-head encoder: 2024-08-22 00:00:00 → 2024-08-22 23:45:00
2026-01-03 21:23:54,134 - INFO -   ↻ Updated long-head encoder: 2024-08-16 00:00:00 → 2024-08-22 23:45:00
Rolling forecasts: 38forecast [00:50,  1.25s/forecast]2026-01-03 21:23:54,134 - INFO - 
[Forecast 39] Starting: 2024-08-23 00:00:00+00:00
/home/dwijenayake/pv_forecast_30d/src/inference/physics_aware_forecaster.py:303: FutureWarning: 'H' is deprecated and will be removed in a future version, please use 'h' instead.
  hourly_hist = historical_df[['timestamp_utc'] + hist_numeric_cols].set_index('timestamp_utc').resample('1H').mean().reset_index()
/home/dwijenayake/pv_forecast_30d/src/inference/physics_aware_forecaster.py:304: FutureWarning: 'H' is deprecated and will be removed in a future version, please use 'h' instead.
  hourly_weather = weather_df[['timestamp_utc'] + weather_numeric_cols].set_index('timestamp_utc').resample('1H').mean().reset_index()
2026-01-03 21:23:55,382 - INFO -   ✓ Predicted 2880 steps
2026-01-03 21:23:55,382 - INFO -     Power range: [0.000, 0.703]
2026-01-03 21:23:55,382 - INFO -   ↻ Updated short-head encoder: 2024-08-29 00:00:00 → 2024-08-29 23:45:00
2026-01-03 21:23:55,383 - INFO -   ↻ Updated long-head encoder: 2024-08-23 00:00:00 → 2024-08-29 23:45:00
Rolling forecasts: 39forecast [00:51,  1.25s/forecast]2026-01-03 21:23:55,383 - INFO - 
[Forecast 40] Starting: 2024-08-30 00:00:00+00:00
/home/dwijenayake/pv_forecast_30d/src/inference/physics_aware_forecaster.py:303: FutureWarning: 'H' is deprecated and will be removed in a future version, please use 'h' instead.
  hourly_hist = historical_df[['timestamp_utc'] + hist_numeric_cols].set_index('timestamp_utc').resample('1H').mean().reset_index()
/home/dwijenayake/pv_forecast_30d/src/inference/physics_aware_forecaster.py:304: FutureWarning: 'H' is deprecated and will be removed in a future version, please use 'h' instead.
  hourly_weather = weather_df[['timestamp_utc'] + weather_numeric_cols].set_index('timestamp_utc').resample('1H').mean().reset_index()
2026-01-03 21:23:56,628 - INFO -   ✓ Predicted 2880 steps
2026-01-03 21:23:56,628 - INFO -     Power range: [0.000, 0.643]
2026-01-03 21:23:56,629 - INFO -   ↻ Updated short-head encoder: 2024-09-05 00:00:00 → 2024-09-05 23:45:00
2026-01-03 21:23:56,630 - INFO -   ↻ Updated long-head encoder: 2024-08-30 00:00:00 → 2024-09-05 23:45:00
Rolling forecasts: 40forecast [00:53,  1.25s/forecast]2026-01-03 21:23:56,630 - INFO - 
[Forecast 41] Starting: 2024-09-06 00:00:00+00:00

[INFO] Hierarchical 30-day forecast starting 2024-08-02 00:00:00+00:00
       Architecture: Long-head (strategic) + 30× Short-head (tactical) + Physics

[PREP] Preparing data for multi-resolution inference...
       Input frequency detected: 15min
       Resampling to hourly for long-head...
       Hourly shape: historical=(168, 33), weather=(720, 27)

[STEP 1/4] Computing PVLib physics baseline (2880 steps @ 15-min)...
          Weather window: 2880 steps (2024-08-02 00:00:00+00:00 → 2024-08-31 23:45:00+00:00)
          Using pre-computed PVLib baseline (pvlib_ac_kw column)
          PVLib shape: (2880,), range: [0.000, 0.858]

[STEP 2/4] Running long-head TFT (strategic: 720 hours @ 1-hour)...
          Long-head shape: (720,)
          Upsampling long-head to 15-min resolution...
          Long upsampled shape: (2880,)

[STEP 3/4] Rolling short-head refinement (30 days × 96 steps)...
          Day  5/30: α_short=0.65, α_long=0.35, α_ml=0.69
          Day 10/30: α_short=0.50, α_long=0.50, α_ml=0.66
          Day 15/30: α_short=0.35, α_long=0.65, α_ml=0.64
          Day 20/30: α_short=0.35, α_long=0.65, α_ml=0.61
          Day 25/30: α_short=0.35, α_long=0.65, α_ml=0.59
          Day 30/30: α_short=0.35, α_long=0.65, α_ml=0.56
          Final forecast shape: (2880,)
          Final range: [0.000, 0.658]

[STEP 4/4] Validation...
         ✓ Shape correct (2880 steps)
         ✓ Range valid [0.000, 0.658]
         ✓ All night hours zero
         ✓ Daylight mean: 0.334

[SUCCESS] Hierarchical 30-day forecast complete!
          Total TFT calls: 1 long-head + 30 short-head = 31

[INFO] Hierarchical 30-day forecast starting 2024-08-09 00:00:00+00:00
       Architecture: Long-head (strategic) + 30× Short-head (tactical) + Physics

[PREP] Preparing data for multi-resolution inference...
       Input frequency detected: 15min
       Resampling to hourly for long-head...
       Hourly shape: historical=(168, 33), weather=(720, 27)

[STEP 1/4] Computing PVLib physics baseline (2880 steps @ 15-min)...
          Weather window: 2880 steps (2024-08-09 00:00:00+00:00 → 2024-09-07 23:45:00+00:00)
          Using pre-computed PVLib baseline (pvlib_ac_kw column)
          PVLib shape: (2880,), range: [0.000, 0.858]

[STEP 2/4] Running long-head TFT (strategic: 720 hours @ 1-hour)...
          Long-head shape: (720,)
          Upsampling long-head to 15-min resolution...
          Long upsampled shape: (2880,)

[STEP 3/4] Rolling short-head refinement (30 days × 96 steps)...
          Day  5/30: α_short=0.65, α_long=0.35, α_ml=0.69
          Day 10/30: α_short=0.50, α_long=0.50, α_ml=0.66
          Day 15/30: α_short=0.35, α_long=0.65, α_ml=0.64
          Day 20/30: α_short=0.35, α_long=0.65, α_ml=0.61
          Day 25/30: α_short=0.35, α_long=0.65, α_ml=0.59
          Day 30/30: α_short=0.35, α_long=0.65, α_ml=0.56
          Final forecast shape: (2880,)
          Final range: [0.000, 0.696]

[STEP 4/4] Validation...
         ✓ Shape correct (2880 steps)
         ✓ Range valid [0.000, 0.696]
         ✓ All night hours zero
         ✓ Daylight mean: 0.342

[SUCCESS] Hierarchical 30-day forecast complete!
          Total TFT calls: 1 long-head + 30 short-head = 31

[INFO] Hierarchical 30-day forecast starting 2024-08-16 00:00:00+00:00
       Architecture: Long-head (strategic) + 30× Short-head (tactical) + Physics

[PREP] Preparing data for multi-resolution inference...
       Input frequency detected: 15min
       Resampling to hourly for long-head...
       Hourly shape: historical=(168, 33), weather=(720, 27)

[STEP 1/4] Computing PVLib physics baseline (2880 steps @ 15-min)...
          Weather window: 2880 steps (2024-08-16 00:00:00+00:00 → 2024-09-14 23:45:00+00:00)
          Using pre-computed PVLib baseline (pvlib_ac_kw column)
          PVLib shape: (2880,), range: [0.000, 0.858]

[STEP 2/4] Running long-head TFT (strategic: 720 hours @ 1-hour)...
          Long-head shape: (720,)
          Upsampling long-head to 15-min resolution...
          Long upsampled shape: (2880,)

[STEP 3/4] Rolling short-head refinement (30 days × 96 steps)...
          Day  5/30: α_short=0.65, α_long=0.35, α_ml=0.69
          Day 10/30: α_short=0.50, α_long=0.50, α_ml=0.66
          Day 15/30: α_short=0.35, α_long=0.65, α_ml=0.64
          Day 20/30: α_short=0.35, α_long=0.65, α_ml=0.61
          Day 25/30: α_short=0.35, α_long=0.65, α_ml=0.59
          Day 30/30: α_short=0.35, α_long=0.65, α_ml=0.56
          Final forecast shape: (2880,)
          Final range: [0.000, 0.629]

[STEP 4/4] Validation...
         ✓ Shape correct (2880 steps)
         ✓ Range valid [0.000, 0.629]
         ✓ All night hours zero
         ✓ Daylight mean: 0.316

[SUCCESS] Hierarchical 30-day forecast complete!
          Total TFT calls: 1 long-head + 30 short-head = 31

[INFO] Hierarchical 30-day forecast starting 2024-08-23 00:00:00+00:00
       Architecture: Long-head (strategic) + 30× Short-head (tactical) + Physics

[PREP] Preparing data for multi-resolution inference...
       Input frequency detected: 15min
       Resampling to hourly for long-head...
       Hourly shape: historical=(168, 33), weather=(720, 27)

[STEP 1/4] Computing PVLib physics baseline (2880 steps @ 15-min)...
          Weather window: 2880 steps (2024-08-23 00:00:00+00:00 → 2024-09-21 23:45:00+00:00)
          Using pre-computed PVLib baseline (pvlib_ac_kw column)
          PVLib shape: (2880,), range: [0.000, 0.858]

[STEP 2/4] Running long-head TFT (strategic: 720 hours @ 1-hour)...
          Long-head shape: (720,)
          Upsampling long-head to 15-min resolution...
          Long upsampled shape: (2880,)

[STEP 3/4] Rolling short-head refinement (30 days × 96 steps)...
          Day  5/30: α_short=0.65, α_long=0.35, α_ml=0.69
          Day 10/30: α_short=0.50, α_long=0.50, α_ml=0.66
          Day 15/30: α_short=0.35, α_long=0.65, α_ml=0.64
          Day 20/30: α_short=0.35, α_long=0.65, α_ml=0.61
          Day 25/30: α_short=0.35, α_long=0.65, α_ml=0.59
          Day 30/30: α_short=0.35, α_long=0.65, α_ml=0.56
          Final forecast shape: (2880,)
          Final range: [0.000, 0.703]

[STEP 4/4] Validation...
         ✓ Shape correct (2880 steps)
         ✓ Range valid [0.000, 0.703]
         ✓ All night hours zero
         ✓ Daylight mean: 0.336

[SUCCESS] Hierarchical 30-day forecast complete!
          Total TFT calls: 1 long-head + 30 short-head = 31

[INFO] Hierarchical 30-day forecast starting 2024-08-30 00:00:00+00:00
       Architecture: Long-head (strategic) + 30× Short-head (tactical) + Physics

[PREP] Preparing data for multi-resolution inference...
       Input frequency detected: 15min
       Resampling to hourly for long-head...
       Hourly shape: historical=(168, 33), weather=(720, 27)

[STEP 1/4] Computing PVLib physics baseline (2880 steps @ 15-min)...
          Weather window: 2880 steps (2024-08-30 00:00:00+00:00 → 2024-09-28 23:45:00+00:00)
          Using pre-computed PVLib baseline (pvlib_ac_kw column)
          PVLib shape: (2880,), range: [0.000, 0.822]

[STEP 2/4] Running long-head TFT (strategic: 720 hours @ 1-hour)...
          Long-head shape: (720,)
          Upsampling long-head to 15-min resolution...
          Long upsampled shape: (2880,)

[STEP 3/4] Rolling short-head refinement (30 days × 96 steps)...
          Day  5/30: α_short=0.65, α_long=0.35, α_ml=0.69
          Day 10/30: α_short=0.50, α_long=0.50, α_ml=0.66
          Day 15/30: α_short=0.35, α_long=0.65, α_ml=0.64
          Day 20/30: α_short=0.35, α_long=0.65, α_ml=0.61
          Day 25/30: α_short=0.35, α_long=0.65, α_ml=0.59
          Day 30/30: α_short=0.35, α_long=0.65, α_ml=0.56
          Final forecast shape: (2880,)
          Final range: [0.000, 0.643]

[STEP 4/4] Validation...
         ✓ Shape correct (2880 steps)
         ✓ Range valid [0.000, 0.643]
         ✓ All night hours zero
         ✓ Daylight mean: 0.319

[SUCCESS] Hierarchical 30-day forecast complete!
          Total TFT calls: 1 long-head + 30 short-head = 31
/home/dwijenayake/pv_forecast_30d/src/inference/physics_aware_forecaster.py:303: FutureWarning: 'H' is deprecated and will be removed in a future version, please use 'h' instead.
  hourly_hist = historical_df[['timestamp_utc'] + hist_numeric_cols].set_index('timestamp_utc').resample('1H').mean().reset_index()
/home/dwijenayake/pv_forecast_30d/src/inference/physics_aware_forecaster.py:304: FutureWarning: 'H' is deprecated and will be removed in a future version, please use 'h' instead.
  hourly_weather = weather_df[['timestamp_utc'] + weather_numeric_cols].set_index('timestamp_utc').resample('1H').mean().reset_index()
2026-01-03 21:23:57,872 - INFO -   ✓ Predicted 2880 steps
2026-01-03 21:23:57,872 - INFO -     Power range: [0.000, 0.657]
2026-01-03 21:23:57,873 - INFO -   ↻ Updated short-head encoder: 2024-09-12 00:00:00 → 2024-09-12 23:45:00
2026-01-03 21:23:57,874 - INFO -   ↻ Updated long-head encoder: 2024-09-06 00:00:00 → 2024-09-12 23:45:00
Rolling forecasts: 41forecast [00:54,  1.25s/forecast]2026-01-03 21:23:57,874 - INFO - 
[Forecast 42] Starting: 2024-09-13 00:00:00+00:00
/home/dwijenayake/pv_forecast_30d/src/inference/physics_aware_forecaster.py:303: FutureWarning: 'H' is deprecated and will be removed in a future version, please use 'h' instead.
  hourly_hist = historical_df[['timestamp_utc'] + hist_numeric_cols].set_index('timestamp_utc').resample('1H').mean().reset_index()
/home/dwijenayake/pv_forecast_30d/src/inference/physics_aware_forecaster.py:304: FutureWarning: 'H' is deprecated and will be removed in a future version, please use 'h' instead.
  hourly_weather = weather_df[['timestamp_utc'] + weather_numeric_cols].set_index('timestamp_utc').resample('1H').mean().reset_index()
2026-01-03 21:23:59,118 - INFO -   ✓ Predicted 2880 steps
2026-01-03 21:23:59,118 - INFO -     Power range: [0.000, 0.630]
2026-01-03 21:23:59,119 - INFO -   ↻ Updated short-head encoder: 2024-09-19 00:00:00 → 2024-09-19 23:45:00
2026-01-03 21:23:59,120 - INFO -   ↻ Updated long-head encoder: 2024-09-13 00:00:00 → 2024-09-19 23:45:00
Rolling forecasts: 42forecast [00:55,  1.25s/forecast]2026-01-03 21:23:59,120 - INFO - 
[Forecast 43] Starting: 2024-09-20 00:00:00+00:00
/home/dwijenayake/pv_forecast_30d/src/inference/physics_aware_forecaster.py:303: FutureWarning: 'H' is deprecated and will be removed in a future version, please use 'h' instead.
  hourly_hist = historical_df[['timestamp_utc'] + hist_numeric_cols].set_index('timestamp_utc').resample('1H').mean().reset_index()
/home/dwijenayake/pv_forecast_30d/src/inference/physics_aware_forecaster.py:304: FutureWarning: 'H' is deprecated and will be removed in a future version, please use 'h' instead.
  hourly_weather = weather_df[['timestamp_utc'] + weather_numeric_cols].set_index('timestamp_utc').resample('1H').mean().reset_index()
2026-01-03 21:24:00,364 - INFO -   ✓ Predicted 2880 steps
2026-01-03 21:24:00,364 - INFO -     Power range: [0.000, 0.629]
2026-01-03 21:24:00,365 - INFO -   ↻ Updated short-head encoder: 2024-09-26 00:00:00 → 2024-09-26 23:45:00
2026-01-03 21:24:00,365 - INFO -   ↻ Updated long-head encoder: 2024-09-20 00:00:00 → 2024-09-26 23:45:00
Rolling forecasts: 43forecast [00:56,  1.25s/forecast]2026-01-03 21:24:00,365 - INFO - 
[Forecast 44] Starting: 2024-09-27 00:00:00+00:00
/home/dwijenayake/pv_forecast_30d/src/inference/physics_aware_forecaster.py:303: FutureWarning: 'H' is deprecated and will be removed in a future version, please use 'h' instead.
  hourly_hist = historical_df[['timestamp_utc'] + hist_numeric_cols].set_index('timestamp_utc').resample('1H').mean().reset_index()
/home/dwijenayake/pv_forecast_30d/src/inference/physics_aware_forecaster.py:304: FutureWarning: 'H' is deprecated and will be removed in a future version, please use 'h' instead.
  hourly_weather = weather_df[['timestamp_utc'] + weather_numeric_cols].set_index('timestamp_utc').resample('1H').mean().reset_index()
2026-01-03 21:24:01,614 - INFO -   ✓ Predicted 2880 steps
2026-01-03 21:24:01,614 - INFO -     Power range: [0.000, 0.540]
2026-01-03 21:24:01,615 - INFO -   ↻ Updated short-head encoder: 2024-10-03 00:00:00 → 2024-10-03 23:45:00
2026-01-03 21:24:01,616 - INFO -   ↻ Updated long-head encoder: 2024-09-27 00:00:00 → 2024-10-03 23:45:00
Rolling forecasts: 44forecast [00:58,  1.25s/forecast]2026-01-03 21:24:01,616 - INFO - 
[Forecast 45] Starting: 2024-10-04 00:00:00+00:00
/home/dwijenayake/pv_forecast_30d/src/inference/physics_aware_forecaster.py:303: FutureWarning: 'H' is deprecated and will be removed in a future version, please use 'h' instead.
  hourly_hist = historical_df[['timestamp_utc'] + hist_numeric_cols].set_index('timestamp_utc').resample('1H').mean().reset_index()
/home/dwijenayake/pv_forecast_30d/src/inference/physics_aware_forecaster.py:304: FutureWarning: 'H' is deprecated and will be removed in a future version, please use 'h' instead.
  hourly_weather = weather_df[['timestamp_utc'] + weather_numeric_cols].set_index('timestamp_utc').resample('1H').mean().reset_index()
2026-01-03 21:24:02,866 - INFO -   ✓ Predicted 2880 steps
2026-01-03 21:24:02,866 - INFO -     Power range: [0.000, 0.514]
2026-01-03 21:24:02,866 - INFO -   ↻ Updated short-head encoder: 2024-10-10 00:00:00 → 2024-10-10 23:45:00
2026-01-03 21:24:02,867 - INFO -   ↻ Updated long-head encoder: 2024-10-04 00:00:00 → 2024-10-10 23:45:00
Rolling forecasts: 45forecast [00:59,  1.25s/forecast]2026-01-03 21:24:02,867 - INFO - 
[Forecast 46] Starting: 2024-10-11 00:00:00+00:00

[INFO] Hierarchical 30-day forecast starting 2024-09-06 00:00:00+00:00
       Architecture: Long-head (strategic) + 30× Short-head (tactical) + Physics

[PREP] Preparing data for multi-resolution inference...
       Input frequency detected: 15min
       Resampling to hourly for long-head...
       Hourly shape: historical=(168, 33), weather=(720, 27)

[STEP 1/4] Computing PVLib physics baseline (2880 steps @ 15-min)...
          Weather window: 2880 steps (2024-09-06 00:00:00+00:00 → 2024-10-05 23:45:00+00:00)
          Using pre-computed PVLib baseline (pvlib_ac_kw column)
          PVLib shape: (2880,), range: [0.000, 0.815]

[STEP 2/4] Running long-head TFT (strategic: 720 hours @ 1-hour)...
          Long-head shape: (720,)
          Upsampling long-head to 15-min resolution...
          Long upsampled shape: (2880,)

[STEP 3/4] Rolling short-head refinement (30 days × 96 steps)...
          Day  5/30: α_short=0.65, α_long=0.35, α_ml=0.69
          Day 10/30: α_short=0.50, α_long=0.50, α_ml=0.66
          Day 15/30: α_short=0.35, α_long=0.65, α_ml=0.64
          Day 20/30: α_short=0.35, α_long=0.65, α_ml=0.61
          Day 25/30: α_short=0.35, α_long=0.65, α_ml=0.59
          Day 30/30: α_short=0.35, α_long=0.65, α_ml=0.56
          Final forecast shape: (2880,)
          Final range: [0.000, 0.657]

[STEP 4/4] Validation...
         ✓ Shape correct (2880 steps)
         ✓ Range valid [0.000, 0.657]
         ✓ All night hours zero
         ✓ Daylight mean: 0.276

[SUCCESS] Hierarchical 30-day forecast complete!
          Total TFT calls: 1 long-head + 30 short-head = 31

[INFO] Hierarchical 30-day forecast starting 2024-09-13 00:00:00+00:00
       Architecture: Long-head (strategic) + 30× Short-head (tactical) + Physics

[PREP] Preparing data for multi-resolution inference...
       Input frequency detected: 15min
       Resampling to hourly for long-head...
       Hourly shape: historical=(168, 33), weather=(720, 27)

[STEP 1/4] Computing PVLib physics baseline (2880 steps @ 15-min)...
          Weather window: 2880 steps (2024-09-13 00:00:00+00:00 → 2024-10-12 23:45:00+00:00)
          Using pre-computed PVLib baseline (pvlib_ac_kw column)
          PVLib shape: (2880,), range: [0.000, 0.815]

[STEP 2/4] Running long-head TFT (strategic: 720 hours @ 1-hour)...
          Long-head shape: (720,)
          Upsampling long-head to 15-min resolution...
          Long upsampled shape: (2880,)

[STEP 3/4] Rolling short-head refinement (30 days × 96 steps)...
          Day  5/30: α_short=0.65, α_long=0.35, α_ml=0.69
          Day 10/30: α_short=0.50, α_long=0.50, α_ml=0.66
          Day 15/30: α_short=0.35, α_long=0.65, α_ml=0.64
          Day 20/30: α_short=0.35, α_long=0.65, α_ml=0.61
          Day 25/30: α_short=0.35, α_long=0.65, α_ml=0.59
          Day 30/30: α_short=0.35, α_long=0.65, α_ml=0.56
          Final forecast shape: (2880,)
          Final range: [0.000, 0.630]

[STEP 4/4] Validation...
         ✓ Shape correct (2880 steps)
         ✓ Range valid [0.000, 0.630]
         ✓ All night hours zero
         ✓ Daylight mean: 0.277

[SUCCESS] Hierarchical 30-day forecast complete!
          Total TFT calls: 1 long-head + 30 short-head = 31

[INFO] Hierarchical 30-day forecast starting 2024-09-20 00:00:00+00:00
       Architecture: Long-head (strategic) + 30× Short-head (tactical) + Physics

[PREP] Preparing data for multi-resolution inference...
       Input frequency detected: 15min
       Resampling to hourly for long-head...
       Hourly shape: historical=(168, 33), weather=(720, 27)

[STEP 1/4] Computing PVLib physics baseline (2880 steps @ 15-min)...
          Weather window: 2880 steps (2024-09-20 00:00:00+00:00 → 2024-10-19 23:45:00+00:00)
          Using pre-computed PVLib baseline (pvlib_ac_kw column)
          PVLib shape: (2880,), range: [0.000, 0.806]

[STEP 2/4] Running long-head TFT (strategic: 720 hours @ 1-hour)...
          Long-head shape: (720,)
          Upsampling long-head to 15-min resolution...
          Long upsampled shape: (2880,)

[STEP 3/4] Rolling short-head refinement (30 days × 96 steps)...
          Day  5/30: α_short=0.65, α_long=0.35, α_ml=0.69
          Day 10/30: α_short=0.50, α_long=0.50, α_ml=0.66
          Day 15/30: α_short=0.35, α_long=0.65, α_ml=0.64
          Day 20/30: α_short=0.35, α_long=0.65, α_ml=0.61
          Day 25/30: α_short=0.35, α_long=0.65, α_ml=0.59
          Day 30/30: α_short=0.35, α_long=0.65, α_ml=0.56
          Final forecast shape: (2880,)
          Final range: [0.000, 0.629]

[STEP 4/4] Validation...
         ✓ Shape correct (2880 steps)
         ✓ Range valid [0.000, 0.629]
         ✓ All night hours zero
         ✓ Daylight mean: 0.263

[SUCCESS] Hierarchical 30-day forecast complete!
          Total TFT calls: 1 long-head + 30 short-head = 31

[INFO] Hierarchical 30-day forecast starting 2024-09-27 00:00:00+00:00
       Architecture: Long-head (strategic) + 30× Short-head (tactical) + Physics

[PREP] Preparing data for multi-resolution inference...
       Input frequency detected: 15min
       Resampling to hourly for long-head...
       Hourly shape: historical=(168, 33), weather=(720, 27)

[STEP 1/4] Computing PVLib physics baseline (2880 steps @ 15-min)...
          Weather window: 2880 steps (2024-09-27 00:00:00+00:00 → 2024-10-26 23:45:00+00:00)
          Using pre-computed PVLib baseline (pvlib_ac_kw column)
          PVLib shape: (2880,), range: [0.000, 0.756]

[STEP 2/4] Running long-head TFT (strategic: 720 hours @ 1-hour)...
          Long-head shape: (720,)
          Upsampling long-head to 15-min resolution...
          Long upsampled shape: (2880,)

[STEP 3/4] Rolling short-head refinement (30 days × 96 steps)...
          Day  5/30: α_short=0.65, α_long=0.35, α_ml=0.69
          Day 10/30: α_short=0.50, α_long=0.50, α_ml=0.66
          Day 15/30: α_short=0.35, α_long=0.65, α_ml=0.64
          Day 20/30: α_short=0.35, α_long=0.65, α_ml=0.61
          Day 25/30: α_short=0.35, α_long=0.65, α_ml=0.59
          Day 30/30: α_short=0.35, α_long=0.65, α_ml=0.56
          Final forecast shape: (2880,)
          Final range: [0.000, 0.540]

[STEP 4/4] Validation...
         ✓ Shape correct (2880 steps)
         ✓ Range valid [0.000, 0.540]
         ✓ All night hours zero
         ✓ Daylight mean: 0.232

[SUCCESS] Hierarchical 30-day forecast complete!
          Total TFT calls: 1 long-head + 30 short-head = 31

[INFO] Hierarchical 30-day forecast starting 2024-10-04 00:00:00+00:00
       Architecture: Long-head (strategic) + 30× Short-head (tactical) + Physics

[PREP] Preparing data for multi-resolution inference...
       Input frequency detected: 15min
       Resampling to hourly for long-head...
       Hourly shape: historical=(168, 33), weather=(720, 27)

[STEP 1/4] Computing PVLib physics baseline (2880 steps @ 15-min)...
          Weather window: 2880 steps (2024-10-04 00:00:00+00:00 → 2024-11-02 23:45:00+00:00)
          Using pre-computed PVLib baseline (pvlib_ac_kw column)
          PVLib shape: (2880,), range: [0.000, 0.756]

[STEP 2/4] Running long-head TFT (strategic: 720 hours @ 1-hour)...
          Long-head shape: (720,)
          Upsampling long-head to 15-min resolution...
          Long upsampled shape: (2880,)

[STEP 3/4] Rolling short-head refinement (30 days × 96 steps)...
          Day  5/30: α_short=0.65, α_long=0.35, α_ml=0.69
          Day 10/30: α_short=0.50, α_long=0.50, α_ml=0.66
          Day 15/30: α_short=0.35, α_long=0.65, α_ml=0.64
          Day 20/30: α_short=0.35, α_long=0.65, α_ml=0.61
          Day 25/30: α_short=0.35, α_long=0.65, α_ml=0.59
          Day 30/30: α_short=0.35, α_long=0.65, α_ml=0.56
          Final forecast shape: (2880,)
          Final range: [0.000, 0.514]

[STEP 4/4] Validation...
         ✓ Shape correct (2880 steps)
         ✓ Range valid [0.000, 0.514]
         ✓ All night hours zero
         ✓ Daylight mean: 0.216

[SUCCESS] Hierarchical 30-day forecast complete!
          Total TFT calls: 1 long-head + 30 short-head = 31
/home/dwijenayake/pv_forecast_30d/src/inference/physics_aware_forecaster.py:303: FutureWarning: 'H' is deprecated and will be removed in a future version, please use 'h' instead.
  hourly_hist = historical_df[['timestamp_utc'] + hist_numeric_cols].set_index('timestamp_utc').resample('1H').mean().reset_index()
/home/dwijenayake/pv_forecast_30d/src/inference/physics_aware_forecaster.py:304: FutureWarning: 'H' is deprecated and will be removed in a future version, please use 'h' instead.
  hourly_weather = weather_df[['timestamp_utc'] + weather_numeric_cols].set_index('timestamp_utc').resample('1H').mean().reset_index()
2026-01-03 21:24:04,114 - INFO -   ✓ Predicted 2880 steps
2026-01-03 21:24:04,114 - INFO -     Power range: [0.000, 0.514]
2026-01-03 21:24:04,115 - INFO -   ↻ Updated short-head encoder: 2024-10-17 00:00:00 → 2024-10-17 23:45:00
2026-01-03 21:24:04,116 - INFO -   ↻ Updated long-head encoder: 2024-10-11 00:00:00 → 2024-10-17 23:45:00
Rolling forecasts: 46forecast [01:00,  1.25s/forecast]2026-01-03 21:24:04,116 - INFO - 
[Forecast 47] Starting: 2024-10-18 00:00:00+00:00
/home/dwijenayake/pv_forecast_30d/src/inference/physics_aware_forecaster.py:303: FutureWarning: 'H' is deprecated and will be removed in a future version, please use 'h' instead.
  hourly_hist = historical_df[['timestamp_utc'] + hist_numeric_cols].set_index('timestamp_utc').resample('1H').mean().reset_index()
/home/dwijenayake/pv_forecast_30d/src/inference/physics_aware_forecaster.py:304: FutureWarning: 'H' is deprecated and will be removed in a future version, please use 'h' instead.
  hourly_weather = weather_df[['timestamp_utc'] + weather_numeric_cols].set_index('timestamp_utc').resample('1H').mean().reset_index()
2026-01-03 21:24:05,358 - INFO -   ✓ Predicted 2880 steps
2026-01-03 21:24:05,358 - INFO -     Power range: [0.000, 0.506]
2026-01-03 21:24:05,358 - INFO -   ↻ Updated short-head encoder: 2024-10-24 00:00:00 → 2024-10-24 23:45:00
2026-01-03 21:24:05,359 - INFO -   ↻ Updated long-head encoder: 2024-10-18 00:00:00 → 2024-10-24 23:45:00
Rolling forecasts: 47forecast [01:01,  1.25s/forecast]2026-01-03 21:24:05,360 - INFO - 
[Forecast 48] Starting: 2024-10-25 00:00:00+00:00
/home/dwijenayake/pv_forecast_30d/src/inference/physics_aware_forecaster.py:303: FutureWarning: 'H' is deprecated and will be removed in a future version, please use 'h' instead.
  hourly_hist = historical_df[['timestamp_utc'] + hist_numeric_cols].set_index('timestamp_utc').resample('1H').mean().reset_index()
/home/dwijenayake/pv_forecast_30d/src/inference/physics_aware_forecaster.py:304: FutureWarning: 'H' is deprecated and will be removed in a future version, please use 'h' instead.
  hourly_weather = weather_df[['timestamp_utc'] + weather_numeric_cols].set_index('timestamp_utc').resample('1H').mean().reset_index()
2026-01-03 21:24:06,603 - INFO -   ✓ Predicted 2880 steps
2026-01-03 21:24:06,603 - INFO -     Power range: [0.000, 0.473]
2026-01-03 21:24:06,604 - INFO -   ↻ Updated short-head encoder: 2024-10-31 00:00:00 → 2024-10-31 23:45:00
2026-01-03 21:24:06,605 - INFO -   ↻ Updated long-head encoder: 2024-10-25 00:00:00 → 2024-10-31 23:45:00
Rolling forecasts: 48forecast [01:03,  1.25s/forecast]2026-01-03 21:24:06,605 - INFO - 
[Forecast 49] Starting: 2024-11-01 00:00:00+00:00
/home/dwijenayake/pv_forecast_30d/src/inference/physics_aware_forecaster.py:303: FutureWarning: 'H' is deprecated and will be removed in a future version, please use 'h' instead.
  hourly_hist = historical_df[['timestamp_utc'] + hist_numeric_cols].set_index('timestamp_utc').resample('1H').mean().reset_index()
/home/dwijenayake/pv_forecast_30d/src/inference/physics_aware_forecaster.py:304: FutureWarning: 'H' is deprecated and will be removed in a future version, please use 'h' instead.
  hourly_weather = weather_df[['timestamp_utc'] + weather_numeric_cols].set_index('timestamp_utc').resample('1H').mean().reset_index()
2026-01-03 21:24:07,851 - INFO -   ✓ Predicted 2880 steps
2026-01-03 21:24:07,851 - INFO -     Power range: [0.000, 0.502]
2026-01-03 21:24:07,852 - INFO -   ↻ Updated short-head encoder: 2024-11-07 00:00:00 → 2024-11-07 23:45:00
2026-01-03 21:24:07,853 - INFO -   ↻ Updated long-head encoder: 2024-11-01 00:00:00 → 2024-11-07 23:45:00
Rolling forecasts: 49forecast [01:04,  1.25s/forecast]2026-01-03 21:24:07,853 - INFO - 
[Forecast 50] Starting: 2024-11-08 00:00:00+00:00
/home/dwijenayake/pv_forecast_30d/src/inference/physics_aware_forecaster.py:303: FutureWarning: 'H' is deprecated and will be removed in a future version, please use 'h' instead.
  hourly_hist = historical_df[['timestamp_utc'] + hist_numeric_cols].set_index('timestamp_utc').resample('1H').mean().reset_index()
/home/dwijenayake/pv_forecast_30d/src/inference/physics_aware_forecaster.py:304: FutureWarning: 'H' is deprecated and will be removed in a future version, please use 'h' instead.
  hourly_weather = weather_df[['timestamp_utc'] + weather_numeric_cols].set_index('timestamp_utc').resample('1H').mean().reset_index()
2026-01-03 21:24:09,106 - INFO -   ✓ Predicted 2880 steps
2026-01-03 21:24:09,106 - INFO -     Power range: [0.000, 0.345]
2026-01-03 21:24:09,106 - INFO -   ↻ Updated short-head encoder: 2024-11-14 00:00:00 → 2024-11-14 23:45:00
2026-01-03 21:24:09,107 - INFO -   ↻ Updated long-head encoder: 2024-11-08 00:00:00 → 2024-11-14 23:45:00
Rolling forecasts: 50forecast [01:05,  1.25s/forecast]2026-01-03 21:24:09,107 - INFO - 
[Forecast 51] Starting: 2024-11-15 00:00:00+00:00

[INFO] Hierarchical 30-day forecast starting 2024-10-11 00:00:00+00:00
       Architecture: Long-head (strategic) + 30× Short-head (tactical) + Physics

[PREP] Preparing data for multi-resolution inference...
       Input frequency detected: 15min
       Resampling to hourly for long-head...
       Hourly shape: historical=(168, 33), weather=(720, 27)

[STEP 1/4] Computing PVLib physics baseline (2880 steps @ 15-min)...
          Weather window: 2880 steps (2024-10-11 00:00:00+00:00 → 2024-11-09 23:45:00+00:00)
          Using pre-computed PVLib baseline (pvlib_ac_kw column)
          PVLib shape: (2880,), range: [0.000, 0.748]

[STEP 2/4] Running long-head TFT (strategic: 720 hours @ 1-hour)...
          Long-head shape: (720,)
          Upsampling long-head to 15-min resolution...
          Long upsampled shape: (2880,)

[STEP 3/4] Rolling short-head refinement (30 days × 96 steps)...
          Day  5/30: α_short=0.65, α_long=0.35, α_ml=0.69
          Day 10/30: α_short=0.50, α_long=0.50, α_ml=0.66
          Day 15/30: α_short=0.35, α_long=0.65, α_ml=0.64
          Day 20/30: α_short=0.35, α_long=0.65, α_ml=0.61
          Day 25/30: α_short=0.35, α_long=0.65, α_ml=0.59
          Day 30/30: α_short=0.35, α_long=0.65, α_ml=0.56
          Final forecast shape: (2880,)
          Final range: [0.000, 0.514]

[STEP 4/4] Validation...
         ✓ Shape correct (2880 steps)
         ✓ Range valid [0.000, 0.514]
         ✓ All night hours zero
         ✓ Daylight mean: 0.196

[SUCCESS] Hierarchical 30-day forecast complete!
          Total TFT calls: 1 long-head + 30 short-head = 31

[INFO] Hierarchical 30-day forecast starting 2024-10-18 00:00:00+00:00
       Architecture: Long-head (strategic) + 30× Short-head (tactical) + Physics

[PREP] Preparing data for multi-resolution inference...
       Input frequency detected: 15min
       Resampling to hourly for long-head...
       Hourly shape: historical=(168, 33), weather=(720, 27)

[STEP 1/4] Computing PVLib physics baseline (2880 steps @ 15-min)...
          Weather window: 2880 steps (2024-10-18 00:00:00+00:00 → 2024-11-16 23:45:00+00:00)
          Using pre-computed PVLib baseline (pvlib_ac_kw column)
          PVLib shape: (2880,), range: [0.000, 0.698]

[STEP 2/4] Running long-head TFT (strategic: 720 hours @ 1-hour)...
          Long-head shape: (720,)
          Upsampling long-head to 15-min resolution...
          Long upsampled shape: (2880,)

[STEP 3/4] Rolling short-head refinement (30 days × 96 steps)...
          Day  5/30: α_short=0.65, α_long=0.35, α_ml=0.69
          Day 10/30: α_short=0.50, α_long=0.50, α_ml=0.66
          Day 15/30: α_short=0.35, α_long=0.65, α_ml=0.64
          Day 20/30: α_short=0.35, α_long=0.65, α_ml=0.61
          Day 25/30: α_short=0.35, α_long=0.65, α_ml=0.59
          Day 30/30: α_short=0.35, α_long=0.65, α_ml=0.56
          Final forecast shape: (2880,)
          Final range: [0.000, 0.506]

[STEP 4/4] Validation...
         ✓ Shape correct (2880 steps)
         ✓ Range valid [0.000, 0.506]
         ✓ All night hours zero
         ✓ Daylight mean: 0.168

[SUCCESS] Hierarchical 30-day forecast complete!
          Total TFT calls: 1 long-head + 30 short-head = 31

[INFO] Hierarchical 30-day forecast starting 2024-10-25 00:00:00+00:00
       Architecture: Long-head (strategic) + 30× Short-head (tactical) + Physics

[PREP] Preparing data for multi-resolution inference...
       Input frequency detected: 15min
       Resampling to hourly for long-head...
       Hourly shape: historical=(168, 33), weather=(720, 27)

[STEP 1/4] Computing PVLib physics baseline (2880 steps @ 15-min)...
          Weather window: 2880 steps (2024-10-25 00:00:00+00:00 → 2024-11-23 23:45:00+00:00)
          Using pre-computed PVLib baseline (pvlib_ac_kw column)
          PVLib shape: (2880,), range: [0.000, 0.698]

[STEP 2/4] Running long-head TFT (strategic: 720 hours @ 1-hour)...
          Long-head shape: (720,)
          Upsampling long-head to 15-min resolution...
          Long upsampled shape: (2880,)

[STEP 3/4] Rolling short-head refinement (30 days × 96 steps)...
          Day  5/30: α_short=0.65, α_long=0.35, α_ml=0.69
          Day 10/30: α_short=0.50, α_long=0.50, α_ml=0.66
          Day 15/30: α_short=0.35, α_long=0.65, α_ml=0.64
          Day 20/30: α_short=0.35, α_long=0.65, α_ml=0.61
          Day 25/30: α_short=0.35, α_long=0.65, α_ml=0.59
          Day 30/30: α_short=0.35, α_long=0.65, α_ml=0.56
          Final forecast shape: (2880,)
          Final range: [0.000, 0.473]

[STEP 4/4] Validation...
         ✓ Shape correct (2880 steps)
         ✓ Range valid [0.000, 0.473]
         ✓ All night hours zero
         ✓ Daylight mean: 0.151

[SUCCESS] Hierarchical 30-day forecast complete!
          Total TFT calls: 1 long-head + 30 short-head = 31

[INFO] Hierarchical 30-day forecast starting 2024-11-01 00:00:00+00:00
       Architecture: Long-head (strategic) + 30× Short-head (tactical) + Physics

[PREP] Preparing data for multi-resolution inference...
       Input frequency detected: 15min
       Resampling to hourly for long-head...
       Hourly shape: historical=(168, 33), weather=(720, 27)

[STEP 1/4] Computing PVLib physics baseline (2880 steps @ 15-min)...
          Weather window: 2880 steps (2024-11-01 00:00:00+00:00 → 2024-11-30 23:45:00+00:00)
          Using pre-computed PVLib baseline (pvlib_ac_kw column)
          PVLib shape: (2880,), range: [0.000, 0.698]

[STEP 2/4] Running long-head TFT (strategic: 720 hours @ 1-hour)...
          Long-head shape: (720,)
          Upsampling long-head to 15-min resolution...
          Long upsampled shape: (2880,)

[STEP 3/4] Rolling short-head refinement (30 days × 96 steps)...
          Day  5/30: α_short=0.65, α_long=0.35, α_ml=0.69
          Day 10/30: α_short=0.50, α_long=0.50, α_ml=0.66
          Day 15/30: α_short=0.35, α_long=0.65, α_ml=0.64
          Day 20/30: α_short=0.35, α_long=0.65, α_ml=0.61
          Day 25/30: α_short=0.35, α_long=0.65, α_ml=0.59
          Day 30/30: α_short=0.35, α_long=0.65, α_ml=0.56
          Final forecast shape: (2880,)
          Final range: [0.000, 0.502]

[STEP 4/4] Validation...
         ✓ Shape correct (2880 steps)
         ✓ Range valid [0.000, 0.502]
         ✓ All night hours zero
         ✓ Daylight mean: 0.143

[SUCCESS] Hierarchical 30-day forecast complete!
          Total TFT calls: 1 long-head + 30 short-head = 31

[INFO] Hierarchical 30-day forecast starting 2024-11-08 00:00:00+00:00
       Architecture: Long-head (strategic) + 30× Short-head (tactical) + Physics

[PREP] Preparing data for multi-resolution inference...
       Input frequency detected: 15min
       Resampling to hourly for long-head...
       Hourly shape: historical=(168, 33), weather=(720, 27)

[STEP 1/4] Computing PVLib physics baseline (2880 steps @ 15-min)...
          Weather window: 2880 steps (2024-11-08 00:00:00+00:00 → 2024-12-07 23:45:00+00:00)
          Using pre-computed PVLib baseline (pvlib_ac_kw column)
          PVLib shape: (2880,), range: [0.000, 0.649]

[STEP 2/4] Running long-head TFT (strategic: 720 hours @ 1-hour)...
          Long-head shape: (720,)
          Upsampling long-head to 15-min resolution...
          Long upsampled shape: (2880,)

[STEP 3/4] Rolling short-head refinement (30 days × 96 steps)...
          Day  5/30: α_short=0.65, α_long=0.35, α_ml=0.69
          Day 10/30: α_short=0.50, α_long=0.50, α_ml=0.66
          Day 15/30: α_short=0.35, α_long=0.65, α_ml=0.64
          Day 20/30: α_short=0.35, α_long=0.65, α_ml=0.61
          Day 25/30: α_short=0.35, α_long=0.65, α_ml=0.59
          Day 30/30: α_short=0.35, α_long=0.65, α_ml=0.56
          Final forecast shape: (2880,)
          Final range: [0.000, 0.345]

[STEP 4/4] Validation...
         ✓ Shape correct (2880 steps)
         ✓ Range valid [0.000, 0.345]
         ✓ All night hours zero
         ✓ Daylight mean: 0.127

[SUCCESS] Hierarchical 30-day forecast complete!
          Total TFT calls: 1 long-head + 30 short-head = 31
/home/dwijenayake/pv_forecast_30d/src/inference/physics_aware_forecaster.py:303: FutureWarning: 'H' is deprecated and will be removed in a future version, please use 'h' instead.
  hourly_hist = historical_df[['timestamp_utc'] + hist_numeric_cols].set_index('timestamp_utc').resample('1H').mean().reset_index()
/home/dwijenayake/pv_forecast_30d/src/inference/physics_aware_forecaster.py:304: FutureWarning: 'H' is deprecated and will be removed in a future version, please use 'h' instead.
  hourly_weather = weather_df[['timestamp_utc'] + weather_numeric_cols].set_index('timestamp_utc').resample('1H').mean().reset_index()
2026-01-03 21:24:10,350 - INFO -   ✓ Predicted 2880 steps
2026-01-03 21:24:10,350 - INFO -     Power range: [0.000, 0.395]
2026-01-03 21:24:10,351 - INFO -   ↻ Updated short-head encoder: 2024-11-21 00:00:00 → 2024-11-21 23:45:00
2026-01-03 21:24:10,351 - INFO -   ↻ Updated long-head encoder: 2024-11-15 00:00:00 → 2024-11-21 23:45:00
Rolling forecasts: 51forecast [01:06,  1.25s/forecast]2026-01-03 21:24:10,351 - INFO - 
[Forecast 52] Starting: 2024-11-22 00:00:00+00:00
/home/dwijenayake/pv_forecast_30d/src/inference/physics_aware_forecaster.py:303: FutureWarning: 'H' is deprecated and will be removed in a future version, please use 'h' instead.
  hourly_hist = historical_df[['timestamp_utc'] + hist_numeric_cols].set_index('timestamp_utc').resample('1H').mean().reset_index()
/home/dwijenayake/pv_forecast_30d/src/inference/physics_aware_forecaster.py:304: FutureWarning: 'H' is deprecated and will be removed in a future version, please use 'h' instead.
  hourly_weather = weather_df[['timestamp_utc'] + weather_numeric_cols].set_index('timestamp_utc').resample('1H').mean().reset_index()
2026-01-03 21:24:11,596 - INFO -   ✓ Predicted 2880 steps
2026-01-03 21:24:11,596 - INFO -     Power range: [0.000, 0.373]
2026-01-03 21:24:11,597 - INFO -   ↻ Updated short-head encoder: 2024-11-28 00:00:00 → 2024-11-28 23:45:00
2026-01-03 21:24:11,598 - INFO -   ↻ Updated long-head encoder: 2024-11-22 00:00:00 → 2024-11-28 23:45:00
Rolling forecasts: 52forecast [01:08,  1.25s/forecast]2026-01-03 21:24:11,598 - INFO - 
[Forecast 53] Starting: 2024-11-29 00:00:00+00:00
/home/dwijenayake/pv_forecast_30d/src/inference/physics_aware_forecaster.py:303: FutureWarning: 'H' is deprecated and will be removed in a future version, please use 'h' instead.
  hourly_hist = historical_df[['timestamp_utc'] + hist_numeric_cols].set_index('timestamp_utc').resample('1H').mean().reset_index()
/home/dwijenayake/pv_forecast_30d/src/inference/physics_aware_forecaster.py:304: FutureWarning: 'H' is deprecated and will be removed in a future version, please use 'h' instead.
  hourly_weather = weather_df[['timestamp_utc'] + weather_numeric_cols].set_index('timestamp_utc').resample('1H').mean().reset_index()
2026-01-03 21:24:12,842 - INFO -   ✓ Predicted 2880 steps
2026-01-03 21:24:12,842 - INFO -     Power range: [0.000, 0.368]
2026-01-03 21:24:12,843 - INFO -   ↻ Updated short-head encoder: 2024-12-05 00:00:00 → 2024-12-05 23:45:00
2026-01-03 21:24:12,844 - INFO -   ↻ Updated long-head encoder: 2024-11-29 00:00:00 → 2024-12-05 23:45:00
Rolling forecasts: 53forecast [01:09,  1.25s/forecast]2026-01-03 21:24:12,844 - INFO - 
[Forecast 54] Starting: 2024-12-06 00:00:00+00:00
2026-01-03 21:24:12,845 - WARNING -   Not enough 15min weather (2493 < 2880), stopping
Rolling forecasts: 53forecast [01:09,  1.31s/forecast]
2026-01-03 21:24:12,845 - INFO - 
✅ Completed 53 forecasts
2026-01-03 21:24:12,845 - INFO - Flattening predictions...
2026-01-03 21:24:13,462 - INFO - ✓ Saved predictions: /home/dwijenayake/pv_forecast_30d/data/processed/test_phase1_dec2023_dec2024/predictions_phase1.parquet
2026-01-03 21:24:13,462 - INFO -   Total timesteps: 152,640
2026-01-03 21:24:13,463 - INFO -   Date range: 2023-12-01 00:00:00 → 2024-12-28 23:45:00
2026-01-03 21:24:13,476 - INFO - 
======================================================================
2026-01-03 21:24:13,476 - INFO - PHASE 1 COMPLETE
2026-01-03 21:24:13,476 - INFO - ======================================================================
2026-01-03 21:24:13,476 - INFO - Predictions saved: /home/dwijenayake/pv_forecast_30d/data/processed/test_phase1_dec2023_dec2024/predictions_phase1.parquet
2026-01-03 21:24:13,476 - INFO - 
Next step: Generate RL transitions from predictions

[INFO] Hierarchical 30-day forecast starting 2024-11-15 00:00:00+00:00
       Architecture: Long-head (strategic) + 30× Short-head (tactical) + Physics

[PREP] Preparing data for multi-resolution inference...
       Input frequency detected: 15min
       Resampling to hourly for long-head...
       Hourly shape: historical=(168, 33), weather=(720, 27)

[STEP 1/4] Computing PVLib physics baseline (2880 steps @ 15-min)...
          Weather window: 2880 steps (2024-11-15 00:00:00+00:00 → 2024-12-14 23:45:00+00:00)
          Using pre-computed PVLib baseline (pvlib_ac_kw column)
          PVLib shape: (2880,), range: [0.000, 0.649]

[STEP 2/4] Running long-head TFT (strategic: 720 hours @ 1-hour)...
          Long-head shape: (720,)
          Upsampling long-head to 15-min resolution...
          Long upsampled shape: (2880,)

[STEP 3/4] Rolling short-head refinement (30 days × 96 steps)...
          Day  5/30: α_short=0.65, α_long=0.35, α_ml=0.69
          Day 10/30: α_short=0.50, α_long=0.50, α_ml=0.66
          Day 15/30: α_short=0.35, α_long=0.65, α_ml=0.64
          Day 20/30: α_short=0.35, α_long=0.65, α_ml=0.61
          Day 25/30: α_short=0.35, α_long=0.65, α_ml=0.59
          Day 30/30: α_short=0.35, α_long=0.65, α_ml=0.56
          Final forecast shape: (2880,)
          Final range: [0.000, 0.395]

[STEP 4/4] Validation...
         ✓ Shape correct (2880 steps)
         ✓ Range valid [0.000, 0.395]
         ✓ All night hours zero
         ✓ Daylight mean: 0.134

[SUCCESS] Hierarchical 30-day forecast complete!
          Total TFT calls: 1 long-head + 30 short-head = 31

[INFO] Hierarchical 30-day forecast starting 2024-11-22 00:00:00+00:00
       Architecture: Long-head (strategic) + 30× Short-head (tactical) + Physics

[PREP] Preparing data for multi-resolution inference...
       Input frequency detected: 15min
       Resampling to hourly for long-head...
       Hourly shape: historical=(168, 33), weather=(720, 27)

[STEP 1/4] Computing PVLib physics baseline (2880 steps @ 15-min)...
          Weather window: 2880 steps (2024-11-22 00:00:00+00:00 → 2024-12-21 23:45:00+00:00)
          Using pre-computed PVLib baseline (pvlib_ac_kw column)
          PVLib shape: (2880,), range: [0.000, 0.649]

[STEP 2/4] Running long-head TFT (strategic: 720 hours @ 1-hour)...
          Long-head shape: (720,)
          Upsampling long-head to 15-min resolution...
          Long upsampled shape: (2880,)

[STEP 3/4] Rolling short-head refinement (30 days × 96 steps)...
          Day  5/30: α_short=0.65, α_long=0.35, α_ml=0.69
          Day 10/30: α_short=0.50, α_long=0.50, α_ml=0.66
          Day 15/30: α_short=0.35, α_long=0.65, α_ml=0.64
          Day 20/30: α_short=0.35, α_long=0.65, α_ml=0.61
          Day 25/30: α_short=0.35, α_long=0.65, α_ml=0.59
          Day 30/30: α_short=0.35, α_long=0.65, α_ml=0.56
          Final forecast shape: (2880,)
          Final range: [0.000, 0.373]

[STEP 4/4] Validation...
         ✓ Shape correct (2880 steps)
         ✓ Range valid [0.000, 0.373]
         ✓ All night hours zero
         ✓ Daylight mean: 0.141

[SUCCESS] Hierarchical 30-day forecast complete!
          Total TFT calls: 1 long-head + 30 short-head = 31

[INFO] Hierarchical 30-day forecast starting 2024-11-29 00:00:00+00:00
       Architecture: Long-head (strategic) + 30× Short-head (tactical) + Physics

[PREP] Preparing data for multi-resolution inference...
       Input frequency detected: 15min
       Resampling to hourly for long-head...
       Hourly shape: historical=(168, 33), weather=(720, 27)

[STEP 1/4] Computing PVLib physics baseline (2880 steps @ 15-min)...
          Weather window: 2880 steps (2024-11-29 00:00:00+00:00 → 2024-12-28 23:45:00+00:00)
          Using pre-computed PVLib baseline (pvlib_ac_kw column)
          PVLib shape: (2880,), range: [0.000, 0.615]

[STEP 2/4] Running long-head TFT (strategic: 720 hours @ 1-hour)...
          Long-head shape: (720,)
          Upsampling long-head to 15-min resolution...
          Long upsampled shape: (2880,)

[STEP 3/4] Rolling short-head refinement (30 days × 96 steps)...
          Day  5/30: α_short=0.65, α_long=0.35, α_ml=0.69
          Day 10/30: α_short=0.50, α_long=0.50, α_ml=0.66
          Day 15/30: α_short=0.35, α_long=0.65, α_ml=0.64
          Day 20/30: α_short=0.35, α_long=0.65, α_ml=0.61
          Day 25/30: α_short=0.35, α_long=0.65, α_ml=0.59
          Day 30/30: α_short=0.35, α_long=0.65, α_ml=0.56
          Final forecast shape: (2880,)
          Final range: [0.000, 0.368]

[STEP 4/4] Validation...
         ✓ Shape correct (2880 steps)
         ✓ Range valid [0.000, 0.368]
         ✓ All night hours zero
         ✓ Daylight mean: 0.153

[SUCCESS] Hierarchical 30-day forecast complete!
          Total TFT calls: 1 long-head + 30 short-head = 31
